KW,CHWTON,HTmmBTU
13641.35,6081.2447,3331.41
13752.42,5912.04183,3419.31
13761.52,5990.40059,3387.08
13713.8,5795.59396,3442.75
13442.95,6003.20247,3486.7
13599.95,5842.82727,3586.32
13218.83,6474.05843,3565.81
13214.5,6288.36083,3732.82
12593.3,6461.88961,3724.03
11845.6,6332.74537,3510.14
12342.05,7386.82544,3322.62
12876.98,8439.00633,2959.3
13038.53,9453.696,2789.36
13120.1,10275.37271,2733.69
13301.9,10662.59441,2686.81
14071.13,11674.01327,2672.16
13782.42,11655.30283,2698.53
13292.23,10790.68355,2865.54
13204.17,9648.57297,2973.95
12993.15,8856.8611,3053.06
12851.38,8536.14587,3170.26
12581.2,7729.97913,3173.19
12266.25,7144.60965,3305.04
11582.92,6183.76525,3331.41
11138.0,5419.09911,3507.21
11160.85,5406.47308,3562.88
11802.48,5560.377,3551.16
11732.4,5723.03825,3636.13
11395.85,5491.72516,3852.95
11759.15,5418.32537,3955.5
12952.85,6102.80391,3984.8
13019.33,6085.95748,4151.81
12553.23,6255.89892,4014.1
12166.5,6052.58115,3823.65
13015.22,7366.21582,3735.75
13051.25,7900.9405,3381.22
13203.02,8806.74385,2973.95
13144.95,9603.62571,2877.26
13331.35,9769.90947,2809.87
13793.42,10277.7291,2818.66
13822.03,11247.29566,2762.99
12811.7,9956.52149,2877.26
12750.58,8882.11316,3006.18
12604.7,8281.76126,3073.57
12386.98,7674.05883,3246.44
11821.52,6948.95894,3275.74
11491.9,6141.87778,3278.67
11822.13,6227.16503,3346.06
11279.3,5527.77441,3501.35
11185.08,5348.58326,3554.09
11246.9,5088.71213,3612.69
11990.4,5701.37353,3735.75
11469.58,5315.03108,3850.02
11870.23,5416.84823,3937.92
12670.95,5526.50829,4063.91
13039.83,6154.78517,4189.9
12917.35,6021.38536,4163.53
12740.8,6446.76651,3844.16
12694.75,6874.36337,3726.96
12766.98,7335.7586,3398.8
12996.3,8016.15742,2968.09
13112.88,9149.86237,2891.91
13124.73,9955.71258,2777.64
13255.15,10517.97537,2757.13
13356.27,10922.28969,2751.27
13274.72,10279.27658,2883.12
13165.1,9239.29968,2968.09
12843.63,8668.20922,2997.39
12633.63,7848.1855,3076.5
12381.0,7280.57687,3140.96
12174.47,6903.62481,3173.19
11906.58,6207.57534,3284.53
12142.2,5980.41231,3439.82
12214.3,5649.95499,3518.93
12322.65,5689.0992,3653.71
12388.63,5530.97488,3738.68
12587.65,6036.19193,3806.07
13157.2,5980.13095,4216.27
13745.8,6659.54501,4251.43
14080.67,6256.70783,4415.51
13831.4,6736.49697,4301.24
13825.32,6719.47469,3978.94
13953.9,8056.56775,3498.42
14289.55,9288.81904,3161.47
14529.97,10357.00228,3073.57
15350.0,12152.36044,2906.56
15590.88,13410.00447,2821.59
15437.1,13866.19454,2850.89
15516.15,14084.56507,2818.66
15253.28,13179.46512,2897.77
13850.9,11447.30745,2968.09
13533.58,10387.03746,3014.97
13233.35,9767.0607,2924.14
12844.38,9072.20701,2874.33
12473.6,8426.76717,2806.94
12112.15,7272.24158,2924.14
12317.55,6572.00688,3132.17
12332.05,6633.48404,3193.7
12216.05,6086.90707,3190.77
12387.47,6393.87083,3284.53
12456.55,6116.66089,3457.4
13083.8,6701.71384,3662.5
13359.63,6724.60951,3940.85
13192.65,6984.44547,4128.37
12967.1,6676.91899,4116.65
12967.42,7376.23927,3902.76
13145.73,8309.19386,3463.26
13582.65,10592.11373,3012.04
13827.52,12310.34408,2877.26
13996.92,13790.93074,2783.5
14012.7,14832.70131,2707.32
13885.4,15278.9031,2666.3
13817.3,15134.49508,2663.37
13585.2,13924.82293,2666.3
13232.65,12411.63368,2795.22
12802.75,11389.34729,2853.82
12935.45,10188.92485,2874.33
13709.63,9512.35956,2944.65
14940.42,8199.49863,2888.98
14717.33,7205.10205,3044.27
14638.58,6795.44189,3099.94
14483.65,6375.05488,3193.7
14335.6,6482.60474,3264.02
14307.9,6162.45223,3357.78
14373.77,6592.54616,3606.83
14599.83,6394.43355,3902.76
14975.47,6822.76898,4002.38
14495.42,6597.25894,4125.44
13766.43,7173.83592,4128.37
13344.78,7271.96022,3858.81
13314.48,8902.12489,3425.17
13799.3,11369.08937,3000.32
14130.27,13687.70679,2871.4
14125.4,14685.90173,2894.84
14098.25,15346.64052,2804.01
13881.63,15335.10476,2871.4
13647.83,14449.77035,2789.36
13427.85,13935.4091,2789.36
13131.9,12450.5317,2847.96
12666.1,11235.54888,2965.16
12494.75,10408.9132,2944.65
13925.3,9499.52251,2883.12
14999.13,8553.27366,2938.79
14236.92,7197.36465,3067.71
13769.5,6157.52843,3287.46
13863.63,6277.845,3316.76
14045.58,6255.05484,3390.01
14034.6,5962.29976,3480.84
14095.67,6562.0186,3627.34
14665.5,6506.30932,3864.67
15241.1,7158.32595,4005.31
14302.6,7040.15475,4157.67
13430.07,7374.16424,4213.34
13101.28,7794.83261,3949.64
13408.02,9506.8027,3518.93
13786.98,11384.77519,3064.78
13892.42,12773.744,2865.54
14130.7,13838.79711,2804.01
14135.52,15117.64865,2745.41
14060.0,16036.39456,2672.16
13891.45,15952.09207,2780.57
13647.25,14896.99207,2733.69
13327.5,12782.07929,2906.56
12776.97,11267.7646,2950.51
12468.4,10192.65287,2959.3
14201.13,9331.90229,2988.6
15365.92,8257.63464,3032.55
14781.2,7402.47609,3126.31
14138.98,6640.4477,3255.23
13918.1,6424.43356,3266.95
13912.88,6476.59067,3310.9
14494.78,6402.87435,3375.36
14668.15,6763.68338,3647.85
14441.83,6487.38786,3867.6
15090.47,6944.38684,4037.54
13965.38,7292.95671,4157.67
13141.45,7037.90387,4157.67
13089.83,7944.44579,3926.2
13400.68,8965.50123,3439.82
13690.25,11180.96504,3017.9
13949.83,12807.82373,2765.92
14095.65,13883.07614,2833.31
14001.78,13727.16753,2774.71
13824.5,13486.60473,2865.54
13767.08,13406.34679,2833.31
13453.5,12932.99376,2824.52
13129.95,11482.61813,2973.95
12698.22,10403.35634,3014.97
13223.98,10016.62702,2973.95
13715.7,9259.83896,3067.71
15146.57,8352.20677,3038.41
14616.9,7571.85481,3076.5
13568.92,6655.74665,3246.44
13574.05,6316.70785,3261.09
13554.3,6282.62812,3360.71
13532.07,5901.45566,3472.05
14137.7,6351.27996,3644.92
13632.63,6252.06539,3800.21
14079.63,6308.40773,4014.1
13819.82,6823.64823,4075.63
12964.22,6514.04672,4072.7
12744.78,7104.12898,3929.13
12767.88,7314.44558,3557.02
13332.97,8788.13892,3155.61
13626.58,10271.32816,2827.45
13866.83,11192.36012,2768.85
14522.73,12417.08503,2716.11
15040.1,13795.57318,2774.71
14724.65,13426.39369,2806.94
13959.63,12186.61602,2909.49
13585.52,10701.63311,2944.65
13428.78,10093.50864,3029.62
13058.18,9486.08757,2950.51
12712.48,8885.03227,3102.87
12474.85,8225.10239,3199.56
12120.42,7702.19483,3246.44
11878.0,7354.7504,3240.58
11733.9,6591.9131,3381.22
11792.52,6675.68804,3369.5
11791.13,6313.22602,3545.3
11441.25,5987.23529,3513.07
12136.5,6150.56477,3767.98
12788.85,6727.88032,3929.13
12929.58,6943.6131,3978.94
12896.65,6912.69867,3885.18
12889.25,7640.15495,3718.17
13175.65,8681.82001,3278.67
13553.58,10067.02563,2947.58
14286.25,11038.8079,2771.78
14895.85,12376.14715,2765.92
14745.05,12709.80494,2701.46
14632.0,13118.83204,2733.69
14708.45,13154.35374,2739.55
14585.73,12188.30418,2871.4
14006.88,11031.56288,2932.93
13287.2,9763.05132,2994.46
13113.3,9119.581,2918.28
12911.8,8355.47758,3193.7
12623.73,7575.30147,3340.2
12245.83,7149.3576,3407.59
12417.13,6476.87203,3480.84
12353.63,6121.44401,3489.63
12446.17,6339.60352,3571.67
12513.45,6059.57998,3662.5
12735.2,6499.34566,3718.17
13306.3,6801.94834,3970.15
13653.73,7359.07631,4008.24
13605.55,7580.1901,4046.33
13322.95,7354.82074,4102.0
13271.45,8328.71321,3852.95
13646.3,9240.14376,3630.27
14045.95,10303.54388,3574.6
14107.1,11206.5688,3199.56
14230.73,11847.85858,2956.37
14127.48,12997.70656,2856.75
13998.42,13299.39482,2845.03
13967.48,13544.45938,2842.1
14022.75,12745.67834,2894.84
14269.57,11283.38008,3102.87
13866.23,10139.44066,3123.38
13504.33,9478.94806,3164.4
13801.68,8774.14126,3305.04
14927.6,7946.97803,3293.32
14202.52,7015.18405,3375.36
12210.95,6238.91181,3395.87
12153.9,6194.38659,3495.49
12268.35,5936.87185,3477.91
12213.6,6264.55074,3548.23
12241.28,6125.80509,3735.75
12815.8,6362.9564,4040.47
13502.1,6854.10545,4304.17
13899.22,6649.9436,4371.56
13712.17,7041.91325,4280.73
13862.23,7245.96959,4069.77
14332.58,8622.9806,3697.66
14931.85,10188.749,3331.41
15499.52,11152.89938,3126.31
16290.98,12580.76621,3143.89
16107.3,13108.10519,3003.25
15877.27,13394.07246,2982.74
15762.7,13079.3713,3000.32
15441.05,12388.80835,2956.37
14547.6,10782.4186,3047.2
13743.65,9502.72298,3020.83
13335.9,9010.37815,3228.86
13374.83,8427.57608,3442.75
14176.1,7447.73988,3428.1
13740.08,6667.14173,3413.45
13674.42,6073.61281,3466.19
13568.17,5918.7593,3574.6
13542.43,5758.10274,3612.69
13578.15,5601.5259,3703.52
13598.65,5819.40405,3850.02
14144.0,6259.94347,4090.28
14749.1,6284.42179,4526.85
14017.6,6640.48287,4582.52
13232.63,6318.81805,4515.13
13328.2,7198.41975,4377.42
13559.48,7369.38112,4008.24
13911.5,8294.87967,3618.55
14085.9,9622.26581,3261.09
14310.1,11049.04237,3073.57
14298.92,12086.06499,2976.88
14223.88,13090.274,2924.14
14209.92,13535.91307,3038.41
13934.65,12436.35819,3105.8
13569.75,11413.33323,3132.17
13092.27,10500.53105,3152.68
12647.25,9229.52242,3196.63
12875.78,8852.57036,3181.98
15103.33,7843.47272,3170.26
13901.63,6928.31415,3223.0
13966.0,6198.11461,3439.82
14051.43,6273.37841,3419.31
13815.0,6056.20366,3472.05
13876.7,5883.55413,3568.74
13845.17,6249.81451,3685.94
14373.25,6311.15099,4078.56
14958.23,6618.92366,4333.47
15291.05,6927.71626,4348.12
13531.43,6895.4302,4304.17
13408.92,7467.85712,3990.66
13666.7,8095.39543,3703.52
13960.63,9994.82162,3225.93
14251.97,11832.52446,2868.47
14457.8,13832.99406,2707.32
14485.45,14954.9874,2701.46
14396.95,15421.90432,2639.93
14314.22,15641.29478,2648.72
13964.58,14973.94403,2675.09
13667.58,13181.22362,2710.25
13670.2,11960.29707,2727.83
14511.35,11277.89356,2780.57
14855.28,10519.24149,2853.82
15537.7,9300.67133,2839.17
14834.15,8703.37922,2742.48
14810.63,8260.58892,2912.42
14619.7,7753.12099,2965.16
14018.03,7224.02351,3082.36
13831.58,7040.64713,3146.82
13971.6,7473.625,3225.93
14463.22,7534.1174,3571.67
15026.25,7674.58638,3662.5
14300.33,8196.64986,3559.95
13803.32,8430.28417,3480.84
13334.38,11018.93685,3111.66
13849.27,13472.9236,2988.6
14368.55,14870.2277,2845.03
14607.15,16006.04285,2801.08
14737.05,17325.93778,2680.95
14692.88,17794.12082,2657.51
14559.98,18659.76003,2678.02
14397.83,19199.93606,2639.93
14066.15,17841.10794,2686.81
13701.35,15487.53154,2847.96
14124.87,13574.10769,2830.38
14880.98,12848.26923,2979.81
15074.9,11888.30408,3067.71
16338.3,10469.68696,3009.11
15655.4,9092.71112,2968.09
15216.3,8115.23131,3105.8
14603.3,7440.35418,3231.79
14496.15,7570.48318,3190.77
14388.08,7332.2416,3290.39
14295.53,7377.54056,3378.29
13686.58,7303.43737,3466.19
13924.95,7369.27561,3507.21
14151.1,7354.99659,3554.09
12907.25,7792.89826,3633.2
12574.5,8190.45994,3460.33
12990.67,9576.96685,3126.31
13966.33,11919.8164,2683.88
15336.92,14193.13486,2683.88
15566.28,15454.50691,2616.49
15671.85,16706.38306,2578.4
15798.8,17304.30823,2487.57
15889.1,17545.08205,2452.41
15763.67,16135.15192,2563.75
15305.67,14500.55583,2719.04
14706.15,13152.20837,2704.39
14050.98,12089.08961,2804.01
13232.8,11016.54529,2783.5
12729.02,10310.33169,2724.9
12490.65,9138.64314,2824.52
12251.92,8457.54092,2830.38
11924.02,8071.62051,3047.2
11853.03,8377.88087,3003.25
11778.52,8080.79988,3152.68
11786.23,7848.64271,3205.42
12029.42,8286.7554,3284.53
12349.8,8519.44012,3287.46
12550.42,8475.6183,3410.52
12459.0,8568.00989,3360.71
12699.03,9803.42648,3009.11
13831.95,11877.92893,2724.9
14819.13,14250.5323,2572.54
15358.85,15557.69569,2546.17
15728.2,16564.40177,2554.96
15907.8,17424.30827,2505.15
16172.73,17952.28031,2490.5
16316.42,17840.12318,2496.36
16064.78,16792.69024,2581.33
15668.63,14894.07296,2839.17
15037.3,13414.01385,2809.87
14540.1,12443.53287,2924.14
13921.92,11021.5746,3035.48
13078.6,9378.92458,2979.81
12186.27,7955.91121,3058.92
12371.85,7440.45969,3143.89
12374.28,7104.44551,3322.62
12327.5,7046.90739,3369.5
12263.63,6892.54626,3439.82
12362.6,7047.08324,3598.04
12845.52,7231.86642,3899.83
13334.52,7279.66245,3914.48
13566.0,7549.34601,3937.92
13269.55,7488.00953,3905.69
13183.9,8031.38603,3580.46
13537.75,9572.39475,3351.92
14023.38,11955.47878,3079.43
14431.72,13818.96123,2839.17
14811.07,15235.92536,2792.29
15025.6,16077.33244,2669.23
14879.65,16118.0593,2680.95
14758.77,15432.31464,2689.74
14591.8,14707.35543,2692.67
14362.73,13550.08658,2695.6
14152.42,12931.12975,2748.34
13957.95,12214.15413,2809.87
14493.63,11716.99101,2812.8
14647.63,10485.40795,2669.23
14534.8,9950.54259,2678.02
14607.25,9456.72062,2757.13
14542.02,9143.67245,2701.46
14466.4,8848.56098,2818.66
14265.22,8982.24215,2821.59
14623.77,9560.57763,2645.79
15147.6,10441.41028,2607.7
14673.03,10887.61207,2789.36
13382.6,9877.4945,2944.65
13105.98,9696.05247,2903.63
13312.38,10037.06079,2713.18
13686.13,11261.82087,2686.81
13922.08,12132.84109,2455.34
14277.92,13245.16268,2291.26
15236.83,15172.44351,2276.61
15704.65,15514.68278,2402.6
15705.95,16098.15308,2188.71
15572.85,16054.29609,2332.28
15208.4,15273.20556,2452.41
14952.95,14655.86655,2519.8
14645.17,14067.36694,2654.58
14244.18,13867.46066,2739.55
14348.75,13349.19554,2809.87
16389.38,12660.25041,2760.06
16184.83,11586.33446,2701.46
15781.65,10902.48898,2590.12
15115.92,10593.73155,2511.01
15035.9,10612.47716,2452.41
14918.3,10425.0914,2525.66
14953.23,10566.19344,2634.07
15470.67,10912.65311,2765.92
15888.38,11203.4035,2795.22
16408.1,11686.00624,3017.9
16053.65,11870.89493,2976.88
13481.45,12688.42158,2886.05
14000.27,14080.27433,2874.33
14401.03,15541.79885,2634.07
14673.17,16553.74526,2399.67
15637.75,17435.42199,2625.28
15979.97,18775.92654,2261.96
15605.35,18808.98634,2089.09
15480.82,18696.05547,2056.86
15195.83,18037.91926,2171.13
14818.67,16173.73341,2308.84
14884.4,14348.72694,2256.1
14906.33,13692.3844,2311.77
14501.65,13214.35376,2297.12
14028.88,12213.27488,2279.54
13522.0,11057.02596,2308.84
13464.0,10352.04331,2502.22
13251.42,9923.53203,2469.99
13127.75,9735.82974,2519.8
13053.65,9774.37606,2546.17
13002.35,9900.42534,2587.19
13644.38,10429.94486,2484.64
14280.0,11257.53013,2367.44
14803.7,11246.06471,2426.04
15012.4,11227.24876,2443.62
15335.5,11344.82207,2631.14
15824.0,12498.60909,2537.38
16591.65,14567.90638,2308.84
16975.63,15386.03092,2130.11
17352.15,16356.58224,2077.37
17766.8,17540.19342,2147.69
17853.85,17889.11499,2062.72
17838.67,17824.05049,2118.39
17497.83,17117.55553,2133.04
17037.1,15438.61007,2264.89
16295.83,14351.75156,2212.15
15461.73,13484.42419,2390.88
14953.02,12579.6056,2367.44
14374.67,11580.53141,2387.95
13375.15,10328.51458,2481.71
12977.33,9199.0652,2513.94
12942.43,8730.56563,2540.31
12882.62,8738.93609,2593.05
12778.52,8671.65588,2601.84
12823.38,8976.15774,2496.36
13335.0,9251.18714,2557.89
13818.75,9724.99738,2625.28
14807.05,10242.34808,2695.6
15158.13,11093.00487,2921.21
15025.2,11455.36138,3012.04
15396.75,12064.18925,2762.99
16132.63,14035.96013,2396.74
16721.0,15282.17391,2235.59
16782.7,15316.71085,2373.3
16661.3,15388.87969,2305.91
16606.25,15016.32388,2256.1
16391.5,15376.18332,2212.15
16035.8,14684.74112,2314.7
15763.35,13558.77357,2402.6
15246.77,12921.24698,2370.37
14826.28,12366.8271,2390.88
14190.38,11791.30522,2405.53
13745.22,11203.79037,2449.48
13417.25,9882.84034,2554.96
12596.17,8522.81644,2581.33
11836.1,7515.19594,2595.98
11915.9,7685.17255,2593.05
11850.98,7678.80678,2428.97
11930.13,7896.12221,2323.49
12146.95,8179.80343,2367.44
12416.38,8550.00285,2560.82
12798.4,8809.87398,2762.99
12771.8,8824.64538,2941.72
12802.52,9093.41452,2871.4
12966.83,9802.96927,2666.3
13892.55,10477.42436,2434.83
14001.77,11212.40702,2326.42
13393.0,10725.93558,2256.1
13922.33,11376.86194,2247.31
14905.9,12272.74735,2229.73
14218.35,11548.24535,2259.03
13264.35,10466.06445,2267.82
13385.5,9530.85898,2604.77
13009.27,8800.48359,2886.05
12684.15,8379.78005,2774.71
12430.8,8171.43297,2760.06
12167.1,7745.80563,2651.65
11855.3,7232.18295,2637.0
11633.35,6580.13115,2727.83
11476.45,6579.35741,2680.95
11476.42,6468.67742,2519.8
11467.67,6527.72785,2566.68
11565.22,6653.77713,2751.27
11841.4,7002.38217,2897.77
12112.78,7175.13721,3079.43
12344.8,7291.83127,3135.1
12287.23,7152.83943,3281.6
12353.98,7256.02821,3129.24
12527.88,7447.91573,2968.09
12761.95,7477.07166,2762.99
12699.75,7314.58626,2833.31
12846.33,7449.77974,2792.29
13040.55,7565.84074,2786.43
13030.2,8087.79871,2839.17
13119.17,8136.19263,2950.51
13102.7,7979.93232,2979.81
13163.47,7462.79264,3029.62
13007.98,7230.77615,3023.76
12776.63,6911.15119,3067.71
12488.72,6635.66458,3102.87
12169.43,6407.51679,3140.96
11884.43,6100.16616,3006.18
11995.9,5845.57053,2821.59
11935.85,5847.46971,2818.66
12002.8,5928.67724,3050.13
12080.47,5919.70889,3108.73
12274.7,6132.45222,3261.09
12894.42,6440.89312,3600.97
13484.7,6946.53221,3618.55
13915.55,7041.56155,3709.38
13850.3,7031.29191,3738.68
14169.55,7272.87464,3803.14
14315.88,7503.66018,3527.72
14550.98,7696.49729,3387.08
14824.15,7985.38367,3044.27
14917.47,7797.43519,3190.77
14960.0,7021.40914,3893.97
14870.67,6446.97753,4541.5
14575.15,6566.73138,4084.42
14196.4,6412.05372,4019.96
14090.4,6204.72657,4087.35
13806.47,6027.39943,3973.08
13431.6,6066.86017,3958.43
13075.9,5971.72532,3662.5
12643.3,5840.89292,3483.77
12250.2,5528.26679,3337.27
12380.52,5319.1108,3510.14
12547.97,5311.54925,3451.54
12436.0,5333.5305,3592.18
12396.6,5385.5821,3624.41
12462.28,5572.22929,3811.93
13059.05,5799.04062,4019.96
13621.55,5899.62682,4248.5
14083.12,5915.34781,4353.98
13962.95,5972.49906,4339.33
14329.65,6140.50615,4386.21
14589.67,6585.65284,4292.45
14820.73,6697.66929,3882.25
14759.05,6819.25198,3694.73
14997.95,6953.84757,3724.03
14794.52,7003.36693,3776.77
14625.52,7068.25558,3970.15
14490.47,7013.74208,3809.0
14190.33,6989.40444,3647.85
13976.87,6895.46537,3577.53
13749.4,6562.96819,3826.58
13317.67,6396.0162,3990.66
12882.25,6343.2612,4002.38
12604.4,5961.52602,3855.88
12242.92,5569.94324,3738.68
12378.13,5426.34413,3694.73
12282.07,5411.92443,3735.75
12364.48,5421.87754,3721.1
12283.5,5379.63837,3779.7
12376.98,5549.72049,4028.75
12980.17,5808.64203,4301.24
13692.38,6005.80505,4553.22
14263.25,5893.05003,4644.05
14077.93,5954.6327,4579.59
14244.6,6222.94463,4304.17
14470.53,6804.97296,3958.43
14843.98,7274.24627,3870.53
15063.13,8205.72372,3533.58
15069.67,8808.71337,3466.19
15194.95,9673.22714,3378.29
15066.17,9777.15449,3176.12
14917.25,9853.26237,3261.09
14692.13,9553.05125,3179.05
14373.8,8473.40259,3316.76
14016.45,7954.96162,3545.3
13639.5,7574.28154,3624.41
13257.23,7331.22167,3574.6
12819.63,6848.3024,3422.24
12219.05,6454.46874,3269.88
12378.63,6200.54134,3243.51
12419.55,6146.73124,3351.92
12405.77,6113.9528,3307.97
12273.47,6254.24593,3307.97
12407.8,6255.89892,3316.76
12960.4,6677.7279,3448.61
13597.7,7218.39631,3592.18
14023.3,7353.94149,3896.9
13876.18,7876.88422,4043.4
13989.6,8097.57597,3923.27
14535.5,9256.00543,3580.46
15426.13,11076.0881,3296.25
15801.5,12521.39925,3073.57
15647.15,13043.11103,2836.24
16634.1,14620.34485,2742.48
16531.85,15397.63702,2631.14
16450.15,16062.56104,2648.72
16131.52,15295.04613,2678.02
15681.48,13691.46998,2818.66
14342.35,10973.07517,2821.59
13656.47,9952.16041,2924.14
13324.27,9899.2999,3012.04
12967.0,9402.94569,2853.82
12560.68,8722.93374,2801.08
12718.95,8500.76485,2871.4
12694.08,8542.47647,2912.42
12661.15,8230.4834,2721.97
12535.83,8256.19267,2601.84
12550.53,8299.4166,2666.3
13056.13,8479.73319,2935.86
14137.7,9046.63842,3269.88
14022.75,8925.40743,3565.81
13766.95,8675.17288,3618.55
14029.02,9467.48264,3240.58
15284.45,11654.88079,2962.23
15736.7,12995.6667,2622.35
15778.73,13880.01635,2669.23
16011.67,13706.13587,2695.6
15943.38,13863.97883,2637.0
15653.88,12222.94663,2619.42
14617.15,10190.33165,3038.41
13918.25,9144.86823,3225.93
13553.63,8469.56906,3392.94
13342.17,8194.18796,3264.02
12947.95,8101.26882,3261.09
12677.58,7850.71774,3299.18
12380.47,7456.35653,3102.87
12044.97,6771.56146,3017.9
12061.35,6575.52388,3079.43
11901.48,6523.36677,3108.73
11807.78,6339.60352,3208.35
11739.0,6331.44408,3217.14
11779.7,6455.62935,3264.02
11970.08,6560.92833,3346.06
12318.02,6969.53339,3609.76
12636.47,7016.62602,3765.05
12658.13,6975.2661,3823.65
12798.48,7491.21,3539.44
13105.1,7982.39422,3158.54
13639.38,8803.47304,2888.98
13629.05,9328.27978,2619.42
13851.2,9811.19905,2639.93
13976.75,10441.55096,2639.93
14751.85,11175.19716,2598.91
14156.07,11428.24531,2601.84
13484.8,10386.12304,2549.1
13511.88,9595.92348,2680.95
13282.73,9068.02178,2792.29
12878.3,8645.8411,2774.71
12524.38,8214.69207,2762.99
12323.58,7966.63806,2777.64
12127.9,7310.22518,2833.31
11793.35,6721.76074,3067.71
11647.43,6779.43954,3099.94
11589.73,6612.38204,3261.09
11573.7,6557.12997,3296.25
11579.45,6671.92485,3431.03
11921.35,6532.19444,3524.79
12208.4,7160.85819,3516.0
12424.63,7047.04807,3706.45
12334.55,7070.82299,3609.76
12530.95,8377.98638,3111.66
12936.92,9449.8273,2818.66
13638.98,11284.82205,2669.23
14609.07,13139.33615,2657.51
14718.9,14111.39978,2689.74
15007.0,15095.98393,2666.3
15095.5,15546.82816,2634.07
15021.48,15081.17736,2610.63
14825.8,14248.98482,2713.18
14791.1,13412.11467,2663.37
14498.4,12708.11678,2689.74
14095.55,11891.29353,2704.39
13691.48,11351.85607,2716.11
13377.98,10807.45964,2783.5
12974.72,10196.62708,2774.71
13051.73,9597.50613,2815.73
12736.85,9253.19183,2950.51
12437.55,8802.13658,3029.62
12482.75,8807.83412,3029.62
12713.0,9132.80492,2988.6
14014.0,10052.92246,3094.08
14563.52,10698.46781,3117.52
14931.82,11110.80089,3255.23
14696.65,10986.33426,3381.22
14901.1,11483.18085,3196.63
15405.38,12780.39113,3094.08
16018.53,13737.08547,2701.46
16353.38,14472.1033,2721.97
16476.35,14587.42573,2663.37
16463.03,15176.41772,2616.49
16550.5,15603.90907,2540.31
16497.47,16064.38988,2534.45
16164.67,15641.64648,2607.7
15999.9,14603.42808,2765.92
15501.65,13396.67504,2689.74
14801.92,12543.83771,2792.29
14165.48,11915.38498,2847.96
13761.58,10942.96965,2754.2
13068.45,10666.25209,2701.46
12769.33,9553.78982,2628.21
12866.72,9460.97619,2379.16
12944.25,9393.16843,2355.72
12998.78,9289.13557,2414.32
12932.83,9707.55306,2639.93
13690.03,10393.12187,2935.86
14470.92,11518.49153,3041.34
14931.3,11833.22786,2979.81
14845.58,12183.76725,2821.59
15480.08,13913.21683,2581.33
16197.17,15608.37566,2402.6
16929.55,17156.13702,2250.24
18067.4,19177.35692,2185.78
18162.35,20326.78286,2218.01
18048.08,20610.35857,2162.34
18003.38,21256.46664,2235.59
17910.4,21660.39409,1989.47
17506.75,20431.55429,2007.05
17074.83,19028.69333,2015.84
15846.68,17111.99867,2097.88
15591.08,16313.9562,2156.48
15238.9,15336.89843,2212.15
14867.05,14564.00251,2133.04
14354.58,13499.44178,2062.72
14269.45,12348.08149,2059.79
14005.7,11940.74255,2168.2
14154.95,11681.25829,2285.4
14106.3,11696.66275,2364.51
14060.47,11951.18804,2314.7
14511.75,12513.94321,2300.05
15158.4,13119.71129,2408.46
15609.3,13493.92009,2431.9
15556.17,13554.55317,2522.73
15847.12,14102.71279,2686.81
16661.3,15944.84705,2443.62
17902.63,18503.46455,2065.65
18688.33,20003.2892,2021.7
18551.0,20545.89196,2009.98
18751.17,21111.32005,2112.53
18784.95,21874.50905,1963.1
18631.85,22157.24068,2059.79
17994.03,21001.0621,2048.07
17315.95,19488.89278,2021.7
15766.03,17452.44427,2068.58
15641.35,16404.55412,2086.16
15254.52,15501.8809,2182.85
14598.5,14435.5265,2300.05
14050.55,13328.0232,2282.47
14154.05,12397.56568,2300.05
13932.58,11993.42721,2302.98
13726.85,11853.16925,2414.32
13612.15,11559.25356,2531.52
13515.62,11410.97684,2786.43
13786.2,11356.81504,2874.33
14244.8,11855.73666,2809.87
14607.03,11437.31917,2965.16
14677.9,11377.70602,2871.4
15233.88,12487.74156,2678.02
15915.5,14440.13377,2637.0
16458.2,15861.14245,2528.59
17596.02,17412.03394,2426.04
17342.6,17982.45617,2346.93
17290.38,17829.00946,2402.6
17501.17,18443.81623,2499.29
17304.5,18806.48927,2519.8
16914.38,17836.60618,2613.56
16340.4,16260.91984,2675.09
15609.88,14510.33309,2595.98
14806.38,12888.08167,2985.67
14040.78,11810.12117,3114.59
13282.77,10442.60606,3082.36
12490.07,9203.95383,3035.48
12701.2,8691.17523,2973.95
12682.67,8249.15867,2959.3
12690.8,7995.30161,3003.25
12577.95,7746.68488,3094.08
12528.58,7727.69308,3246.44
13089.63,7891.65562,3521.86
13622.0,8189.44001,3630.27
13989.45,8287.98635,3612.69
13740.22,8393.35567,3501.35
14108.77,9063.6607,3152.68
14632.1,10244.98583,2880.19
15916.65,12212.88801,2774.71
16071.63,13578.04673,2774.71
16281.45,14497.84774,2686.81
16405.4,15099.25474,2695.6
16407.35,15672.27955,2613.56
16237.45,15760.66176,2642.86
15830.1,15136.49977,2689.74
15345.58,13434.34211,2739.55
14827.45,12332.43084,2833.31
14266.02,11631.24655,2865.54
13466.77,10657.07272,2956.37
12898.8,9360.46033,2903.63
12440.13,8226.57953,2947.58
12130.22,7637.13033,2924.14
11885.35,7371.03411,3032.55
11682.8,7228.70112,3117.52
11780.8,6950.22506,3237.65
11821.35,6996.29776,3316.76
12039.28,7111.54985,3401.73
12409.7,7380.28382,3574.6
12606.75,7402.96847,3603.9
12619.88,7692.55825,3516.0
12835.27,8324.84451,3176.12
13502.45,9790.13222,2789.36
14366.88,11355.90062,2540.31
15442.15,13687.98815,2522.73
15608.48,14736.08932,2516.87
15760.1,15423.02976,2554.96
15787.2,15858.29368,2528.59
15575.73,15880.23976,2607.7
15334.05,15078.68029,2619.42
15076.92,13696.07725,2757.13
14606.35,12493.12257,2821.59
14039.97,11699.44118,2798.15
13638.42,10651.9379,2710.25
12643.95,9325.21999,2634.07
11958.65,8028.53726,2859.68
11722.02,7451.85477,3070.64
11613.75,7304.70349,3099.94
11590.95,7388.02122,3129.24
11544.13,7095.5475,3199.56
11555.52,7002.73387,3310.9
11805.47,7237.81015,3334.34
12207.73,7271.81954,3398.8
12365.92,7272.52294,3530.65
12306.8,7622.3941,3574.6
12630.05,8452.61712,3307.97
13160.8,9761.85554,2959.3
14281.58,11842.05553,2628.21
14857.9,13464.16627,2549.1
15009.47,14356.78087,2531.52
15191.25,15190.02851,2502.22
15333.55,15780.779,2502.22
15254.67,15958.84471,2513.94
15073.7,15311.36501,2549.1
14649.1,13730.29766,2616.49
13916.6,12463.43909,2663.37
14179.42,12093.69688,2745.41
13710.18,11345.27928,2809.87
13210.55,9914.73953,2657.51
12182.63,8482.15992,2654.58
12268.17,7800.74117,2792.29
12257.78,7762.05417,3014.97
12212.13,7563.13265,3138.03
11990.65,7304.66832,3225.93
12206.33,7282.93326,3275.74
12855.95,7433.28501,3726.96
13386.92,7870.06124,3782.63
13831.95,7967.16561,3724.03
13735.42,8260.23722,3653.71
14170.83,9302.71119,3290.39
15757.05,11479.488,3099.94
16379.3,13702.5837,2648.72
16930.33,15459.88792,2513.94
17129.68,17031.98692,2511.01
17447.75,17932.97198,2478.78
18376.7,19121.43662,2528.59
17709.68,19425.4461,2525.66
17229.68,18600.7096,2505.15
16171.13,16441.90466,2710.25
15980.23,14791.65792,2675.09
15233.32,13544.45938,2657.51
14613.38,12243.16938,2804.01
13748.05,10620.88279,2695.6
12698.17,9092.74629,2789.36
12503.25,8206.14576,3023.76
12634.1,7986.36843,2997.39
12436.98,8050.94055,3017.9
12287.05,7797.92757,3170.26
12413.67,7744.92638,3343.13
12978.05,7951.72598,3606.83
13467.75,8295.09069,3759.19
13775.95,8319.60418,3759.19
13807.72,8531.8903,3606.83
14162.25,9829.20609,3223.0
15578.48,11842.86444,2971.02
16229.38,14059.17233,2730.76
16523.58,15066.96868,2528.59
17376.05,16721.11929,2464.13
17836.95,18527.76702,2417.25
17341.55,18060.35772,2508.08
16908.4,17555.66822,2516.87
16044.27,16388.5166,2581.33
16019.73,15394.36621,2648.72
15630.35,14263.36935,2595.98
15141.58,13372.40774,2572.54
14699.67,12569.26562,2654.58
13396.83,11059.98024,2637.0
13350.55,10132.54734,2625.28
12558.63,8985.5833,2575.47
12622.85,8665.07909,2637.0
12521.65,8704.39915,2783.5
12462.68,8507.06028,2903.63
12428.78,8457.15405,3050.13
12957.33,8795.77081,3082.36
13515.6,9236.20472,3082.36
13968.48,9417.01369,3155.61
13994.65,9611.74998,3193.7
15069.48,10683.97777,2994.46
15946.2,13112.88831,3009.11
16688.55,14784.48324,2745.41
17182.45,16411.62329,2730.76
17690.63,17767.46196,2405.53
17515.65,18115.15258,2513.94
17574.35,18420.39301,2411.39
18138.47,19101.38972,2288.33
17120.22,18465.05891,2385.02
15894.45,16061.75213,2490.5
15674.57,14895.09289,2525.66
15082.33,13702.9354,2484.64
14689.53,12604.71698,2566.68
13974.32,11347.74118,2575.47
13198.55,10000.73018,2593.05
12419.55,8602.15996,2818.66
12371.53,7941.21015,2953.44
12253.05,7704.09401,2950.51
12183.17,7623.48437,3097.01
12280.83,7650.81146,3181.98
12821.7,8207.55256,3422.24
13203.45,8241.66746,3539.44
13558.92,8502.17165,3624.41
13624.3,8833.40271,3436.89
14092.75,9953.84857,3050.13
15535.28,11994.76367,2751.27
16414.9,14637.57815,2566.68
16814.35,15810.14595,2426.04
16970.8,16583.85078,2423.11
17505.05,17758.52878,2344.0
18094.43,19384.68407,2261.96
17468.5,19376.5598,2335.21
16046.63,18036.16076,2256.1
16054.3,16534.99965,2478.78
15622.38,14948.58646,2431.9
14939.2,14010.46188,2449.48
15537.5,12677.69473,2554.96
18580.78,11001.56287,2513.94
16209.25,9600.63626,2437.76
14932.85,8891.15185,2402.6
13888.63,8700.10841,2502.22
14231.05,8445.23142,2886.05
14602.58,8243.81283,2935.86
14607.33,8441.01102,3079.43
15147.2,8897.83415,3269.88
15740.43,9344.3173,3357.78
15270.88,9522.91056,3249.37
15351.27,9980.01505,3102.87
15761.0,11655.93589,2745.41
16119.62,14193.97894,2578.4
15836.42,16048.35236,2387.95
16033.95,17374.96476,2355.72
16115.75,18311.22533,2335.21
16023.3,18166.11391,2335.21
15710.35,17764.54285,2264.89
15340.63,17139.18508,2279.54
14794.8,16325.80849,2300.05
14031.9,14483.3577,2355.72
15214.2,12791.85655,2423.11
14864.08,12170.96537,2505.15
14759.32,11400.03897,2713.18
15695.42,10030.58951,2707.32
15389.13,9397.38883,2537.38
15008.55,8750.6477,2549.1
14940.58,8358.00982,2707.32
14568.0,7926.64977,2862.61
13911.0,7327.49365,2853.82
13988.13,7444.04703,2921.21
14899.08,8124.72721,2965.16
15156.08,8303.25013,2883.12
15128.08,8304.27006,2947.58
12668.25,8194.04728,3020.83
12868.13,8585.84108,2994.46
13111.02,9209.33484,2918.28
13500.9,10242.59427,2678.02
14693.4,12316.1823,2308.84
15127.45,14002.09142,2226.8
15263.85,14932.40826,2264.89
15293.95,15025.29223,2220.94
15249.8,15113.46342,2297.12
15055.97,14417.27327,2358.65
14920.1,13099.45337,2490.5
14513.83,12157.07322,2798.15
14008.7,11539.17149,2804.01
13730.45,10925.63084,2842.1
13106.53,9945.05607,2701.46
12311.95,8126.80224,2944.65
12134.6,7740.53013,2927.07
12013.77,7483.4726,2941.72
11984.97,7396.56753,2880.19
11952.95,7485.65314,2862.61
12065.2,7484.14083,3017.9
12333.02,7516.11036,3237.65
12637.53,7938.04485,3331.41
12800.6,7860.28398,3363.64
12658.53,7988.65448,3302.11
12972.53,8744.45778,3155.61
13484.55,9792.27759,2944.65
14007.05,10686.36933,2733.69
14953.3,12043.19276,2546.17
15008.85,13182.70076,2502.22
15149.57,13332.38428,2569.61
15008.28,13537.46055,2572.54
14777.27,13422.66567,2540.31
14530.95,12809.93393,2698.53
14124.58,11581.97338,2804.01
13500.9,10291.48057,2765.92
13186.8,9674.88013,2765.92
12928.13,9284.63381,3102.87
13376.05,8947.248,3211.28
12305.17,8057.65802,3255.23
12369.45,7216.884,3284.53
12295.75,7075.57094,3340.2
12256.83,6891.49116,3334.34
12225.77,6614.4219,3384.15
12432.35,6525.96935,3539.44
13122.65,7071.42088,3978.94
13426.95,7391.99543,4131.3
13273.98,7158.39629,4169.39
12834.15,7564.50428,4037.54
12957.05,7758.92404,3753.33
13423.27,8916.36874,3407.59
13773.45,9868.31513,3097.01
13822.83,10625.66591,2812.8
13975.1,10889.47608,2546.17
14155.77,11791.16454,2563.75
13956.52,12332.92322,2680.95
13685.55,11993.88442,2604.77
13444.25,11694.58772,2657.51
13250.23,10738.84297,2669.23
13753.4,9804.58709,2856.75
13346.4,9198.32663,2930.0
13410.42,8799.21747,2883.12
14709.95,8227.49395,2883.12
13854.35,7327.10678,2888.98
13314.1,6338.30223,3123.38
13474.73,6237.50501,3129.24
13268.0,6184.57416,3152.68
13450.38,6420.84622,3179.05
13404.6,6277.21194,3234.72
14074.42,6714.90259,3322.62
14755.08,7395.05522,3214.21
14583.75,7549.41635,3132.17
13366.05,8376.12237,3076.5
13200.53,8924.95022,3012.04
13375.47,9517.45921,2833.31
14074.5,10756.3928,2701.46
14451.1,12512.99362,2502.22
15149.23,13152.84143,2276.61
15035.98,13962.10313,2393.81
14802.07,14046.37045,2461.2
14483.1,14094.97539,2487.57
14202.95,13574.17803,2554.96
13974.95,12708.43331,2754.2
14062.7,11730.81282,3012.04
14002.12,10696.42795,3208.35
14417.13,10403.91906,3208.35
15167.2,9097.98662,3117.52
14564.23,8088.7483,3167.33
14498.58,7422.06578,3164.4
13851.98,7105.7468,3187.84
13901.48,6865.28951,3278.67
13961.57,6742.54621,3331.41
13881.2,6454.92595,3413.45
14530.88,6844.57438,3603.9
15707.2,7223.17943,3680.08
15498.17,7087.14187,3703.52
14040.25,7288.17359,3536.51
13659.23,8008.13866,3454.47
13967.67,8951.67942,3193.7
14452.98,10235.38442,2836.24
14684.47,11409.57004,2736.62
14873.65,12493.96665,2806.94
14939.9,12776.83896,2845.03
14781.83,13156.11224,2824.52
14511.95,12856.60452,2836.24
14147.85,12279.32414,2845.03
13865.22,11113.68483,2921.21
13520.4,9617.90473,3170.26
12979.05,9158.79555,3340.2
12482.72,8635.00874,3384.15
13029.27,7890.88188,3363.64
13769.08,6933.90618,3369.5
14053.85,6595.21908,3413.45
14514.63,6751.90143,3416.38
13857.1,6127.00087,3381.22
13809.77,6211.7254,3410.52
13990.65,5874.69129,3536.51
14944.27,6690.0374,3806.07
15116.13,6661.58487,3964.29
15559.65,6562.44064,3981.87
15065.15,7165.04342,3867.6
13668.08,7790.68255,3644.92
14072.9,8904.79781,3425.17
14439.78,9861.94936,3381.22
14685.85,10432.44193,3114.59
14739.9,11195.10338,2850.89
14832.85,11861.71556,2815.73
14786.9,12300.81301,2847.96
14495.5,12511.0241,2701.46
14177.83,11999.68747,2754.2
13898.3,10846.85004,2900.7
13673.95,10285.99405,2950.51
13046.9,9625.39594,3017.9
13834.92,9073.22694,2971.02
15285.07,8472.1013,2932.93
14198.85,7322.21815,2988.6
13940.17,6425.38315,3108.73
14019.67,6435.58245,2762.99
14164.17,6236.30923,2853.82
13635.78,5953.89413,2912.42
13067.1,6208.63044,3102.87
14777.53,5937.68076,3551.16
15425.52,6293.70667,4063.91
14341.32,6429.49804,4087.35
14014.02,7164.93791,3753.33
14321.55,9130.20234,3577.53
14245.58,10174.71617,3390.01
14622.25,11168.19833,3223.0
14854.42,12583.29845,3187.84
15253.2,14522.15021,3164.4
15163.65,14810.29802,3026.69
14980.58,15678.75083,3073.57
14664.05,15841.34174,3020.83
14294.03,15573.13532,3029.62
13828.1,13938.50406,3061.85
13647.67,12401.2937,3082.36
13116.42,11419.66383,3105.8
13839.38,10608.96016,3152.68
15639.05,9397.0723,3099.94
14252.0,8023.92999,3108.73
13874.48,7155.72337,3146.82
13875.77,6991.23328,3140.96
13813.25,6726.22733,3237.65
13734.67,6614.52741,3307.97
13539.5,6763.36685,3337.27
13753.97,6607.56375,3384.15
14035.52,7107.36462,3542.37
13925.08,6745.92253,3721.1
13521.95,6972.76903,3545.3
13096.95,8647.07205,3184.91
13590.83,9960.70672,2988.6
14227.18,11868.57371,2915.35
15270.2,13366.3585,2824.52
15796.27,15108.96166,2768.85
16300.3,16775.59762,2695.6
16112.73,16912.1979,2625.28
15883.45,16673.92115,2663.37
15588.73,15728.83291,2710.25
14429.88,13658.83222,2830.38
14579.65,12350.89509,2932.93
13811.55,11564.14219,2924.14
13340.05,10542.2075,2915.35
13038.45,9974.95057,2865.54
12676.98,8984.5282,2850.89
12324.22,8223.90661,2897.77
12129.7,7799.08818,2976.88
11969.98,7291.0927,3170.26
11813.08,7040.61196,3126.31
11915.38,6851.74906,3179.05
12229.05,7290.31896,3252.3
12586.08,7487.72817,3357.78
12686.05,7240.13137,3422.24
12592.75,7545.51248,3322.62
12837.4,8604.65703,3126.31
13333.38,9851.75006,3038.41
14107.5,11222.92285,2982.74
15087.88,12775.25631,2988.6
15325.8,13289.37137,2956.37
15336.33,13771.09486,2997.39
15399.5,14333.8852,2965.16
15188.25,14358.71522,2971.02
14723.33,13773.20506,2935.86
14399.08,12431.15303,3000.32
14558.52,11530.23831,3017.9
14314.28,11101.37533,3053.06
13392.5,10053.83688,3111.66
12871.35,8918.47894,3099.94
12486.83,8051.74946,3158.54
12552.03,7573.57814,3117.52
12439.88,7297.00126,3223.0
12328.35,7098.18525,3284.53
12200.85,7066.3564,3331.41
12371.98,6983.67173,3416.38
12957.13,7355.38346,3598.04
13544.3,7689.46329,3753.33
13991.45,7486.67307,3855.88
13389.83,8280.35446,3557.02
13713.4,9714.55189,3384.15
14582.6,12622.68885,3266.95
15196.55,14251.37638,3161.47
15431.77,15399.43069,2976.88
15400.23,16537.2857,2997.39
15302.3,17505.69165,2874.33
15110.8,18348.08349,2818.66
14763.05,18570.25238,2757.13
14342.63,18001.51831,2777.64
14168.05,16367.62562,2900.7
14287.37,14575.22174,2912.42
15913.68,13793.56849,2927.07
15370.85,12727.60096,2944.65
15738.85,10868.86646,2877.26
15829.27,9538.73706,2900.7
15623.38,8631.87861,2918.28
15425.52,8272.6874,2959.3
15138.47,7804.68021,3140.96
14906.98,7733.84783,3058.92
14880.15,8050.7647,3123.38
15388.7,7841.11633,3410.52
15825.55,7896.64976,3530.65
14133.02,7863.76581,3650.78
13852.85,8219.96757,3583.39
14304.2,9627.15444,3272.81
14302.25,12039.14821,3114.59
14980.55,14181.98597,2880.19
15844.45,16314.09688,2862.61
15235.15,17760.04109,2768.85
15039.45,18859.10359,2792.29
15768.4,19214.0744,2812.8
15621.9,19631.85883,2760.06
15040.52,19104.83638,2824.52
14081.8,17049.95879,2865.54
13952.23,15199.17271,2927.07
13629.95,13884.94015,2850.89
15151.9,13016.90938,2859.68
14538.38,11723.95467,2924.14
13004.8,9559.41702,2886.05
13138.0,8904.05924,2906.56
12949.33,8436.36858,2930.0
12789.02,7760.29567,3129.24
12624.75,7723.15615,3053.06
12636.65,7536.15726,3196.63
13840.15,7719.25228,3431.03
16433.78,7998.15038,3498.42
16473.67,7848.07999,3557.02
16480.95,8733.55508,3381.22
17584.1,10492.12542,3205.42
16991.28,13016.24115,3055.99
16778.88,15086.94524,2927.07
17050.85,16871.33036,2883.12
17429.38,18077.55585,2736.62
18224.63,19664.91863,2669.23
17828.58,19806.23169,2721.97
17459.9,20124.37951,2648.72
16916.58,19746.40752,2648.72
15914.22,17671.06099,2695.6
15710.3,15883.93261,2786.43
15239.98,14529.25455,2809.87
15747.78,13272.03256,2789.36
16070.13,12029.68748,2777.64
14667.8,10147.14289,2695.6
14434.9,8947.14249,2689.74
14489.73,8777.3769,2733.69
13615.83,7883.32033,2921.21
13167.6,7447.9509,2988.6
13184.67,7590.77627,3038.41
13850.55,8150.85852,3202.49
14377.83,8143.9652,3366.57
14756.9,8465.38383,3451.54
14125.9,9069.21756,3346.06
14332.42,10790.89457,3231.79
14331.52,11508.36257,3164.4
14741.17,12465.51412,3111.66
15064.4,12899.54709,3029.62
15128.65,13144.71716,3140.96
15101.58,13873.19337,3164.4
15056.2,14354.81135,3023.76
14862.45,14804.38946,3053.06
14575.47,14475.33894,2968.09
14213.4,13211.08295,3006.18
13952.83,11886.19388,3138.03
13284.08,10428.08085,3079.43
14042.17,9628.24471,3114.59
15144.7,8556.12243,3181.98
14274.58,7814.94985,3181.98
14213.9,7628.61919,3179.05
14260.45,7396.11032,3196.63
14130.75,6842.49935,3246.44
14034.4,6681.2449,3328.48
13957.18,6718.13823,3504.28
14604.9,6542.21789,3721.1
15263.77,7185.5827,3844.16
14538.35,7085.80541,3852.95
13857.08,7693.26165,3779.7
14068.15,8314.15283,3554.09
14557.2,9160.06167,3325.55
15198.77,10590.42557,3176.12
15465.7,11932.09073,3038.41
16928.9,14151.52875,3035.48
16078.38,13654.54148,2824.52
14231.32,11757.43651,2317.63
16453.2,15488.34045,2930.0
16171.4,15077.97689,3000.32
15740.32,13573.89667,3009.11
14446.18,11793.41542,3079.43
13978.2,10666.84998,3047.2
13703.58,10133.07489,3055.99
13202.08,9171.56226,3082.36
12551.98,7828.73649,3044.27
12204.68,7332.66364,3094.08
12050.63,7177.24741,3143.89
11949.85,6806.69629,3243.51
11786.47,6366.57891,3299.18
11803.33,6364.43354,3486.7
12081.58,6534.41015,3504.28
12441.63,6794.87917,3644.92
12400.8,6835.04331,3715.24
12628.8,7022.78077,3580.46
12976.9,8206.53263,3284.53
13410.63,9571.48033,3088.22
13970.5,11108.05763,2997.39
14650.85,12675.23283,2950.51
15727.75,13962.52517,2988.6
15700.33,14945.1398,2941.72
15577.65,15283.08833,2900.7
15292.35,15199.80577,2883.12
14985.55,14607.43746,2959.3
14866.52,13529.68798,2935.86
14029.75,11923.93129,3023.76
13469.75,10803.23924,3097.01
13249.95,10209.28828,3061.85
12951.85,9362.07815,3026.69
12559.1,8755.25497,3035.48
17883.0,7998.60759,3223.0
17883.0,7641.7376,3217.14
17883.0,7288.31427,3316.76
17883.0,6868.77134,3378.29
17883.0,6950.43608,3442.75
17883.0,7037.90387,3492.56
17883.0,7081.26848,3653.71
17883.0,7174.75034,3656.64
17883.0,7424.66836,3647.85
17883.0,7590.21355,3545.3
17883.0,8596.74378,3416.38
17883.0,9181.79673,3351.92
17883.0,9720.88249,3255.23
17883.0,9749.96808,3287.46
17883.0,10433.07499,3269.88
17883.0,10951.2346,3223.0
17883.0,10957.84656,3243.51
17883.0,10683.5909,3264.02
17883.0,9749.4757,3310.9
17883.0,8917.07214,3387.08
17883.0,8333.35565,3410.52
17883.0,7949.79163,3495.49
17883.0,7590.42457,3410.52
17883.0,7270.72927,3410.52
17883.0,6870.77603,3442.75
17883.0,7116.47365,3463.26
17883.0,6675.23083,3630.27
17883.0,6351.31513,3718.17
17883.0,6344.70317,3767.98
17883.0,6331.61993,4058.05
17883.0,6702.97996,4254.36
17883.0,6595.7818,4210.41
17883.0,7232.46431,4116.65
17883.0,7578.64262,3832.44
17883.0,9861.38664,3571.67
17883.0,10651.5862,3387.08
17883.0,12397.74153,3234.72
17883.0,13297.60115,3146.82
17883.0,13740.5673,3094.08
17883.0,14545.81962,3032.55
17883.0,14849.16087,3073.57
17883.0,14648.48085,3070.64
17883.0,11445.58412,2660.44
17883.0,12269.86341,3214.21
17883.0,11232.70011,3305.04
17883.0,10986.19358,3278.67
17883.0,9352.47674,3228.86
17883.0,8035.00854,3214.21
17883.0,7494.44564,3272.81
17883.0,7637.69305,3176.12
17883.0,7576.04004,3181.98
17883.0,7314.51592,3287.46
17883.0,7393.29672,3322.62
17883.0,7678.41991,3486.7
17883.0,7853.67202,3589.25
17883.0,8208.22079,3598.04
17883.0,8930.99946,3419.31
17883.0,10853.77853,3258.16
17883.0,13826.52278,3006.18
17883.0,15321.24778,3000.32
17883.0,16605.58584,3009.11
17883.0,17550.32238,2874.33
17883.0,18402.21012,2868.47
17883.0,18601.48334,3014.97
17883.0,19015.3639,2862.61
17883.0,18686.55957,2789.36
17883.0,17625.7972,2845.03
17883.0,15896.55864,3014.97
17883.0,14348.48075,2947.58
17883.0,13011.98558,2997.39
17883.0,11127.40113,2973.95
17883.0,9772.16035,2912.42
17883.0,9127.10738,2950.51
17883.0,8796.19285,3032.55
17883.0,8796.61489,2959.3
17883.0,8254.57485,3199.56
17883.0,7628.47851,3331.41
17883.0,7876.11048,3524.79
17883.0,8085.33681,3612.69
17883.0,8284.15282,3501.35
17883.0,8784.09437,3428.1
17883.0,10797.50653,3214.21
17883.0,14309.23103,3105.8
17883.0,17141.89317,2959.3
17883.0,19456.81774,2921.21
17883.0,20206.29044,3003.25
17883.0,21333.91098,2944.65
17883.0,21967.04132,2727.83
17883.0,21565.47026,2666.3
17883.0,19698.08394,2710.25
17883.0,16454.00314,2783.5
17883.0,13357.88253,2666.3
17883.0,12393.38045,2616.49
17883.0,11633.95464,2675.09
17883.0,10999.69886,2601.84
17883.0,9586.49792,2508.08
17883.0,8986.07568,2511.01
17883.0,8675.27839,2554.96
17883.0,8211.77296,2595.98
17883.0,7785.26637,2739.55
17883.0,7578.22058,2859.68
17883.0,8061.17502,3094.08
17883.0,8173.40249,3190.77
17883.0,8235.86441,3252.3
17883.0,8939.26441,3079.43
17883.0,10279.59311,2877.26
17883.0,11889.64054,2757.13
17883.0,13916.34696,2713.18
17883.0,14278.10558,2695.6
17883.0,15033.52201,2801.08
17883.0,15695.42141,2774.71
17883.0,16215.09333,2610.63
17883.0,16529.33728,2616.49
17883.0,16117.42624,2598.91
17883.0,14709.57114,2675.09
17883.0,13447.49569,2710.25
17883.0,12469.41799,2751.27
17883.0,11816.73313,2804.01
17883.0,10616.17001,2666.3
17883.0,9199.13554,2683.88
17883.0,8306.13407,2695.6
17883.0,7956.96631,2856.75
17883.0,7521.06933,2950.51
17883.0,7305.1607,3003.25
17883.0,7128.64247,3041.34
17883.0,7806.93109,3167.33
17883.0,8304.6921,3228.86
17883.0,8543.63708,3293.32
17883.0,9769.76879,3006.18
17883.0,12444.48246,2824.52
17883.0,15369.74721,2792.29
17883.0,16873.01852,2792.29
17883.0,18086.8759,2692.67
17883.0,19756.85301,2678.02
17883.0,20551.30814,2531.52
17883.0,21104.28605,2660.44
17883.0,21440.30023,2569.61
17883.0,20836.99405,2601.84
17883.0,19406.806,2598.91
17883.0,17607.05159,2593.05
17883.0,15865.29251,2680.95
17883.0,14705.45625,2689.74
17883.0,13178.79689,2631.14
17883.0,11462.57123,2613.56
17883.0,10099.27652,2657.51
17883.0,10016.416,2739.55
17883.0,10133.28591,2736.62
17883.0,9696.65036,2862.61
17883.0,9688.13922,2845.03
17883.0,10200.60129,2903.63
17883.0,10639.9801,2938.79
17883.0,11465.56068,2877.26
17883.0,12213.94311,2721.97
17883.0,14775.58523,2613.56
17883.0,16766.03138,2546.17
17883.0,18218.37653,2554.96
17883.0,19728.01361,2502.22
17883.0,20278.35377,2522.73
17883.0,20880.67519,2525.66
17883.0,21480.99192,2502.22
17883.0,22063.61814,2505.15
17883.0,21501.95324,2519.8
17883.0,20136.61867,2598.91
17883.0,18382.23356,2601.84
17883.0,17249.86507,2666.3
17883.0,14986.67557,2672.16
17883.0,13724.3891,2675.09
17883.0,12555.19762,2619.42
17883.0,11814.86912,2675.09
17883.0,11198.37419,2613.56
17883.0,10523.35638,2686.81
17883.0,9493.89531,2713.18
17883.0,9416.20478,2721.97
17883.0,9925.57189,2771.78
17883.0,10533.62602,2900.7
17883.0,11192.95801,2935.86
17883.0,11993.81408,2792.29
17883.0,14446.53471,2672.16
17883.0,16687.74296,2572.54
17883.0,18484.92996,2534.45
17883.0,19785.37588,2484.64
17883.0,20773.05499,2446.55
17883.0,22485.86916,2364.51
17883.0,23363.00896,2420.18
17883.0,23833.93526,2467.06
17883.0,22967.38163,2481.71
17883.0,21141.0387,2540.31
17883.0,19621.09681,2540.31
17883.0,18435.72713,2557.89
17883.0,17201.40081,2522.73
17883.0,16472.25637,2651.65
17883.0,15392.81873,2631.14
17883.0,14029.10198,2631.14
17883.0,13530.74308,2590.12
17883.0,13255.36198,2513.94
17883.0,13197.99971,2590.12
17883.0,13193.18142,2628.21
17883.0,13922.64239,2762.99
17883.0,14165.73743,2795.22
17883.0,14541.07167,2748.34
17883.0,15298.73898,2739.55
17883.0,17658.857,2569.61
17883.0,20771.64819,2540.31
17883.0,22424.88438,2572.54
17883.0,22959.3277,2669.23
17883.0,23557.2177,2566.68
17883.0,25137.79267,2595.98
17883.0,25469.90298,2648.72
17883.0,25225.64733,2549.1
17883.0,23682.63392,2552.03
17883.0,21426.9708,2628.21
17883.0,19795.68069,2637.0
17883.0,18127.74344,2619.42
17883.0,16688.76289,2678.02
17883.0,15937.25033,2598.91
17883.0,14259.99303,2554.96
17883.0,12966.79213,2575.47
17883.0,12170.40265,2593.05
17883.0,11535.12694,2601.84
17883.0,11201.71534,2625.28
17883.0,11441.36372,2742.48
17883.0,12311.64537,2795.22
17883.0,13980.98942,2777.64
17883.0,13837.49582,2815.73
17883.0,13971.59903,2842.1
17883.0,14994.69433,2783.5
17883.0,13563.90839,2203.36
17883.0,15256.64049,2338.14
17883.0,15839.19637,2373.3
17883.0,16276.88702,2276.61
17883.0,16581.17786,2300.05
17883.0,17037.86031,2341.07
17883.0,16516.5354,2332.28
17883.0,15193.36966,2508.08
17883.0,13515.54964,2414.32
17883.0,11235.68956,2554.96
17883.0,10437.11954,2578.4
17883.0,9476.76752,2534.45
17883.0,8432.53505,2560.82
17883.0,7473.9767,2446.55
17883.0,6831.13944,2461.2
17883.0,6029.47446,2522.73
17883.0,5703.1672,2516.87
17883.0,5485.74626,2604.77
17883.0,5268.36049,2719.04
17883.0,5659.94327,2789.36
17883.0,5991.70188,2953.44
17883.0,5980.58816,3003.25
17883.0,6055.35958,2868.47
17883.0,7086.82534,2724.9
17883.0,8224.75069,2713.18
17883.0,9542.3244,2698.53
17883.0,11247.40117,2642.86
17883.0,13250.12165,2672.16
17883.0,13822.93544,2590.12
17883.0,15232.40836,2660.44
17883.0,15991.23628,2657.51
17883.0,15264.69442,2698.53
17883.0,13838.90262,2745.41
17883.0,12249.85168,2801.08
17883.0,11268.468,2789.36
17883.0,10677.04928,2774.71
17883.0,9719.5812,2730.76
17883.0,9082.23046,2666.3
17883.0,8489.54562,2689.74
17883.0,7923.20311,2859.68
17883.0,7478.47846,2806.94
17883.0,7211.92503,2856.75
17883.0,7050.95194,2965.16
17883.0,7368.71289,3099.94
17883.0,7766.2394,3181.98
17883.0,7579.8384,3220.07
17883.0,8429.01805,3079.43
17883.0,9386.80266,3026.69
17883.0,10687.88164,2921.21
17883.0,5547.92682,1426.91
17883.0,2467.38652,225.61
17883.0,1108.45289,52.74
17883.0,1086.78817,114.27
17883.0,1162.26299,114.27
17883.0,1131.94645,181.66
17883.0,1051.61817,231.47
17883.0,8390.04969,2100.81
17883.0,8309.40488,2188.71
17883.0,7543.64847,2218.01
17883.0,6360.88137,2332.28
17883.0,5453.07333,2203.36
17883.0,5206.2151,2045.14
17883.0,4782.13524,2094.95
17883.0,4733.42479,2150.62
17883.0,4868.51276,2156.48
17883.0,4436.51965,2130.11
17883.0,4158.32495,2238.52
17883.0,4873.64758,2387.95
17883.0,5272.93259,2525.66
17883.0,5238.29014,2575.47
17883.0,5497.84474,2464.13
17883.0,5676.47317,2423.11
17883.0,5968.03247,2385.02
17883.0,6630.10772,2338.14
17883.0,7058.93553,2285.4
17883.0,7137.7515,2276.61
17883.0,6546.43829,2434.83
17883.0,6167.30569,2440.69
17883.0,6200.08413,2399.67
17883.0,6492.382,2420.18
17883.0,5994.62099,2484.64
17883.0,5628.6068,2434.83
17883.0,5583.37818,2364.51
17883.0,5062.7215,2379.16
17883.0,4815.68742,2311.77
17883.0,4564.67913,2238.52
17883.0,3793.54171,2264.89
17883.0,3977.51598,2282.47
17883.0,4018.59454,2311.77
17883.0,3586.14422,2320.56
17883.0,3995.87472,2355.72
17883.0,4445.1363,2393.81
17883.0,4386.68376,2472.92
17883.0,4617.92651,2604.77
17883.0,4984.22206,2572.54
17883.0,5165.4179,2411.39
17883.0,5145.89855,2355.72
17883.0,5728.52477,2349.86
17883.0,5597.6572,2382.09
17883.0,5855.1016,2349.86
17883.0,5626.60211,2344.0
17883.0,6197.55189,2311.77
17883.0,6311.29167,2300.05
17883.0,6664.3633,2291.26
17883.0,6260.92823,2344.0
17883.0,5907.75109,2308.84
17883.0,5324.70283,2341.07
17883.0,4799.50922,2346.93
17883.0,4308.00847,2344.0
17883.0,4534.96048,2250.24
17883.0,4047.96149,2264.89
17883.0,3747.25799,2332.28
17883.0,4076.37885,2323.49
17883.0,3626.51938,2411.39
17883.0,3914.87821,2434.83
17883.0,4229.82556,2487.57
17883.0,4248.14913,2572.54
17883.0,4251.49028,2666.3
17883.0,4878.21968,2593.05
17883.0,5089.02866,2490.5
17883.0,5533.26093,2341.07
17883.0,5957.55181,2320.56
17883.0,6526.18037,2218.01
17883.0,7220.33066,2138.9
17883.0,8052.06599,2171.13
17883.0,8796.79074,2065.65
17883.0,9367.91637,2168.2
17883.0,8453.77773,2065.65
17883.0,8124.41068,2130.11
17883.0,7587.39995,2182.85
17883.0,7077.08325,2223.87
17883.0,6651.77244,2317.63
17883.0,6172.335,2235.59
17883.0,5462.92093,2174.06
17883.0,4886.02742,2232.66
17883.0,4645.85149,2235.59
17883.0,4441.05658,2285.4
17883.0,4488.32506,2338.14
17883.0,4579.23951,2393.81
17883.0,4691.36147,2572.54
17883.0,5259.39214,2622.35
17883.0,5420.25972,2657.51
17883.0,5595.86353,2610.63
17883.0,5742.87413,2528.59
17883.0,6672.55791,2352.79
17883.0,8971.23394,2250.24
17883.0,11160.24991,2200.43
17883.0,12518.44497,2223.87
17883.0,13039.6292,2215.08
17883.0,13959.71157,2244.38
17883.0,15097.39073,2130.11
17883.0,15402.87735,2150.62
17883.0,14438.65663,2176.99
17883.0,13117.14388,2300.05
17883.0,11897.83515,2244.38
17883.0,11080.87122,2261.96
17883.0,9795.97044,2229.73
17883.0,8653.82469,2156.48
17883.0,7529.05292,2182.85
17883.0,6717.29415,2311.77
17883.0,6231.56128,2376.23
17883.0,5903.84722,2379.16
17883.0,5844.5506,2411.39
17883.0,4763.38963,2587.19
17883.0,6176.02785,2757.13
17883.0,6675.05498,2836.24
17883.0,6813.23791,2721.97
17883.0,7146.43849,2742.48
17883.0,7798.38478,2716.11
17883.0,7647.29446,2786.43
17883.0,8376.05203,2704.39
17883.0,8848.94785,2698.53
17883.0,9224.31726,2648.72
17883.0,9691.02316,2663.37
17883.0,9932.53555,2595.98
17883.0,9851.43353,2552.03
17883.0,9031.76151,2598.91
17883.0,8482.01924,2663.37
17883.0,8143.29697,2631.14
17883.0,7827.18901,2642.86
17883.0,7112.46427,2552.03
17883.0,6418.13813,2487.57
17883.0,3150.73962,2513.94
17883.0,5877.15319,2616.49
17883.0,5714.84364,2622.35
17883.0,5352.20577,2692.67
17883.0,5185.78133,2789.36
17883.0,5355.82828,3020.83
17883.0,6382.54609,3196.63
17883.0,6244.46867,3205.42
17883.0,7068.00939,3020.83
17883.0,7474.39874,2833.31
17883.0,9205.60682,2593.05
17883.0,10041.77357,2581.33
17883.0,9498.95979,2220.94
17883.0,12954.09576,2464.13
17883.0,13930.87217,2508.08
17883.0,14696.41756,2385.02
17883.0,15026.31216,2382.09
17883.0,14649.60629,2329.35
17883.0,13671.00104,2361.58
17883.0,12272.18463,2402.6
17883.0,11385.65444,2361.58
17883.0,10952.81725,2364.51
17883.0,9836.6973,2285.4
17883.0,8528.05677,2250.24
17883.0,4153.50666,2247.31
17883.0,4010.68129,2302.98
17883.0,7167.32947,2420.18
17883.0,1715.41675,2516.87
17883.0,5346.82476,2575.47
17883.0,3711.20874,2765.92
17883.0,7408.17363,2897.77
17883.0,7321.3389,2909.49
17883.0,8202.62876,2742.48
17883.0,10085.91192,2446.55
17883.0,12996.08874,2338.14
17883.0,14853.87365,2288.33
17883.0,16503.62801,2179.92
17883.0,18118.1772,2212.15
17883.0,18786.12584,2370.37
17883.0,19304.1096,2218.01
17883.0,19687.04056,2218.01
17883.0,19022.81994,2220.94
17883.0,17878.17712,2182.85
17883.0,16102.5845,2153.55
17883.0,14546.48785,2174.06
17883.0,13060.80154,2270.75
17883.0,12292.40738,2168.2
17883.0,11350.0624,2171.13
17883.0,0.0,2209.22
17883.0,0.0,2220.94
17883.0,6496.42655,2250.24
17883.0,2024.27969,2332.28
17883.0,0.0,2417.25
17883.0,4069.8724,2628.21
17883.0,8235.16101,2833.31
17883.0,8723.74265,2736.62
17883.0,10248.96004,2546.17
17883.0,13298.69142,2385.02
17883.0,15433.36974,2235.59
17883.0,17383.08903,2220.94
17883.0,18956.52449,2171.13
17883.0,19814.4263,2261.96
17883.0,21132.28137,2267.82
17883.0,21557.90871,2247.31
17883.0,21823.89942,2247.31
17883.0,21344.21579,2209.22
17883.0,19318.00175,2215.08
17883.0,17614.78899,2302.98
17883.0,16063.05342,2250.24
17883.0,15049.91123,2273.68
17883.0,13098.15208,2294.19
17883.0,11659.62874,2229.73
17883.0,0.0,2165.27
17883.0,0.0,2220.94
17883.0,0.0,2191.64
17883.0,0.0,2308.84
17883.0,0.0,2358.65
17883.0,4264.60869,2390.88
17883.0,8743.50819,2487.57
17883.0,9076.35707,2449.48
17883.0,10675.78316,2294.19
17883.0,13935.19808,2185.78
17883.0,16057.63724,2115.46
17883.0,17357.06323,2001.19
17883.0,18844.50804,1916.22
17883.0,19963.68778,1939.66
17883.0,20507.76768,1898.64
17883.0,21227.09969,1898.64
17883.0,21592.34014,1895.71
17883.0,20687.66223,1854.69
17883.0,19393.19521,1933.8
17883.0,17229.46647,1939.66
17883.0,16283.14728,1886.92
17883.0,15393.27594,1963.1
17883.0,14296.64017,1951.38
17883.0,13170.84847,1927.94
17883.0,12283.22801,1974.82
17883.0,11984.1775,1945.52
17883.0,5822.78037,2012.91
17883.0,0.0,2089.09
17883.0,0.0,2165.27
17883.0,5224.96071,2261.96
17883.0,10333.43838,2408.46
17883.0,10465.07969,2355.72
17883.0,11456.24063,2215.08
17883.0,13490.43826,2235.59
17883.0,14977.07416,2191.64
17883.0,16264.19065,2203.36
17883.0,17125.08191,2311.77
17883.0,18467.90768,2261.96
17883.0,18665.73893,2335.21
17883.0,18095.07051,2279.54
17883.0,17924.91805,2297.12
17883.0,16861.48276,2302.98
17883.0,15822.24443,2352.79
17883.0,14543.77976,2385.02
17883.0,13384.85792,2464.13
17883.0,12211.93842,2431.9
17883.0,11135.8771,2411.39
17883.0,9838.56131,2437.76
17883.0,8977.74039,2408.46
17883.0,2194.67834,2469.99
17883.0,6675.82872,2449.48
17883.0,0.0,2528.59
17883.0,0.0,2601.84
17883.0,8885.84118,2815.73
17883.0,9065.55988,2903.63
17883.0,9226.99018,2971.02
17883.0,9708.6785,2906.56
17883.0,10749.25329,2877.26
17883.0,12205.99469,2686.81
17883.0,13306.78052,2663.37
17883.0,14192.92384,2543.24
17883.0,15161.0836,2493.43
17883.0,15761.61135,2581.33
17883.0,16384.82375,2628.21
17883.0,16197.12146,2522.73
17883.0,15824.70633,2505.15
17883.0,14853.55712,2552.03
17883.0,13324.68205,2598.91
17883.0,12439.55866,2590.12
17883.0,11704.01328,2657.51
17883.0,9856.95522,2590.12
17883.0,8783.03927,2481.71
17883.0,8209.76827,2537.38
17883.0,8008.84206,2569.61
17883.0,7506.05174,2686.81
17883.0,7255.35998,2760.06
17883.0,7239.7445,2865.54
17883.0,7782.90998,2997.39
17883.0,8369.7566,3029.62
17883.0,8564.63357,3050.13
17883.0,9092.39459,2971.02
17883.0,10059.71027,2751.27
17883.0,12214.78719,2616.49
17883.0,13089.81679,2642.86
17883.0,12385.60788,2628.21
17883.0,11940.9184,2414.32
17883.0,11893.72026,2317.63
17883.0,11283.20423,2317.63
17883.0,11502.24299,2232.66
17883.0,11166.08813,2285.4
17883.0,10847.37759,2379.16
17883.0,9715.50148,2461.2
17883.0,9026.16948,2508.08
17883.0,8403.1681,2487.57
17883.0,8057.16564,2390.88
17883.0,7252.96842,2326.42
17883.0,7020.88159,2294.19
17883.0,6948.99411,2323.49
17883.0,6537.57545,2317.63
17883.0,6295.14864,2431.9
17883.0,6623.46059,2560.82
17883.0,6923.67171,2704.39
17883.0,7361.4327,2809.87
17883.0,7748.86542,2815.73
17883.0,8166.89604,2678.02
17883.0,9105.68885,2519.8
17883.0,9944.42301,2458.27
17883.0,10649.05396,2461.2
17883.0,12415.57272,2367.44
17883.0,13151.32912,2382.09
17883.0,14394.58862,2379.16
17883.0,15109.98159,2385.02
17883.0,15653.8153,2314.7
17883.0,15137.76589,2367.44
17883.0,14454.48313,2361.58
17883.0,13211.85669,2396.74
17883.0,12404.21281,2396.74
17883.0,11335.60753,2437.76
17883.0,10099.94475,2508.08
17883.0,8999.54579,2396.74
17883.0,8201.67917,2411.39
17883.0,7564.96149,2437.76
17883.0,7125.19581,2569.61
17883.0,6823.75374,2525.66
17883.0,6756.22734,2637.0
17883.0,7027.28253,2836.24
17883.0,7499.61563,3026.69
17883.0,7742.39414,2997.39
17883.0,8188.49042,2850.89
17883.0,9136.60328,2721.97
17883.0,10315.50168,2721.97
17883.0,11825.5608,2616.49
17883.0,13401.91537,2531.52
17883.0,14597.83605,2387.95
17883.0,14517.36709,2549.1
17883.0,15013.22892,2469.99
17883.0,14939.30158,2364.51
17883.0,14246.73394,2534.45
17883.0,13247.44873,2628.21
17883.0,12491.6806,2531.52
17883.0,11663.25125,2546.17
17883.0,10721.43382,2637.0
17883.0,9317.30674,2519.8
17883.0,8346.86093,2472.92
17883.0,7787.09521,2440.69
17883.0,7532.49958,2475.85
17883.0,7191.03405,2452.41
17883.0,6963.27313,2549.1
17883.0,7052.42908,2557.89
17883.0,7483.96498,2724.9
17883.0,7991.53842,2798.15
17883.0,7934.73887,2774.71
17883.0,8076.29812,2648.72
17883.0,9673.75469,2426.04
17883.0,10655.77143,2370.37
17883.0,11415.33792,2382.09
17883.0,12352.37223,2267.82
17883.0,11786.55727,2417.25
17883.0,11193.2042,2338.14
17883.0,11784.65809,2355.72
17883.0,12049.5937,2314.7
17883.0,11757.99923,2390.88
17883.0,11456.83852,2367.44
17883.0,10509.99178,2399.67
17883.0,10002.91072,2437.76
17883.0,9119.05345,2379.16
17883.0,8316.75541,2352.79
17883.0,7433.70705,2308.84
17883.0,6807.43486,2408.46
17883.0,6512.46407,2393.81
17883.0,6442.01856,2411.39
17883.0,6310.37725,2511.01
17883.0,6516.08658,2534.45
17883.0,6507.75129,2660.44
17883.0,6988.06798,2771.78
17883.0,7540.06113,2657.51
17883.0,7862.67554,2528.59
17883.0,9208.9128,2344.0
17883.0,10764.02469,2317.63
17883.0,12864.30675,2264.89
17883.0,13673.67396,2212.15
17883.0,14766.93341,2168.2
17883.0,15845.03459,2159.41
17883.0,16505.77338,2124.25
17883.0,16898.37609,2179.92
17883.0,16413.69832,2197.5
17883.0,15727.42611,2209.22
17883.0,14407.46084,2259.03
17883.0,13396.63987,2288.33
17883.0,12597.5423,2305.91
17883.0,11833.19269,2256.1
17883.0,10895.03294,2276.61
17883.0,9914.59885,2352.79
17883.0,9217.17775,2370.37
17883.0,8619.8153,2443.62
17883.0,8359.66281,2431.9
17883.0,8270.5772,2513.94
17883.0,8464.96179,2522.73
17883.0,8428.52567,2631.14
17883.0,9049.02998,2642.86
17883.0,10891.37526,2437.76
17883.0,14320.13373,2329.35
17883.0,15844.57738,2241.45
17883.0,16927.18032,2267.82
17883.0,18218.02483,2223.87
17883.0,18914.88321,2291.26
17883.0,19666.0089,2244.38
17883.0,20219.02198,2285.4
17883.0,20988.99879,2288.33
17883.0,20269.03372,2267.82
17883.0,19517.45082,2238.52
17883.0,17507.73151,2244.38
17883.0,15959.61845,2212.15
17883.0,14775.44455,2335.21
17883.0,13705.71383,2305.91
17883.0,12897.01485,2200.43
17883.0,11504.88074,2297.12
17883.0,10696.32244,2323.49
17883.0,9729.53431,2300.05
17883.0,9258.1508,2326.42
17883.0,9362.42985,2472.92
17883.0,9884.03612,2534.45
17883.0,10421.08202,2622.35
17883.0,11178.0811,2475.85
17883.0,14806.28864,2341.07
17883.0,17191.62355,2223.87
17883.0,19218.40031,2182.85
17883.0,20107.99029,2162.34
17883.0,21476.03295,2086.16
17883.0,22491.10949,2094.95
17883.0,23264.39228,2100.81
17883.0,23748.5425,2144.76
17883.0,23500.66434,2218.01
17883.0,23048.34297,2194.57
17883.0,21474.83717,2226.8
17883.0,19739.5142,2273.68
17883.0,18184.89469,2373.3
17883.0,16779.81802,2367.44
17883.0,15073.89717,2323.49
17883.0,13690.90726,2267.82
17883.0,12546.86233,2206.29
17883.0,11210.36716,2238.52
17883.0,10104.58719,2267.82
17883.0,9599.2998,2264.89
17883.0,9590.96451,2390.88
17883.0,10068.25658,2528.59
17883.0,10061.89081,2631.14
17883.0,10475.91205,2554.96
17883.0,12579.53526,2446.55
17883.0,16152.63141,2320.56
17883.0,19064.53156,2358.65
17883.0,19591.20231,2370.37
17883.0,21047.97888,2288.33
17883.0,21627.75633,2253.17
17883.0,22473.59483,2300.05
17883.0,23037.54578,2294.19
17883.0,23135.91627,2188.71
17883.0,22750.66409,2215.08
17883.0,21340.34709,2264.89
17883.0,19416.02054,2264.89
17883.0,17711.29547,2276.61
17883.0,16537.42638,2355.72
17883.0,14839.80565,2346.93
17883.0,13248.75002,2405.53
17883.0,12332.74737,2464.13
17883.0,11353.2277,2437.76
17883.0,11160.81263,2455.34
17883.0,10422.20746,2478.78
17883.0,7764.16437,2581.33
17883.0,11507.79985,2727.83
17883.0,12273.9783,2707.32
17883.0,12512.0792,2701.46
17883.0,15036.30044,2631.14
17883.0,17784.27322,2601.84
17883.0,19372.12838,2584.26
17883.0,20531.12056,2472.92
17883.0,21954.94284,2484.64
17883.0,22818.36634,2511.01
17883.0,23602.05945,2469.99
17883.0,24236.80761,2461.2
17883.0,24331.34457,2461.2
17883.0,24139.91426,2402.6
17883.0,22814.95485,2379.16
17883.0,20563.12526,2376.23
17883.0,18908.65812,2355.72
17883.0,17102.29175,2300.05
17883.0,15589.8059,2282.47
17883.0,13974.37746,2300.05
17883.0,12783.62677,2302.98
17883.0,12714.51772,2297.12
17883.0,12622.33715,2302.98
17883.0,12651.66893,2370.37
17883.0,13243.82622,2437.76
17883.0,14383.36939,2537.38
17883.0,15613.82701,2469.99
17883.0,17014.1909,2423.11
17883.0,19130.96769,2329.35
17883.0,21145.75148,2349.86
17883.0,23025.62315,2282.47
17883.0,24918.12085,2279.54
17883.0,26003.92426,2150.62
17883.0,27540.46639,2256.1
17883.0,28228.28608,2235.59
17883.0,28640.58399,2094.95
17883.0,28339.77498,2106.67
17883.0,28109.72801,2086.16
17883.0,26364.02989,2124.25
17883.0,24378.7889,2077.37
17883.0,22985.45901,2124.25
17883.0,20838.61187,2103.74
17883.0,18628.70492,2039.28
17883.0,17354.74201,2048.07
17710.22,16435.53889,2015.84
17704.35,16642.93638,1966.03
17517.72,17031.24835,1989.47
17368.35,16805.21076,2027.56
17421.2,17022.9834,1989.47
17479.05,17453.07733,2165.27
17985.4,18046.36006,2033.42
16499.25,18056.34834,2106.67
16890.78,20124.9774,1963.1
17940.5,22596.26779,1992.4
19169.55,25082.29441,2018.77
17358.25,25506.37427,1963.1
17559.15,26492.29488,2018.77
17718.55,27473.57305,2051.0
17752.97,28475.84771,2065.65
17666.57,29015.00381,1957.24
17433.75,28999.56418,1895.71
16968.2,28852.72943,1971.89
16235.05,26863.23287,1960.17
15785.85,24554.67407,1966.03
15104.83,22695.58787,1971.89
16285.77,21035.14183,1966.03
18932.97,19907.80265,1983.61
18341.43,18312.98383,1925.01
17199.6,17066.10182,1863.48
16961.8,15498.0122,1901.57
16844.75,14693.56879,1942.59
16731.02,14516.03063,1933.8
16701.75,14838.39885,1954.31
16520.95,15023.35788,2004.12
16673.05,16279.10273,2089.09
14899.4,17047.70791,1998.26
15966.05,19425.4461,1904.5
16507.42,21421.09741,1895.71
17023.5,22862.15299,1886.92
18165.7,24590.82883,1898.64
18995.67,26621.89633,1878.13
19079.3,27810.60716,1796.09
19259.68,28361.68589,1840.04
19264.4,28947.82911,1901.57
19865.75,29521.59249,1875.2
18491.65,28134.03048,1927.94
18267.5,26876.84366,1845.9
17324.88,24923.11499,1875.2
16411.35,23073.13782,1895.71
16307.55,21981.91823,1913.29
15902.48,20823.84047,1845.9
15294.75,19218.40031,1895.71
14416.55,17926.99308,1895.71
14212.68,17098.9506,1910.36
14078.55,15520.06379,1851.76
13901.23,14521.05994,1910.36
13790.63,14405.70234,1919.15
13938.5,15367.77769,2048.07
14342.13,16214.28442,2086.16
14850.45,17111.92833,2001.19
15815.28,19837.81435,1925.01
16408.38,21599.44448,1930.87
17037.45,23198.51887,1919.15
18512.85,25537.88659,1942.59
18672.7,27169.21187,1857.62
18963.85,28578.50894,1866.41
19263.38,29192.08476,1957.24
19500.75,29607.37212,1963.1
19367.55,29576.07082,1963.1
18858.5,28393.93678,2056.86
17750.7,26567.20698,2074.44
17143.82,24729.82067,2080.3
16880.28,23345.10743,2068.58
16369.8,22308.54202,2083.23
15846.23,20997.75612,2065.65
15069.27,19054.93015,2030.49
12437.47,16866.33622,1936.73
11893.75,16747.98917,1957.24
11860.27,16094.24921,2009.98
11648.88,15524.67106,2007.05
11622.5,15195.83156,2039.28
12139.13,15983.21752,2203.36
12691.22,16470.63855,2220.94
12971.6,16687.67262,2162.34
13429.82,17830.34592,2144.76
14691.4,20473.58244,2094.95
16351.0,24338.44891,2001.19
15309.15,26498.16827,2039.28
15393.45,27662.43595,2036.35
15765.45,29331.99102,1963.1
15849.3,30246.58687,1995.33
15798.45,30893.92589,2051.0
15573.83,31349.23671,2068.58
15228.5,30448.88471,2100.81
14786.1,28478.76682,2033.42
14128.15,26196.65586,2103.74
13571.38,24272.11829,2118.39
12391.25,23053.37228,2012.91
14084.65,20862.94951,1989.47
14917.72,19173.55856,1986.54
14734.65,18432.597,1948.45
14363.9,17514.3083,1983.61
14542.95,17324.0386,1963.1
14079.9,17304.65993,1939.66
14342.18,16854.41359,1992.4
15567.3,17678.69288,2068.58
17199.6,19302.87865,2124.25
17308.2,19542.42152,2092.02
17099.1,21031.13245,1974.82
16213.7,23277.72171,2118.39
17234.13,25405.82324,2033.42
15186.6,25732.51737,2039.28
15183.9,26313.52577,2074.44
15364.3,27415.7184,2065.65
15446.18,28107.72332,2062.72
15413.6,28977.19606,2086.16
15141.35,28808.94278,2074.44
14803.88,30221.86236,2127.18
14074.05,27374.49916,2220.94
13635.13,24585.30714,2300.05
12991.53,23412.52832,2276.61
11624.48,20293.16034,2288.33
14613.13,19207.46244,2314.7
14891.77,16690.09935,2291.26
14771.95,16426.28918,2256.1
14472.9,16523.35838,2288.33
14293.25,15482.11536,2291.26
13988.35,13842.94717,2341.07
13806.45,13409.75828,2341.07
14446.03,14055.16295,2446.55
15080.1,14750.79038,2467.06
12995.37,15872.29134,2467.06
13748.57,18135.55118,2291.26
15290.75,21595.4351,2358.65
15951.38,23289.574,2461.2
15206.65,25078.07401,2540.31
15407.13,26289.64534,2311.77
15390.67,27779.51688,2344.0
15656.7,28697.27803,2367.44
15509.1,29561.82697,2405.53
15294.98,29761.83876,2329.35
14645.38,29774.49996,2276.61
14031.05,28055.63655,2253.17
13500.7,25740.74715,2288.33
12693.35,24145.78765,2226.8
13283.73,21097.00586,2209.22
15973.65,20228.30686,2191.64
15392.03,18731.50683,2194.57
14837.77,16987.03966,2109.6
14658.82,16502.85427,2056.86
14683.57,14829.04363,2001.19
14437.88,15967.03932,2083.23
14345.32,14235.30369,2153.55
14657.9,14956.42937,2326.42
13242.3,16614.76521,2408.46
13095.95,17158.59892,2338.14
13874.08,19736.10271,2118.39
15149.92,22986.86581,2094.95
16240.8,25226.3859,1980.68
15588.92,26979.6104,1945.52
15553.8,27964.30006,1872.27
15210.6,27119.97387,1857.62
16144.27,30473.96092,1787.3
16124.67,30704.04306,1860.55
15681.33,30666.55184,1854.69
15234.25,30150.95964,1845.9
14653.95,28605.37882,1854.69
14256.7,26699.41101,1942.59
13488.23,25307.94513,1916.22
14349.35,22054.15741,1901.57
17653.55,20607.05259,1863.48
15963.05,20083.4768,1933.8
15865.3,17923.6871,1919.15
15575.05,16917.19204,1927.94
15258.78,16229.1965,1886.92
14882.0,15877.88337,1957.24
15002.97,14661.73994,2027.56
15881.5,15684.97592,2056.86
13737.9,16334.28446,2059.79
14604.55,19326.37221,2004.12
16792.83,21050.22976,1957.24
16819.28,23277.51069,2171.13
17133.38,25387.85137,1989.47
16327.33,27481.02909,2092.02
16563.4,28866.93811,2092.02
18579.93,29843.71452,2197.5
18633.85,30484.12505,2308.84
18388.82,30846.16503,2259.03
18105.05,31395.97764,2206.29
17182.45,30288.82604,2097.88
16132.35,28037.73502,2171.13
16059.83,25836.9371,2218.01
15731.7,23949.43354,2253.17
16743.53,21852.70365,2127.18
19707.45,20019.8191,2051.0
18003.42,17710.9086,2071.51
17369.85,16932.35031,2106.67
17279.7,16564.43694,2083.23
17092.15,15928.56334,2133.04
16628.17,15019.03197,2109.6
15977.35,13758.1523,2144.76
15196.47,12820.23874,2220.94
15683.13,13661.71616,2305.91
14602.63,16103.53409,2232.66
14820.8,17866.60619,2130.11
16800.43,20812.69158,2135.97
17323.7,22636.95948,2109.6
18363.58,24426.83112,2068.58
18717.25,25992.70503,2062.72
19720.4,27593.64343,2074.44
19604.72,28258.25092,2071.51
19265.75,28852.69426,2015.84
19034.32,28219.28256,2065.65
18578.92,27326.3866,2051.0
17707.97,26257.88683,2062.72
17231.9,24140.65283,2036.35
16923.7,22461.53152,2007.05
16257.98,21589.52654,1916.22
15364.28,19567.35705,1971.89
14635.55,18677.52088,1957.24
14536.3,17602.12779,1989.47
14394.52,16829.26704,2051.0
14175.97,16222.76039,2027.56
13885.63,14887.49617,2015.84
13634.95,14254.61202,2118.39
13663.8,15534.37798,2188.71
13788.4,15232.40836,2229.73
14312.2,15711.38859,2176.99
15436.8,18803.67567,1995.33
16430.22,21739.87829,2080.3
17825.58,23552.75111,2056.86
18255.15,24947.1361,1957.24
18256.33,26050.87621,1942.59
18970.97,27416.49214,1960.17
19308.4,28215.1325,1992.4
19005.63,28176.83237,2074.44
18484.25,27216.97273,2030.49
18068.2,26977.88707,1998.26
17210.6,24410.0902,2039.28
17400.33,24345.90495,2092.02
16961.9,22537.70974,2053.93
16446.0,21259.87813,1930.87
15794.48,20962.65646,2009.98
15184.67,20228.06067,1939.66
17251.13,17896.64137,1913.29
18443.55,16764.16737,1878.13
18352.85,16416.01954,1834.18
18141.83,15795.58557,1977.75
18304.3,16597.67259,1927.94
18939.38,17535.0586,2051.0
20239.35,18734.91832,2056.86
20288.1,19151.61248,2015.84
21164.5,21494.35652,1863.48
22747.38,25034.39287,1837.11
23518.1,26394.97949,1866.41
21920.35,27393.49096,1878.13
22046.33,28367.98132,1854.69
22229.05,29106.48098,1810.74
22336.45,29981.33473,1837.11
22302.15,30383.08164,1831.25
22145.35,30491.96796,1749.21
21746.78,30603.5272,1772.65
21250.05,29238.86086,1851.76
20741.63,26880.95855,1895.71
20129.8,24685.85817,1954.31
19225.1,22605.76369,1851.76
22486.82,20799.92487,1825.39
22816.25,19964.2505,1799.02
22396.42,18379.41996,1799.02
21990.6,17473.96831,1760.93
21617.25,15903.34645,1807.81
21448.82,16180.97843,1828.32
21434.13,15599.68867,1936.73
21708.67,16724.70663,2141.83
23131.85,17474.07382,2153.55
20283.25,18694.29697,2042.21
20481.17,21842.39884,1939.66
21481.85,23081.12141,1919.15
22540.8,24543.0328,1872.27
21671.48,26503.83064,1901.57
21733.6,27217.60579,1863.48
22059.97,28352.89339,1892.78
22150.65,29868.15767,1901.57
22267.2,30240.32661,1886.92
22061.8,30850.13924,1875.2
21574.0,30920.30339,1848.83
20831.95,28310.68939,1851.76
20311.45,26318.27372,1925.01
19566.7,23754.48623,1898.64
18827.63,22204.01678,1939.66
21239.78,19466.34881,1980.68
22115.1,19335.93845,1875.2
21793.88,17328.36451,1910.36
21106.05,17050.16981,1892.78
21306.32,16748.90359,1945.52
21157.67,15921.07213,1878.13
21210.0,15467.0626,1968.96
21443.3,16268.27037,2135.97
21880.72,18456.68845,2156.48
20423.53,18677.59122,2039.28
20435.97,20315.77465,1971.89
21472.38,22306.46699,1898.64
22291.02,23761.2037,1892.78
21639.33,25209.64498,2042.21
21060.7,25640.19612,1942.59
19234.05,27731.93187,2001.19
18895.7,28663.47966,2021.7
18077.72,28151.65065,1945.52
17066.45,28896.0237,1919.15
16770.33,27429.54021,1919.15
16254.85,26487.65244,2001.19
15777.3,23798.65975,1872.27
15223.45,23289.29264,1840.04
16244.92,20992.48062,1878.13
18868.93,20007.19307,1927.94
18351.78,19185.69221,1907.43
18268.03,17656.88748,1913.29
17437.67,16998.57542,1930.87
17353.88,16544.88242,1933.8
16965.88,16986.93415,2024.63
16355.43,15609.25491,1966.03
16620.5,16477.32085,2138.9
16798.92,16731.21308,2253.17
15350.63,16382.57287,2056.86
16070.1,17594.1442,2001.19
17409.0,20134.1216,1951.38
17744.88,21585.69301,1945.52
16980.03,22964.07565,1995.33
16682.33,23077.88577,2051.0
16889.55,23638.07353,2080.3
16836.53,24081.46172,2135.97
16883.55,24535.36574,2001.19
16481.38,24585.83469,2059.79
15801.27,23621.5788,2094.95
14604.8,22301.82455,2209.22
14557.48,20919.50287,2150.62
14205.92,22937.73332,2147.69
15162.75,20482.16392,2188.71
17263.65,16856.24243,2045.14
16385.38,14885.94869,2130.11
16144.92,13805.13942,2089.09
15905.65,13322.78287,2051.0
15771.72,12885.51426,2065.65
15596.8,12279.28897,2150.62
15536.18,11987.16695,2197.5
15832.65,12365.49064,2420.18
15824.75,13269.88719,2440.69
14280.0,13566.33512,2379.16
15576.15,16586.20717,2250.24
16672.47,19424.35583,2200.43
17205.65,20923.96946,2226.8
16555.67,21794.32145,2215.08
16768.03,22641.7426,2159.41
16587.22,23396.66665,2156.48
16264.9,23407.00663,2144.76
16345.35,23922.56366,2194.57
16018.33,24391.59078,2232.66
15618.45,24201.39142,2182.85
15238.33,22622.57495,2220.94
14212.95,20828.27189,2209.22
13491.15,19115.91493,2106.67
14622.2,17668.3529,2162.34
17389.38,16506.47678,2168.2
16755.93,15222.91246,2053.93
16033.08,13398.46871,2056.86
15040.58,12229.20689,2135.97
14951.45,11825.13876,2179.92
14916.55,11169.95683,2220.94
14603.75,10963.43859,2279.54
14815.35,11016.96733,2329.35
14679.6,11060.01541,2481.71
12995.13,12270.98885,2326.42
13985.67,15344.35447,2171.13
15899.35,18789.53733,2147.69
16700.53,20435.84503,2089.09
16860.95,20671.80056,2182.85
17099.6,21547.14669,2133.04
17563.13,22480.45298,2130.11
17673.15,23004.09911,2115.46
18056.88,23639.05829,2071.51
17446.88,23688.71833,2068.58
16811.97,22892.39919,2033.42
16038.67,21864.55594,2086.16
16022.13,20382.49214,2153.55
15547.65,19168.0017,2141.83
15146.85,17985.62147,2168.2
14609.92,16866.33622,2056.86
13588.0,15274.04964,1968.96
13191.63,14355.54992,1916.22
13113.83,13916.0656,2059.79
13033.78,13615.50278,2007.05
12911.3,13167.96453,2015.84
12812.13,13015.08054,2051.0
12844.92,12894.62329,2077.37
13021.77,13643.28708,2109.6
14339.82,15783.97947,2018.77
14632.47,17208.15345,1939.66
15446.45,18810.07661,1886.92
16117.92,19725.65722,1898.64
16783.52,20653.16046,1886.92
17151.8,21458.02591,1925.01
17315.53,22239.67916,1968.96
17447.07,22161.00387,1948.45
16951.75,21400.10092,1954.31
16696.85,20965.75142,1963.1
16541.53,22251.91832,1971.89
16132.1,24781.62608,1910.36
15925.33,20796.54855,1989.47
15353.85,17677.95431,1925.01
14958.17,16639.31387,1930.87
14387.5,15898.28197,2024.63
13913.53,14668.14088,1936.73
14005.13,13730.12181,1936.73
13932.43,13508.05843,1942.59
13957.23,13150.34436,2001.19
13600.75,12685.39696,2007.05
13563.97,12999.00785,2083.23
14140.27,13724.0374,2226.8
14913.5,14553.09981,2138.9
16066.9,16704.65973,2048.07
16295.7,18526.88777,1954.31
17331.72,20566.74777,1936.73
18096.7,21830.40587,1925.01
17365.55,22899.57387,1872.27
17561.65,23900.4769,1922.08
17686.7,24586.43258,1948.45
17654.0,25633.19729,2062.72
17382.47,26175.20216,2027.56
17033.75,26511.4977,1968.96
16674.08,26391.39215,1939.66
15168.93,25127.2065,2027.56
14537.95,23124.38051,2042.21
13449.42,21010.94487,2042.21
14320.25,19119.50227,2062.72
17707.53,17979.39638,2021.7
17972.7,16848.1885,2059.79
17383.4,14957.02726,2039.28
16715.88,14075.35053,2024.63
16455.78,13645.18626,1992.4
15935.75,12621.42273,2080.3
15696.25,12200.50817,2179.92
16096.83,12871.37592,2358.65
16443.7,13478.83216,2300.05
15587.13,15381.42365,2168.2
16127.75,18580.55719,2144.76
17059.22,20906.20861,2083.23
17909.45,22851.03927,2109.6
17429.3,25181.12211,2106.67
17407.7,26161.27484,2021.7
17502.85,27097.50024,2103.74
17518.65,27857.77013,2077.37
17477.95,28694.60511,2133.04
17256.8,28979.06007,2109.6
16839.08,28939.38831,2097.88
16282.48,27832.90494,2127.18
15795.18,25170.04356,2109.6
15171.83,23055.06044,2121.32
15644.92,21354.13373,2092.02
17359.05,19632.38638,2089.09
17709.93,17651.15477,2071.51
17535.65,16482.17431,2071.51
17089.15,16003.29959,2053.93
17212.8,15288.0473,2080.3
16835.65,15223.79171,2092.02
16465.85,15211.27119,2259.03
17395.28,15787.49647,2349.86
17217.95,16297.49664,2302.98
11753.1,12952.51311,1640.8
nan,nan,nan
nan,nan,nan
14660.26,3299.33287,269.56
16597.67,25230.32494,2059.79
16505.4,26332.16587,2133.04
16819.7,27416.63282,2068.58
16826.97,28103.78428,2209.22
16698.08,28400.30255,2153.55
16444.97,28320.22046,2118.39
16098.53,27663.45588,2086.16
15363.55,26117.34751,2168.2
14732.7,23417.45212,2097.88
14105.33,21367.11146,2077.37
13874.75,19384.40271,2089.09
17033.05,17219.54853,2012.91
107763.1,15767.02753,2071.51
56531.57,14074.22509,1966.03
63867.65,13525.11588,1901.57
16284.48,13242.27874,1907.43
15994.25,12747.89405,1910.36
63378.57,12676.35827,2004.12
62697.0,12866.03008,2089.09
14599.03,13975.25671,2030.49
13549.38,15075.44465,1930.87
14916.38,16936.78173,1907.43
16113.17,19040.93249,1822.46
16788.78,20094.27399,1840.04
16101.1,21596.98258,1913.29
16148.15,22301.47285,1895.71
16227.73,22762.05917,1901.57
15929.88,23503.61862,1960.17
15754.98,23893.0912,1845.9
15268.05,23894.56834,1737.49
14917.32,23629.14035,1731.63
14505.38,22855.85756,1766.79
61978.7,24670.66473,1772.65
61316.7,20797.99052,1781.44
61500.38,17818.38812,1790.23
112428.6,16277.30906,1728.7
16879.63,15528.18806,1752.14
127424.27,14409.28968,1752.14
63440.08,13353.73247,1670.1
47679.2,13637.76539,1673.03
31483.17,13607.76538,1711.12
30970.38,12787.63615,1834.18
15830.58,12983.04067,2135.97
48154.15,13848.75022,2021.7
93526.48,14163.87342,1904.5
15533.52,16637.34435,1907.43
16200.48,18918.47055,1810.74
16687.65,19827.96675,1731.63
15953.28,20558.94003,1737.49
16608.6,22277.10004,1845.9
16932.75,23944.65042,1927.94
32763.82,24411.39149,1968.96
25092.13,25266.72589,1851.76
16511.68,26077.28888,1775.58
16192.95,25862.57603,1875.2
15575.9,24139.03501,1854.69
30212.8,21971.47274,1954.31
13894.35,20469.36204,1863.48
15386.45,19120.20567,1889.85
36305.97,17857.28614,1831.25
17548.8,17268.08313,1810.74
17378.58,16253.4638,1904.5
17499.15,15367.8832,1869.34
17126.45,14623.61566,1851.76
16067.55,13975.74909,1889.85
47738.25,13570.59069,1951.38
15674.02,13159.9106,2012.91
31008.9,13439.75829,2051.0
13704.63,15101.04841,1916.22
14437.6,16905.44526,1831.25
16298.42,19575.41098,1793.16
32916.8,21471.95323,1822.46
25520.22,22581.9536,1842.97
17980.58,23544.87303,1781.44
34818.05,25309.59812,1790.23
33837.82,25001.01654,1769.72
35092.3,26330.54805,1772.65
19082.8,26786.35125,1775.58
34197.35,26482.06041,1907.43
17891.6,25725.87024,1989.47
17168.63,23236.01009,1986.54
32350.17,21514.8958,1963.1
15550.23,20178.82267,1916.22
15185.13,18999.50223,1922.08
32841.9,18401.6474,2001.19
13815.0,16662.8426,1992.4
13879.5,16031.57627,1989.47
13788.3,15606.01927,1963.1
29416.72,14703.55707,1974.82
13270.17,13974.16644,2039.28
29301.23,14019.64125,2065.65
13528.92,14351.75156,2089.09
31639.17,16133.35825,1998.26
31197.58,18956.73551,1957.24
16137.6,20597.38084,1960.17
16862.47,22262.78585,1968.96
33848.95,23809.98449,1901.57
18473.7,25269.82085,1977.75
34423.93,26543.95961,1881.06
34771.35,27319.28226,1939.66
19042.92,27532.72899,1904.5
18881.15,27589.63405,1933.8
50350.18,28310.23218,1968.96
49795.95,28718.09867,1916.22
48624.55,24218.55438,1933.8
17006.85,22651.06265,1951.38
31764.7,21112.83236,1971.89
15454.42,19543.75798,1916.22
15170.1,18287.41524,1828.32
31019.53,17670.92031,1866.41
46367.15,16502.15087,2024.63
14256.8,15627.15644,2048.07
14374.6,15201.10706,2065.65
14314.75,15401.15402,2130.11
23464.6,16516.99261,2188.71
15029.77,17165.35156,2106.67
32320.97,17835.23455,2036.35
16592.28,18603.06599,2001.19
16686.45,19441.65947,2059.79
16659.95,20313.03139,1933.8
31203.13,20280.28812,1925.01
47196.0,20976.40793,1916.22
31694.63,22001.61343,1948.45
16285.25,22829.05802,1936.73
16843.3,23236.53764,1960.17
16293.35,22931.22687,1948.45
14650.65,21870.28865,1966.03
14095.6,20273.85201,1971.89
14157.23,18741.35443,2015.84
14014.05,17148.5403,1951.38
46486.07,15662.39678,1968.96
35414.2,14257.60147,1872.27
34996.93,13168.17555,1831.25
32335.95,12700.41455,1828.32
16115.75,12610.27384,1810.74
16113.95,12666.79203,1801.95
15577.93,12089.3358,1898.64
15459.23,11929.73434,1863.48
16633.4,12479.86348,1989.47
16971.97,13338.71488,2018.77
46174.23,12625.85415,2056.86
125882.02,13529.44179,1995.33
78882.33,14120.26262,1968.96
56178.65,15012.24416,2124.25
15621.2,16986.47694,2030.49
15770.72,18080.36945,1977.75
15624.58,18920.89728,2021.7
15740.52,19524.30897,1992.4
15458.13,19837.49782,2118.39
46925.72,20244.48506,2018.77
14749.65,20065.8918,2009.98
13900.2,18969.92426,1974.82
45411.4,17384.00345,2121.32
13360.15,16109.54816,2115.46
93953.43,15552.45536,2138.9
16821.17,14670.63795,2036.35
34623.43,13240.69609,1986.54
15884.35,12220.41439,2033.42
14994.25,11484.69316,2045.14
15026.47,11198.62038,2004.12
15062.85,10681.37519,2027.56
15149.7,10622.35993,2062.72
15560.33,11586.19378,2220.94
15309.52,11702.74716,2212.15
46190.47,12946.14734,2030.49
15230.5,14962.86548,2112.53
32033.5,16771.5179,2103.74
17395.7,18295.39883,1957.24
15824.0,19713.91044,1983.61
15804.33,20622.66807,1919.15
15911.92,21387.33421,1886.92
15500.8,21636.51366,1948.45
31093.67,21483.48899,1875.2
14862.4,18212.32729,1889.85
30633.0,19570.24099,1769.72
14271.2,19675.39929,1813.67
13153.0,17880.85004,1793.16
12865.25,16361.85774,1922.08
14429.25,15337.46115,1840.04
33515.77,14900.15737,1801.95
16568.7,13650.60244,1834.18
16076.15,12820.23874,1875.2
15839.67,12355.04515,1901.57
15623.28,11774.59947,1892.78
31429.58,11635.32627,1875.2
15564.6,11563.08709,1960.17
15927.27,11691.45759,2185.78
16346.15,12950.43808,2103.74
30516.78,14769.67667,1992.4
31618.15,17665.04692,1930.87
17199.05,21109.13951,1816.6
17546.58,22769.79657,1857.62
16816.55,24068.44882,1851.76
32937.8,25108.32021,1799.02
17180.3,26506.36288,1772.65
32970.38,27838.1101,1898.64
32968.0,28468.98956,1842.97
48637.3,29001.28751,1758.0
16339.08,29097.05542,1755.07
15951.55,27728.76657,1790.23
47502.23,27787.18394,1790.23
30954.77,25692.7401,1810.74
16405.88,21514.47376,1828.32
35841.0,20119.98326,1784.37
36613.25,18741.00273,1807.81
18203.55,17348.69277,1819.53
17528.13,16649.68902,1816.6
17302.35,16033.2996,1766.79
33201.83,15373.61591,1930.87
17228.63,15395.38614,1930.87
33467.43,16081.30665,2103.74
32401.45,17000.79113,2021.7
31839.82,19374.69579,1860.55
32456.1,21988.60053,1922.08
17635.38,24148.00336,1907.43
18262.65,26500.595,1819.53
18305.35,27633.24485,1881.06
17310.8,28302.42444,1825.39
17376.97,29286.7624,1851.76
17435.38,30740.26816,1883.99
17570.43,31518.75611,1825.39
17370.53,31894.79375,1787.3
17062.75,31840.1044,1702.33
16482.7,30358.67366,1752.14
15961.02,28166.70341,1766.79
15389.78,25816.25714,1790.23
16242.2,24155.14287,1760.93
20220.95,22425.90431,1766.79
19558.63,20800.10072,1714.05
18873.38,19317.65005,1758.0
18499.38,18340.94398,1828.32
18505.5,17794.71871,1807.81
18378.18,18021.56521,1810.74
18204.4,17802.98366,1860.55
18349.58,17780.58037,1872.27
18809.83,18903.06609,1881.06
16364.17,20019.1157,1813.67
16296.5,22007.06478,1749.21
17170.23,24171.77828,1690.61
18002.3,25862.43535,1684.75
19327.08,27869.23555,1690.61
19046.58,28310.86524,1705.26
19272.55,29093.6791,1708.19
19795.45,30285.76625,1705.26
20572.17,31116.37614,1725.77
19939.6,31083.03498,1775.58
19389.67,29733.52691,1840.04
17792.68,27910.27894,1831.25
18847.0,28798.39178,1889.85
18068.42,26744.85065,1910.36
16106.13,24068.09712,1822.46
15942.83,24374.63884,1875.2
15303.3,22756.25612,1845.9
14400.5,19873.65258,1860.55
14501.02,20467.5332,1863.48
14429.88,19991.75344,1834.18
14164.07,18749.19734,1878.13
14105.45,17826.9696,1860.55
14373.6,19264.29716,1939.66
14811.88,18352.83144,1907.43
15381.85,19837.14612,1854.69
15756.67,21392.25801,1804.88
16601.67,23499.67958,1810.74
17927.82,25316.94865,1881.06
18324.85,26441.57974,1948.45
18503.93,27119.79802,1857.62
18869.47,27671.43947,1916.22
18993.53,28313.57333,1963.1
18903.4,28546.0822,1960.17
18646.58,28269.54049,1901.57
18200.88,28934.78104,1801.95
17609.35,28559.55231,1895.71
17072.05,26464.65126,1930.87
16218.5,22930.27728,1910.36
16024.35,22057.53373,1831.25
15396.4,20539.66687,1842.97
15514.8,19077.89616,1758.0
14356.38,17504.63655,1810.74
14559.8,17027.73135,1819.53
14506.23,16727.02785,1816.6
14491.1,16221.21291,1851.76
14649.2,16537.03951,1886.92
15839.25,17900.96728,1986.54
16287.67,18752.53849,1945.52
16493.33,19965.86832,1872.27
17124.75,21714.62623,1775.58
17639.38,23201.57866,1763.86
18497.22,24744.62724,1758.0
18543.5,25978.88322,1693.54
17644.2,26763.35007,1699.4
17464.38,27363.73714,1658.38
17117.17,28307.06688,1807.81
16917.27,28633.44448,1790.23
16734.25,29233.72604,1746.28
16293.0,29002.48329,1781.44
16006.3,27490.20846,1860.55
15685.88,25977.79295,1910.36
14100.32,23402.22351,1872.27
17702.55,21754.79037,1907.43
18996.45,20305.64569,1895.71
18404.5,18599.02144,1866.41
18602.53,17799.8887,1883.99
18012.9,17091.52973,1904.5
17455.78,16600.38068,1881.06
17093.65,15870.91971,1930.87
16928.92,15748.59845,1951.38
17554.7,16202.32662,2138.9
17784.05,18123.66372,1948.45
16369.55,20042.6796,1831.25
16693.35,21961.02725,1772.65
18497.97,24563.95895,1728.7
18245.08,26124.06498,1758.0
17270.53,27544.82747,1702.33
17234.67,28675.05059,1758.0
17214.78,29330.12701,1778.51
17100.85,30204.66423,1895.71
16968.17,30736.54014,1919.15
16791.42,31344.45359,1886.92
16373.55,31130.90135,1816.6
15946.67,29804.07793,1892.78
15324.85,27490.77118,1875.2
14859.85,25273.61921,1831.25
14020.58,23132.22342,1901.57
18857.17,21356.45495,1804.88
17736.38,19916.38413,1834.18
17475.88,18269.4082,1842.97
17359.3,17906.38346,1828.32
17139.45,17607.26261,1889.85
16727.18,16617.19194,1854.69
16852.85,17598.18875,1945.52
17147.7,18638.27116,2059.79
17562.57,19838.97496,1986.54
16568.2,20937.26372,1986.54
16713.85,23261.61385,2024.63
17462.98,25554.522,2007.05
18423.1,27713.57313,1860.55
17810.17,29436.97347,1845.9
17419.43,30774.31272,1760.93
17359.0,31823.99654,1831.25
17398.5,33314.85284,1793.16
17154.03,33412.5551,1790.23
16772.05,33102.004,1781.44
16563.55,33155.28655,1766.79
15955.43,32021.89813,1734.56
15433.3,29308.67331,1781.44
14401.05,26512.2011,1816.6
13948.45,24659.12897,1834.18
18983.03,22558.70623,1796.09
19204.38,20745.0245,1769.72
18058.1,19575.23513,1743.35
18257.67,18877.56784,1807.81
18310.33,18729.7835,1760.93
18008.38,18354.69545,1810.74
17660.95,18280.3109,1840.04
18289.35,18950.26423,1948.45
18108.28,20624.95412,1933.8
16684.48,22459.98404,1881.06
17100.67,24975.65897,1863.48
18240.28,27021.70889,1775.58
19360.35,29155.01558,1781.44
18641.5,30840.29164,1743.35
17344.48,31859.0962,1705.26
17464.93,33172.66053,1737.49
17716.83,34303.34086,1778.51
17707.35,35117.49119,1766.79
17529.95,35619.8243,1749.21
16229.93,34531.17212,1681.82
15829.9,33288.72153,1734.56
15253.07,31060.52618,1687.68
14608.88,28779.9627,1696.47
17105.75,26292.00173,1810.74
20157.35,24482.11836,1781.44
19447.53,22671.46125,1725.77
19653.53,21232.4807,1769.72
19139.78,20392.2694,1772.65
18642.83,19685.49308,1766.79
18396.88,19339.73681,1769.72
18194.4,19494.51998,1784.37
18574.55,20501.43708,1895.71
17866.28,21799.45627,1813.67
16900.8,23737.67497,1772.65
17353.32,25987.74606,1787.3
18310.82,27269.44637,1840.04
19326.5,29107.92295,1790.23
17119.1,29685.73088,1872.27
17388.38,30599.02544,1831.25
17671.05,31238.45121,1796.09
17868.67,32330.44454,1845.9
18553.05,33118.67458,1840.04
18151.7,33342.53163,1845.9
17795.03,33185.77894,1752.14
17195.13,31248.79119,1705.26
16595.6,28895.39064,1781.44
15216.25,26796.05817,1784.37
15414.7,24706.39745,1813.67
19818.9,23397.08869,1787.3
18831.7,21941.47273,1822.46
17959.35,20733.69976,1784.37
17918.1,19724.84831,1881.06
17053.27,18845.4928,1837.11
16799.8,17892.70233,1860.55
17556.65,17411.89326,1872.27
17363.2,17810.01766,1925.01
17545.4,18685.92651,2024.63
15543.38,20204.53194,1889.85
16101.73,21964.29806,1904.5
17095.65,24381.42665,1886.92
17486.17,25442.04834,1860.55
18070.22,26552.61143,1790.23
18241.0,27294.24122,1734.56
18855.92,28622.36593,1755.07
19511.9,30028.32185,1699.4
18819.05,30163.62084,1690.61
18549.28,30052.51881,1716.98
17611.15,29217.40716,1708.19
17432.1,27620.16161,1758.0
17349.2,26166.93721,1755.07
16700.85,24480.00816,1743.35
15974.65,23269.31608,1775.58
14755.82,21430.03059,1763.86
14714.25,20026.64208,1781.44
14445.73,19345.68054,1749.21
14267.92,18198.3648,1763.86
14049.75,17160.95531,1696.47
14017.48,17056.43007,1760.93
14028.65,16900.69731,1763.86
14179.27,17198.51687,1854.69
14371.38,17961.56519,1857.62
14923.58,19914.62563,1766.79
16341.65,22311.53147,1772.65
16736.45,24244.7912,1711.12
17195.78,25599.71545,1693.54
17791.45,26771.68536,1634.94
18726.97,27981.46302,1705.26
18503.53,28894.44105,1711.12
18550.97,30032.33123,1737.49
18505.43,30374.67601,1714.05
18366.18,30526.57524,1775.58
17963.67,29799.85753,1813.67
17614.72,28643.78446,1842.97
17080.65,26691.67361,1916.22
16551.43,25047.68713,1875.2
16116.2,23472.07113,1883.99
15482.8,21831.81267,1860.55
15103.13,20344.54371,1927.94
15012.13,19236.75905,1919.15
14361.58,18075.86769,1954.31
14427.35,17741.5065,1916.22
14561.6,17223.06553,1992.4
14767.58,17266.7115,2004.12
15465.88,18543.94522,2153.55
16525.95,20453.43003,2077.37
16784.6,21979.45633,2024.63
17310.28,24161.57898,2039.28
18175.03,26304.87395,2007.05
18887.67,28681.73289,1857.62
18880.35,29689.14237,1799.02
18561.95,30635.00435,1857.62
17695.65,31302.77714,1933.8
17719.6,32045.21584,1889.85
17417.38,33066.55264,1945.52
17422.05,33130.80823,1919.15
17405.67,32882.8949,1845.9
16673.67,31146.9037,1927.94
16160.02,28571.96732,1995.33
14483.9,26262.31825,1954.31
16982.98,24367.74552,1927.94
18756.28,22115.14219,1892.78
18173.4,20684.07489,1954.31
18295.97,19131.63592,1919.15
17938.4,18441.24882,1945.52
17777.53,18055.08222,1966.03
17714.1,17691.84646,1963.1
16970.92,17365.60954,2030.49
17707.68,18114.37884,2138.9
18182.22,19888.17779,2112.53
16542.98,21747.19365,1939.66
16997.67,23909.12872,1881.06
18131.55,25728.9652,1922.08
18623.42,27597.05492,1854.69
18271.13,28915.89475,1822.46
17544.13,29773.23384,1919.15
17735.45,30437.06759,1907.43
17700.25,31043.29288,1963.1
17585.63,31745.63778,1907.43
17339.3,32447.77166,1980.68
17050.0,32098.39288,1898.64
16472.92,30799.14274,1910.36
16058.53,28359.36467,1951.38
15459.23,25735.04961,1898.64
15163.9,23719.87895,1945.52
18086.4,22136.73657,1930.87
18255.85,19970.96797,1889.85
17994.0,18559.24417,1898.64
17522.88,17966.91103,1980.68
17483.25,17421.67052,1989.47
17749.85,17111.04908,2030.49
17827.43,17166.68802,2021.7
17374.03,17840.89692,2124.25
17775.48,19583.32423,2127.18
17139.4,21835.57586,2036.35
17327.35,23936.80751,1983.61
18121.63,26005.71793,1939.66
18706.67,27789.5755,1895.71
17807.3,30092.78846,1840.04
17961.6,31248.1933,1799.02
18077.4,32564.46572,1837.11
18114.92,33837.72523,1913.29
17994.53,34349.06186,1974.82
17760.53,34697.20969,1916.22
17377.8,34327.11578,1883.99
16577.65,33294.77077,1872.27
15750.13,30355.36768,1837.11
14275.05,27457.18383,1872.27
14559.6,25153.584,1883.99
19450.15,23714.46277,1813.67
19176.38,22111.51968,1813.67
19219.2,21243.0317,1922.08
19064.1,20315.21193,1860.55
19039.38,19834.96558,1875.2
18594.33,19025.45769,1854.69
18208.9,18784.297,1954.31
18572.18,19822.79676,2103.74
19041.97,21845.45863,2012.91
16776.5,23289.01128,1963.1
17897.2,25911.46233,1825.39
18572.45,28187.24269,1927.94
19142.27,30279.33014,1845.9
18515.3,31308.93189,1851.76
18810.35,32907.30288,1766.79
18705.53,33969.92926,1933.8
18707.05,35247.09264,1845.9
18649.42,35775.45155,1813.67
18283.25,36921.92321,1866.41
17689.8,35960.37541,1790.23
17334.72,34675.36912,1790.23
16751.32,32039.06109,1784.37
16021.38,28741.2757,1848.83
17395.65,25707.54667,1840.04
20071.7,23949.08184,1760.93
19262.0,22292.25831,1828.32
18981.7,21537.86181,1939.66
18994.13,20923.93429,1837.11
18475.28,20116.11456,1860.55
18317.88,19362.70282,1810.74
17540.8,19225.71567,1831.25
17434.0,20202.91412,1960.17
17655.78,22237.56896,1942.59
17339.6,24173.78297,1883.99
17953.63,26706.90222,1933.8
19283.4,28912.51843,1910.36
20008.2,31287.16166,1837.11
19169.3,31893.07042,1813.67
19698.8,32909.20206,1784.37
19995.63,34031.72295,1842.97
19791.32,34936.29535,1819.53
19802.6,35660.44565,1725.77
19521.3,35933.71655,1787.3
19207.25,35495.77971,1755.07
18537.13,34099.98792,1743.35
17254.18,31619.76435,1716.98
15952.65,29370.88904,1714.05
17271.35,27401.01734,1588.06
18990.65,25559.41063,1520.67
17806.05,23116.5376,1541.18
17877.9,22235.03672,1593.92
17514.72,21770.5817,1544.11
17178.2,20436.19673,1620.29
16880.07,19645.39928,1772.65
16656.28,19675.18827,1840.04
16928.05,19543.16009,1866.41
17868.97,20740.4524,1992.4
15159.8,22602.63356,1925.01
16867.38,24876.83127,1910.36
17180.0,26346.37455,1895.71
17731.82,27969.82175,1743.35
19072.45,28885.22651,1734.56
19063.65,29370.04496,1737.49
19033.0,30575.91875,1705.26
18595.4,31356.83343,1740.42
19586.22,31779.78785,1714.05
19620.08,32371.48793,1763.86
18711.08,31898.09973,1787.3
17707.75,30441.92105,1722.84
17547.02,28389.36468,1851.76
17193.3,26429.48126,1842.97
16414.13,24552.73972,1875.2
15350.75,22598.02629,1945.52
14501.33,20448.64691,1866.41
14370.58,18854.74251,1810.74
14163.1,17978.69298,1840.04
14087.35,17366.13709,1872.27
14019.57,16768.17675,1881.06
14034.83,16761.59996,1925.01
14217.92,17261.61185,1963.1
14619.15,18215.9498,1895.71
15114.73,20292.07007,1831.25
16449.97,22375.68155,1749.21
16857.28,24525.13127,1708.19
17363.38,25482.56418,1634.94
17945.47,26106.65583,1670.1
18106.92,26702.29495,1725.77
18366.35,27452.96343,1708.19
18536.17,28431.92038,1673.03
18981.68,29094.48801,1714.05
18494.35,29447.87617,1731.63
18140.97,28331.01765,1731.63
17205.83,27223.44401,1725.77
16990.7,25382.15383,1842.97
16277.93,23329.42161,1945.52
15602.9,22043.64158,1807.81
15234.05,20734.19214,1813.67
14986.43,19559.19761,1793.16
15021.9,18806.34859,1749.21
14951.27,18423.20661,1760.93
14808.22,17880.63902,1840.04
14931.13,17632.65535,1828.32
14685.7,17920.38112,1907.43
15796.52,19100.54564,2065.65
16246.7,20750.96823,1954.31
16936.97,21918.15502,1875.2
17257.58,23501.6491,1875.2
17833.53,24916.36235,1857.62
18320.42,25897.64052,1772.65
17490.45,27103.09227,1799.02
17712.75,28061.4396,1714.05
17686.78,28477.11383,1752.14
17478.78,29215.0156,1714.05
16942.68,29444.78121,1681.82
16883.1,29631.7801,1705.26
16313.13,29237.41889,1749.21
14923.05,27999.32938,1728.7
14055.52,25956.44476,1772.65
13688.83,24159.08191,1810.74
16258.42,22372.83278,1825.39
18572.73,21026.84171,1775.58
17879.28,19755.02417,1737.49
17974.82,18889.38496,1775.58
18114.48,18504.6955,1673.03
18105.75,18570.25238,1708.19
17620.85,17097.50863,1728.7
17146.55,17227.63763,1772.65
17930.93,18788.06019,1904.5
17803.42,20971.44896,1889.85
16455.92,22202.71549,1799.02
17576.82,24948.47256,1734.56
18180.92,26483.7134,1725.77
19247.73,28258.42677,1714.05
17965.32,29336.28176,1599.78
17483.88,29982.84704,1593.92
17526.75,30706.39945,1617.36
17580.25,31400.54974,1544.11
17593.05,32229.33079,1561.69
17208.55,32228.48671,1585.13
16877.0,32165.39173,1629.08
4190.2,8017.74007,398.48
nan,nan,nan
nan,nan,nan
nan,nan,nan
nan,nan,nan
nan,nan,nan
nan,nan,nan
nan,nan,nan
nan,nan,nan
nan,nan,nan
nan,nan,nan
nan,nan,nan
nan,nan,nan
nan,nan,nan
nan,nan,nan
0.0,0.0,0.0
15250.78,23476.88942,1218.88
18905.2,31670.97187,1629.08
18848.35,32688.4048,1608.57
17910.55,33472.51995,1620.29
18048.58,34532.93062,1775.58
18013.38,35358.19467,1725.77
17742.7,35354.04461,1646.66
17387.98,35554.23225,1670.1
16741.42,34109.09695,1684.75
16226.07,31213.33983,1667.17
15748.03,29026.57474,1667.17
15884.45,26603.85412,1834.18
18181.43,24522.38801,1816.6
19146.55,23068.91742,1828.32
19056.65,21599.51482,1769.72
19158.35,21817.25229,1719.91
19270.88,21745.2593,1749.21
19020.65,20710.17103,1813.67
18744.7,20721.56611,1796.09
19137.07,22327.88552,1895.71
19945.08,24632.3646,1842.97
17985.1,26329.42261,1775.58
18188.18,28259.27085,1740.42
19709.25,30144.69938,1828.32
19699.42,31127.03265,1842.97
18926.6,31860.96021,1784.37
19108.82,32656.47044,1793.16
17850.58,32700.78464,1752.14
17676.5,33994.37241,1875.2
17191.63,34506.65863,1881.06
17705.03,34285.68552,1749.21
17192.75,33111.57024,1895.71
16263.13,31166.63407,1857.62
15846.28,29318.16921,1796.09
15513.78,28102.55333,1781.44
17146.67,26091.18103,1673.03
19259.9,24395.24846,1623.22
18692.6,23224.40399,1617.36
18979.42,22631.33228,1658.38
19156.97,22038.36608,1634.94
19215.35,21167.24035,1737.49
18236.47,20338.63515,2007.05
18290.0,20920.45246,1992.4
18414.8,21741.21475,2100.81
19411.55,21878.30741,1954.31
16647.33,21820.62861,1772.65
17050.78,23474.2165,1796.09
17358.38,25812.98633,1948.45
17635.28,27113.2564,2238.52
16877.38,27478.14515,2112.53
16880.25,27531.32219,2153.55
16766.28,28060.34933,2182.85
16652.92,28196.70342,2250.24
16518.67,28433.25684,2086.16
16208.5,28491.85006,1989.47
15734.97,27900.18515,2030.49
15059.77,26179.63358,2103.74
14476.45,23830.55894,2162.34
13587.95,21639.43277,2036.35
14213.17,20232.21073,2062.72
17591.92,18955.2232,2001.19
17533.97,17889.36118,2007.05
17188.15,16668.92701,1986.54
16476.82,16052.6431,2004.12
16470.58,15645.05797,1954.31
16036.42,14912.32619,2056.86
14890.02,14293.75623,2144.76
13627.75,14460.21584,2141.83
13601.88,15287.55492,2165.27
14241.48,17155.89083,2053.93
14970.07,18466.32503,1971.89
15522.82,19472.32771,1939.66
17909.73,20855.38796,1922.08
18753.1,22047.26409,1983.61
18416.25,22854.41559,1922.08
17323.6,23528.73,2004.12
17346.7,23901.25064,2083.23
17097.4,23694.90825,2171.13
15913.28,23188.74161,2197.5
15909.53,22479.6089,2153.55
16514.33,21459.36237,2174.06
15975.0,20849.54974,2165.27
14645.55,18891.14346,2206.29
14473.15,17612.50294,2179.92
14299.42,17252.32697,2138.9
13891.75,16251.77564,2159.41
13012.03,14457.19122,2121.32
13000.62,13965.16292,2135.97
12864.7,13051.72768,2168.2
12786.15,12775.81903,2220.94
12723.88,12401.25853,2273.68
12804.85,12527.44849,2358.65
13234.7,13478.93767,2297.12
14066.2,15064.22542,2259.03
14631.7,17716.32478,2112.53
15553.15,20169.74881,2159.41
15942.3,21212.50414,2077.37
16749.75,21968.37778,2097.88
16957.6,23054.07568,2106.67
16893.63,23977.4992,2097.88
17039.58,24806.77263,2094.95
17063.75,25403.6427,2133.04
16868.47,25899.57487,2109.6
16709.45,25603.44347,2094.95
16427.68,24856.99539,2138.9
16189.77,23333.57167,2092.02
15628.4,21042.94957,2083.23
14834.63,19728.68184,2009.98
14390.12,18193.22998,2056.86
14258.3,17607.08676,2089.09
14478.13,16621.86955,2042.21
14442.48,16358.72761,2077.37
14415.33,15069.36024,2121.32
14228.35,14296.46432,2089.09
14259.08,14810.64972,2194.57
14742.5,15551.36509,2437.76
14605.9,16264.99956,2285.4
15842.32,18804.16805,2165.27
16579.68,21634.33312,2112.53
17060.95,23722.69255,2086.16
17738.85,25415.63567,1983.61
17023.55,26885.56582,1957.24
17163.7,28123.72567,1963.1
17306.33,29217.16097,2001.19
17356.63,30270.92451,2071.51
17180.47,30740.72537,2071.51
16940.45,30755.8133,1960.17
16417.25,30802.5894,1966.03
16334.72,29759.37686,1971.89
15290.5,27649.10652,1974.82
14330.0,24860.9696,2024.63
16795.3,23284.22816,1977.75
19259.13,21984.45047,1898.64
18407.28,20160.11223,1927.94
18058.35,19007.13412,1927.94
17930.13,18157.07522,1954.31
17552.95,17562.35052,2012.91
17724.38,17203.4055,2021.7
17599.4,17234.53095,2138.9
17678.72,18361.2019,2285.4
17448.98,19807.77917,2232.66
17187.45,22600.83989,2112.53
17578.82,24633.94725,2024.63
18448.95,26790.81784,2027.56
19141.7,28238.90742,1907.43
18300.13,30642.77692,1837.11
17937.63,31464.10193,1854.69
17737.47,31941.7457,1898.64
17730.5,32186.49373,2009.98
17763.13,32049.78794,1983.61
17798.73,32467.67788,1892.78
17514.25,33155.39206,1886.92
16779.93,32169.54179,1866.41
15877.83,29875.22684,1957.24
15311.35,27490.17329,1957.24
13446.13,24790.84062,1925.01
17257.73,22693.26665,1968.96
19591.08,20873.92255,1840.04
19600.63,20222.67966,1816.6
18768.52,19678.00187,1831.25
18224.83,18693.17153,1913.29
18256.45,18609.08006,1881.06
18306.83,19051.83519,1916.22
18876.68,20445.34093,2077.37
19947.65,21747.89705,1998.26
17402.7,23055.27146,1919.15
17624.32,26042.04854,1925.01
18291.15,28490.12673,2030.49
19616.92,30553.51546,1872.27
18847.47,31841.44086,2100.81
18645.68,32246.28273,1960.17
17198.3,32375.63799,1901.57
17422.15,32660.2688,1933.8
17181.75,32205.55587,1974.82
17426.05,32941.20676,1898.64
16995.45,31785.87226,1886.92
16342.63,30512.75343,1854.69
15783.9,28928.90765,1916.22
14841.55,26812.86943,1854.69
15406.88,24628.70692,1857.62
19499.7,22940.89862,1854.69
19303.2,21629.72585,1834.18
18879.9,19940.44041,1807.81
18378.3,18830.19385,1781.44
18185.23,18462.52667,1804.88
18097.7,18677.20435,1875.2
18477.28,19288.77548,1901.57
18298.75,19333.54689,1998.26
18501.8,20488.49452,1936.73
17567.42,22986.72513,1960.17
17961.3,25568.02728,1925.01
18658.43,27277.28928,1904.5
19374.72,29035.36724,1866.41
19562.68,31538.6975,1825.39
18017.17,31915.54405,1793.16
17973.9,32610.74944,1925.01
18282.52,33498.19405,1954.31
17862.5,34566.86967,1889.85
17558.63,34600.84389,1828.32
17495.05,34381.03139,1784.37
16918.08,32934.03208,1787.3
16360.65,30713.74998,1863.48
15648.7,27929.79829,1851.76
16144.98,25571.50911,1807.81
19559.7,24056.06898,1778.51
19443.2,22860.18347,1831.25
19352.72,21118.45956,1816.6
19213.85,20215.3643,1772.65
19142.15,20200.2412,1740.42
19203.22,20296.39598,1801.95
19176.55,19719.92451,1866.41
19108.88,20642.50395,2121.32
18914.6,22394.98988,2024.63
17235.03,24017.10062,1881.06
17564.95,26480.05572,1842.97
18989.67,29217.75886,1866.41
19533.4,31159.14286,1799.02
17713.23,32211.00722,1793.16
17921.22,33172.06264,1860.55
18063.13,33997.95975,1810.74
18156.55,34433.5402,1796.09
18203.17,34601.75831,1796.09
17911.75,34877.77247,1822.46
17680.78,35083.86867,1828.32
17091.77,33786.79907,1796.09
16420.35,31301.54619,1790.23
15996.8,28682.50663,1784.37
16543.6,26488.17999,1772.65
20711.78,24395.21329,1743.35
19950.1,23061.39104,1755.07
18852.1,21818.69426,1854.69
18488.9,20839.56146,1857.62
18673.67,20324.0396,1816.6
18446.83,19756.95852,1840.04
18265.03,19810.5576,1813.67
18251.28,19874.81319,1845.9
18199.17,20328.08415,1913.29
16479.78,23022.07098,1813.67
17129.75,25977.82812,1822.46
17969.97,26861.15784,1734.56
18932.02,28705.50781,1743.35
19199.27,30072.28435,1687.68
19409.8,31311.00692,1719.91
19901.78,32535.94285,1696.47
20215.33,33051.39437,1749.21
20040.35,32794.2665,1708.19
19868.5,33404.29015,1766.79
19464.58,32547.90065,1749.21
19033.72,32055.94269,1755.07
18358.67,30180.7838,1740.42
17424.15,27799.38793,1758.0
16713.95,26249.16467,1693.54
16291.95,24306.12768,1690.61
15584.02,22576.46708,1769.72
15024.4,21189.50296,1725.77
14721.6,20363.04313,1746.28
14678.55,19646.6654,1769.72
14603.6,19301.6477,1772.65
14625.15,19407.43906,1857.62
14879.95,19741.44855,1819.53
15112.15,20765.95065,1772.65
16521.88,22728.33114,1731.63
16892.7,25384.61573,1784.37
17752.22,27041.1579,1728.7
18605.55,28297.81717,1702.33
19053.88,29136.16446,1690.61
19108.88,30429.50604,1602.71
19357.75,31564.30126,1573.41
19617.63,32712.28523,1567.55
19726.7,33608.1003,1582.2
19521.6,33007.88908,1670.1
19070.4,31991.58159,1673.03
18736.6,31681.41736,1681.82
18282.67,30478.53302,1749.21
17993.25,28000.10312,1722.84
17319.2,26166.8317,1719.91
16835.6,25511.43875,1690.61
16481.5,23354.46265,1608.57
16352.2,22402.27007,1693.54
15683.75,22010.0894,1620.29
15976.1,20976.58378,1646.66
16048.1,21027.54511,1634.94
15956.53,21070.10081,1708.19
16056.05,21759.89002,1828.32
16568.42,22403.25483,1687.68
17231.15,24460.24262,1667.17
17475.78,26166.93721,1664.24
17861.65,27256.50381,1573.41
17702.22,28159.5639,1561.69
17553.7,29503.86681,1511.88
17616.9,30346.15314,1535.32
17773.13,30964.65276,1590.99
17489.13,31818.299,1485.51
17354.0,32093.71527,1564.62
17250.47,32551.62867,1608.57
17044.7,32668.7096,1596.85
16083.05,31854.41859,1670.1
15694.0,29999.51762,1643.73
15765.0,28451.43973,1629.08
15359.48,26697.40632,1655.45
19757.45,25164.27568,1637.87
19658.22,24360.00812,1608.57
19111.45,23596.43225,1643.73
19181.5,23224.93154,1605.64
19241.28,22770.1131,1646.66
19107.32,21940.69899,1661.31
19196.52,22490.19507,1626.15
20195.1,25092.28269,1740.42
20631.9,26748.47316,1687.68
19424.95,28617.65315,1605.64
19514.72,30538.21651,1632.01
20104.25,31991.61676,1593.92
20640.95,33028.11183,1544.11
19828.72,34210.35138,1503.09
19978.38,35213.08325,1500.16
20121.28,35489.90632,1552.9
19903.47,36764.88916,1459.14
19917.6,37397.77331,1608.57
19647.4,37461.39584,1593.92
18073.53,37327.39814,1514.81
17230.05,35754.80676,1549.97
16785.7,33500.30425,1555.83
16540.38,30735.90708,1555.83
16947.13,28088.94254,1561.69
20706.45,26117.66404,1605.64
20975.47,24805.99889,1590.99
21163.32,23855.95168,1664.24
20679.92,23495.21299,1626.15
20549.97,23779.59761,1643.73
19868.1,22753.54803,1640.8
19574.03,23194.43915,1649.59
20316.9,25350.85253,1667.17
21693.17,27307.21895,1705.26
19608.42,29032.76466,1599.78
19606.0,30565.5436,1605.64
20424.57,32080.84305,1614.43
21788.85,34122.39121,1552.9
20457.3,35084.11486,1538.25
20336.75,35973.10695,1462.07
20422.38,37104.52585,1564.62
21279.5,38470.3528,1629.08
20859.0,38553.17815,1667.17
20479.27,38284.58486,1599.78
20250.13,38163.6704,1567.55
19758.65,36898.78135,1538.25
17830.0,33972.60218,1605.64
16305.07,31065.59066,1576.34
18114.95,28793.99553,1596.85
22078.53,27608.37966,1608.57
20014.03,25222.97441,1599.78
20014.08,24386.13943,1590.99
19717.33,23830.4886,1608.57
19675.83,23231.57867,1617.36
19603.35,22837.67467,1573.41
19645.28,23524.33375,1687.68
20270.5,25970.37208,1699.4
20305.03,27787.43013,1664.24
19424.97,29073.21016,1640.8
19792.33,30859.45929,1620.29
20928.68,32930.33923,1564.62
21193.0,34393.93878,1626.15
20650.88,35625.4515,1514.81
20703.63,37432.31025,1558.76
21126.35,39013.90515,1699.4
21190.65,40103.2959,1822.46
21239.17,40614.42151,1790.23
20958.72,41086.6491,1655.45
20480.1,40896.55525,1673.03
19365.3,39254.22176,1690.61
18629.58,37155.80371,1681.82
16817.28,33943.58693,1696.47
17775.05,31614.94606,1693.54
20985.78,29207.9816,1678.89
20417.23,27277.57064,1772.65
20364.78,26042.11888,1816.6
19897.28,25274.63914,1775.58
19802.7,24974.14666,1796.09
19859.38,24507.82763,1737.49
19904.5,25276.11628,1769.72
20833.33,26842.13087,1790.23
21638.2,29792.22564,1796.09
19867.42,31195.68449,1755.07
20090.7,33087.65464,1772.65
20495.53,34573.1651,1702.33
21698.43,36128.83971,1661.31
20298.2,37291.34889,1699.4
20289.72,37940.86845,1740.42
20469.88,39069.40341,1658.38
20649.38,39717.8327,1702.33
20849.9,40755.6994,1851.76
20635.92,41033.1907,1860.55
20298.13,40894.2692,1760.93
19492.65,39102.7094,1758.0
18748.05,36773.0486,1784.37
18012.35,34049.23761,1848.83
18696.53,31717.11491,1813.67
21149.67,29580.18571,1725.77
20412.73,27796.57433,1752.14
19943.32,26267.91028,1755.07
19197.57,25224.17019,1746.28
19076.28,24734.63896,1681.82
18584.7,24116.63172,1799.02
18138.07,23842.4464,1749.21
18399.45,24186.26832,1834.18
19274.58,25475.42467,1854.69
18422.28,27742.83457,1799.02
17975.83,29358.1575,1807.81
18970.43,30923.15216,1708.19
19704.35,32624.25472,1602.71
20707.35,34442.61406,1643.73
21162.92,36113.36491,1664.24
21089.5,37328.13671,1684.75
21558.58,38233.83455,1678.89
21677.28,38580.89211,1664.24
21594.38,38754.63191,1632.01
21020.42,38066.35501,1599.78
20361.98,36577.25721,1640.8
19794.35,34852.69626,1681.82
18649.58,31985.95439,1705.26
17978.22,29832.53046,1746.28
17062.52,27157.9223,1716.98
16521.7,25239.7505,1740.42
15851.63,24256.0456,1772.65
15562.52,22823.39565,1834.18
15430.85,22200.28876,1752.14
15101.35,21666.8302,1734.56
15636.85,21996.54895,1784.37
16030.93,23098.35471,1752.14
16133.63,23919.39836,1737.49
16994.85,26536.78493,1687.68
18243.95,29085.90653,1693.54
19360.98,31309.84631,1699.4
19369.08,32208.75634,1690.61
19775.32,33361.03105,1652.52
20281.1,34171.06649,1588.06
20608.25,35086.50642,1608.57
21074.25,36050.3051,1617.36
22093.93,37334.3618,1649.59
21233.38,37167.83185,1687.68
20723.95,36651.18455,1760.93
20014.95,35311.87578,1804.88
19045.15,33044.92309,1857.62
18188.75,30527.27864,1913.29
17058.05,28201.62722,1927.94
16682.2,26537.1718,1930.87
16063.98,24576.62015,1922.08
15927.7,23085.69351,1901.57
16027.25,22191.5666,1889.85
15814.62,22277.62759,1854.69
16084.35,22046.73654,1919.15
16106.55,22179.36261,1828.32
16899.53,24076.36207,1974.82
17701.67,26074.44011,1860.55
18752.97,28262.11962,1869.34
19259.18,30130.20934,1854.69
20284.88,32539.38951,1790.23
20915.13,34044.56,1740.42
20187.55,35900.23471,1705.26
20211.97,37121.82949,1649.59
20480.25,37532.12271,1740.42
20993.47,38075.21785,1755.07
20822.63,39080.65781,1810.74
20549.4,39441.50201,1778.51
18511.85,38462.08785,1898.64
18089.08,36781.24321,1889.85
18040.38,34988.69865,1828.32
17382.67,32218.04122,1860.55
17174.7,29259.36497,1842.97
19836.57,26519.2351,1796.09
19280.22,24627.68699,1760.93
19109.88,23863.79459,1813.67
18633.15,22675.29478,1790.23
18383.25,21680.5465,1755.07
18351.97,21166.22042,1804.88
18313.72,21574.19242,1828.32
19001.45,23759.7969,1851.76
19020.9,26216.80827,1793.16
18316.83,27596.38669,1772.65
19106.53,29887.64185,1734.56
19560.17,31412.05033,1819.53
19964.78,32238.36948,1819.53
19237.35,33094.72381,1801.95
19388.82,33467.10377,1775.58
19489.65,34237.95983,1766.79
19587.48,35624.00953,1746.28
19425.08,36056.81155,1790.23
19024.65,36793.69339,1825.39
17802.9,36227.45639,1816.6
17484.2,34774.86505,1763.86
17131.55,32652.5314,1793.16
16644.9,30254.71114,1778.51
17371.53,27944.00697,1766.79
19803.0,25983.596,1752.14
19393.82,24369.36334,1664.24
19416.45,23042.64543,1708.19
18854.75,21961.9065,1801.95
18586.63,21861.46098,1790.23
18392.8,20895.23557,1819.53
18667.15,21586.46675,1869.34
19073.28,23925.86964,1916.22
19635.45,25336.25698,1860.55
17881.67,27015.58931,1828.32
18656.38,29403.91367,1772.65
20464.0,31648.56858,1743.35
20734.75,33586.11905,1649.59
19436.35,35248.81597,1649.59
19652.3,36269.23835,1708.19
19780.8,36845.07676,1667.17
19802.95,37713.59991,1696.47
19919.1,38433.70566,1743.35
19627.7,38743.79955,1670.1
19308.43,38575.5111,1664.24
18255.53,36680.5515,1573.41
18056.97,34413.77466,1596.85
16435.7,31723.58619,1746.28
16342.7,28901.51022,1696.47
20281.03,26921.47439,1626.15
20334.52,25306.43282,1643.73
19319.92,23660.58233,1643.73
19417.2,23284.15782,1658.38
19251.7,22895.84585,1605.64
19003.55,22134.13399,1640.8
19469.6,22378.56549,1643.73
19802.3,23937.7571,1749.21
20499.4,26021.36858,1640.8
18632.7,27671.756,1634.94
19269.47,30245.42626,1629.08
20117.2,32403.35195,1552.9
20985.6,34041.46504,1514.81
19514.33,35049.47241,1544.11
19690.75,35986.01434,1503.09
19794.0,36869.23855,1500.16
19781.7,37514.60805,1585.13
19891.93,38325.34689,1579.27
19658.35,38496.90615,1549.97
19240.5,38126.84741,1485.51
18469.85,36528.9688,1526.53
18096.93,33993.45799,1503.09
16534.65,31560.46773,1602.71
17962.02,28824.06588,1667.17
20749.78,26543.57274,1746.28
19874.2,24470.19573,1799.02
19681.53,23278.49545,1813.67
19467.7,22561.555,1822.46
19402.08,21994.50909,1810.74
19266.72,21734.14558,1831.25
19246.6,22146.12696,1913.29
19992.05,23358.08516,1881.06
18492.35,25246.01076,1705.26
18776.52,26997.75812,1673.03
18613.88,28847.31325,1860.55
19349.8,30821.44052,1801.95
20251.65,32453.18784,1749.21
18760.67,33415.29836,1722.84
19155.55,34711.31286,1702.33
19311.68,35833.72824,1711.12
19406.2,36892.6266,1737.49
19486.05,38105.6399,1816.6
19221.13,38233.307,1840.04
18586.72,37849.18026,1819.53
18036.95,36206.74126,1799.02
17369.72,33559.53053,1875.2
15699.05,30091.94438,1895.71
17715.28,27666.1288,1866.41
20727.9,26168.80122,1787.3
19579.6,23826.93643,1796.09
18576.97,21703.44217,1866.41
17962.8,20350.31159,1851.76
17493.58,19653.94559,1904.5
17366.58,19259.72506,1948.45
17495.68,19042.86684,1930.87
17564.22,19975.04769,1933.8
16288.85,21913.33673,2004.12
16145.17,24216.6552,1919.15
17756.32,27139.00084,1881.06
18729.65,29563.97234,1804.88
18712.77,31060.94822,1734.56
19693.32,32564.11402,1719.91
20112.17,33696.93972,1766.79
20476.67,35019.54274,1793.16
21552.13,36304.05665,1825.39
22436.55,37822.76759,1807.81
21582.35,38315.2531,1799.02
21234.33,37820.34086,1752.14
20760.9,36681.88796,1696.47
19335.47,33958.7452,1755.07
18898.85,31709.48302,1772.65
18139.1,30022.62431,1702.33
16910.75,27957.30123,1687.68
16298.75,25503.10346,1708.19
15743.13,23850.78169,1810.74
15365.72,22669.35105,1842.97
14318.15,21377.83831,1837.11
14367.95,20828.94012,1878.13
15481.22,21226.95901,1881.06
15475.6,22435.89259,1948.45
15648.9,23393.92339,1863.48
16825.05,25797.40602,1828.32
18392.05,29192.19027,1813.67
18475.38,30878.52143,1705.26
19603.47,32995.33339,1702.33
20986.58,34737.47934,1646.66
21133.47,36251.93471,1737.49
21638.4,37929.68439,1711.12
22470.2,39051.29086,1743.35
22337.8,39754.4095,1755.07
22481.38,40318.95834,1755.07
21950.85,39639.4036,1752.14
21044.38,37975.1592,1678.89
21534.18,36882.35696,1684.75
19931.15,33650.69117,1655.45
18667.45,32135.11036,1626.15
18115.28,30814.82856,1719.91
17433.13,28472.71758,1608.57
17704.65,27707.10185,1708.19
17761.5,27175.5073,1646.66
17676.65,27011.22823,1570.48
17348.63,25998.47291,1590.99
17215.03,26513.15069,1693.54
18969.3,29093.50325,1643.73
20096.45,31277.45474,1655.45
20882.78,33396.0252,1588.06
21354.72,35589.75395,1482.58
22128.85,37938.51206,1514.81
22633.97,39759.08711,1538.25
21432.2,40615.0194,1506.02
21916.12,42335.35995,1488.44
22420.8,44577.20126,1520.67
22069.6,44557.9281,1523.6
21833.17,44460.26101,1500.16
21886.0,44110.67121,1514.81
21287.45,43674.4577,1611.5
20265.15,42050.72914,1541.18
18583.08,39278.2077,1585.13
17795.78,36974.67821,1608.57
19891.5,34506.90482,1596.85
22530.38,31869.22516,1582.2
21569.6,29794.01931,1608.57
21057.5,28078.3212,1570.48
20843.3,26995.22588,1608.57
20821.42,26574.02996,1599.78
20167.93,25746.69088,1629.08
20384.0,27079.80973,1675.96
21119.08,29503.51511,1687.68
21309.8,33212.22678,1570.48
21063.8,34811.54736,1511.88
21628.22,36849.47301,1423.98
22556.43,39552.00615,1426.91
23282.2,41230.77576,1400.54
21932.28,42915.8408,1476.72
21663.13,43833.60195,1497.23
22353.63,45062.09005,1300.92
22627.5,47023.27476,1380.03
22618.3,47312.02046,1421.05
22264.47,47045.04499,1403.47
21842.27,46528.8549,1327.29
20837.78,44419.99136,1339.01
19953.0,41936.0046,1397.61
19516.7,39426.44925,1423.98
20047.78,37698.12511,1385.89
20872.67,35531.96964,1382.96
21887.7,32557.78342,1391.75
22135.68,31460.12772,1418.12
21599.85,30889.56481,1429.84
21429.47,30402.7065,1488.44
21503.8,30067.14953,1476.72
21080.67,30134.0077,1497.23
22199.93,32598.51028,1570.48
24302.03,35242.23918,1485.51
23230.58,37143.88108,1418.12
22336.3,38979.43855,1418.12
23221.83,41270.5882,1385.89
23618.15,42681.6086,1470.86
22004.63,43766.18106,1488.44
22369.83,45432.07845,1479.65
22625.5,46288.46795,1421.05
22677.15,47261.0943,1459.14
22886.53,47719.0077,1520.67
22500.45,48369.89889,1403.47
21830.92,46985.11531,1450.35
20492.85,44403.46146,1353.66
19578.15,42266.84879,1423.98
19617.53,39406.9299,1438.63
20984.45,37682.1931,1400.54
23282.73,35131.17232,1429.84
22562.25,33988.60453,1429.84
22106.1,32242.51954,1415.19
21750.9,31689.89333,1473.79
21746.1,31560.11603,1485.51
21992.45,31823.85586,1485.51
22055.22,32828.48691,1514.81
22674.78,35228.31186,1599.78
22746.33,37917.55074,1491.37
22291.25,39440.16555,1432.77
22528.97,41154.77339,1441.56
23528.45,43136.53255,1400.54
24028.72,44901.60934,1476.72
22454.85,46456.12334,1547.04
22527.7,47793.39225,1497.23
22871.0,47749.07805,1579.27
23067.4,48465.24476,1558.76
23102.38,48940.03976,1544.11
23370.4,49101.99761,1511.88
22617.72,48339.86371,1479.65
21768.13,46456.58055,1429.84
20487.72,44199.01825,1347.8
19016.15,41074.86715,1394.68
20777.05,39361.49026,1418.12
24777.47,37501.771,1397.61
23394.38,35069.27312,1497.23
22960.63,32737.60763,1494.3
22369.92,32500.10462,1447.42
21870.55,31035.13344,1547.04
21903.1,30310.2094,1544.11
22079.17,31546.0832,1523.6
23503.42,35417.77265,1529.46
23115.67,38425.93309,1497.23
22386.22,40177.1529,1503.09
23256.8,41868.02099,1450.35
24451.22,44785.19664,1409.33
24352.0,45507.34225,1435.7
22190.77,45803.93086,1485.51
22431.9,47105.88909,1508.95
22700.28,47219.06615,1497.23
22840.88,48509.2776,1567.55
23167.9,49013.2637,1605.64
22526.42,48945.56145,1465.0
22304.4,48741.99749,1421.05
21671.53,46537.54189,1350.73
20553.52,44211.1519,1412.26
19558.38,41481.2565,1459.14
21586.22,39822.53379,1415.19
24598.08,37758.44166,1465.0
23418.17,35316.6589,1438.63
22896.88,33432.53166,1500.16
22505.48,32009.65897,1488.44
22343.75,32151.07754,1532.39
22155.77,31905.80196,1485.51
22156.25,32655.06364,1520.67
22704.22,33349.31944,1596.85
21143.02,34653.91542,1520.67
20423.4,37183.20114,1514.81
21011.7,39414.84315,1462.07
22065.42,40991.51425,1406.4
22635.63,42300.89335,1426.91
23339.78,43818.58436,1435.7
23790.03,44517.93981,1391.75
23956.25,44896.33384,1423.98
24046.1,45156.24014,1400.54
25182.18,46883.08714,1333.15
24369.32,46720.00385,1394.68
23964.95,46031.02355,1394.68
22821.35,43760.55386,1415.19
22428.2,42556.4034,1385.89
21507.65,40487.52815,1418.12
20212.13,38555.8159,1435.7
20011.8,36906.58909,1465.0
19368.6,36127.57359,1465.0
18824.45,35073.6342,1470.86
18622.92,33861.57049,1506.02
18392.42,33646.4356,1520.67
18246.78,32786.95114,1514.81
18433.45,33189.64764,1544.11
18777.67,34697.59656,1605.64
19130.17,35383.65775,1576.34
20618.83,37821.22011,1485.51
21193.3,39940.38846,1438.63
22219.42,42243.81244,1450.35
22817.38,43328.20905,1429.84
23116.35,43445.78236,1459.14
23203.58,43481.0227,1467.93
23348.3,43857.58789,1450.35
23898.07,44926.61521,1409.33
23526.85,45347.03739,1435.7
23472.3,45319.88615,1450.35
22744.53,43845.91145,1459.14
22640.9,43443.56665,1470.86
21942.93,41629.84975,1503.09
20985.78,39785.64046,1526.53
20260.92,38720.4115,1494.3
19849.6,37661.72416,1432.77
19793.78,37753.76405,1514.81
20201.98,37580.9035,1535.32
20229.15,37709.9774,1555.83
20023.07,36844.97125,1558.76
19606.78,35540.37527,1585.13
20030.38,36309.57834,1602.71
21482.05,40441.20926,1664.24
22781.0,43397.49395,1590.99
23939.95,45324.56376,1564.62
24595.28,45717.1313,1608.57
24676.38,46455.17375,1576.34
25198.65,47565.24446,1520.67
22440.95,46902.64166,1520.67
22466.4,46349.06586,1426.91
22683.9,46944.98634,1456.21
22463.07,45443.5087,1450.35
22319.25,45352.24255,1552.9
21852.6,45613.0281,1465.0
21572.08,44988.51441,1482.58
21027.42,43842.67581,1432.77
20437.5,41345.32445,1423.98
19103.42,38098.50039,1444.49
20794.42,36274.6897,1467.93
22154.55,33132.9536,1479.65
21653.22,30968.62697,1506.02
21349.22,31017.58361,1488.44
21118.95,31681.90974,1520.67
21432.4,32704.89953,1523.6
21906.8,32860.31576,1561.69
22176.1,33983.43454,1573.41
22720.2,36836.49528,1626.15
23952.4,39719.30984,1620.29
22507.7,41765.35976,1632.01
23754.03,43328.84211,1596.85
24112.35,45063.25066,1605.64
24218.82,45574.16525,1485.51
22328.0,45681.78545,1438.63
22901.63,46544.04834,1476.72
22949.6,46462.55945,1432.77
22804.88,47097.5538,1541.18
22577.8,45533.43839,1438.63
21448.75,44592.92225,1450.35
20690.97,43698.0216,1538.25
18164.6,41316.41471,1453.28
17377.65,38600.8335,1500.16
16976.22,36884.64301,1520.67
18005.03,34852.97762,1467.93
23472.72,33891.95737,1552.9
22438.1,32635.08708,1585.13
20911.63,30603.35135,1555.83
21481.83,31086.65749,1593.92
21156.02,31601.6518,1588.06
21136.42,31005.80166,1605.64
22289.5,32933.99691,1588.06
22992.4,36949.81302,1640.8
25061.82,41706.52035,1640.8
22521.03,43668.8305,1599.78
22986.43,43844.25846,1547.04
22715.65,42559.14666,1620.29
22662.28,43771.35105,1573.41
20773.03,44361.3278,1602.71
21084.58,45597.37745,1582.2
21039.47,43619.87386,1582.2
20721.42,42629.557,1711.12
21144.58,44348.3149,1552.9
20653.22,43149.12341,1593.92
20225.85,42589.04116,1564.62
19072.57,42252.71045,1479.65
17724.57,40105.86331,1506.02
17430.15,37992.92005,1517.74
21371.97,36610.73905,1532.39
22919.22,34753.5872,1670.1
22319.8,33615.23981,1552.9
22177.45,33403.12954,1593.92
21966.17,32596.04838,1632.01
21384.13,31590.46774,1588.06
20943.67,31791.64014,1620.29
21429.42,32777.91245,1629.08
22031.07,34549.00331,1740.42
20423.08,36414.77181,1632.01
21077.42,37959.86025,1640.8
22254.93,39876.55491,1576.34
23600.8,42856.4035,1511.88
23769.57,44186.1812,1517.74
21489.4,44204.75096,1590.99
21684.83,44821.80861,1549.97
21889.0,45604.76315,1567.55
21864.15,45735.52521,1585.13
22043.67,46137.4128,1538.25
21785.63,46487.10811,1544.11
21465.63,45571.10546,1447.42
20413.75,43914.73914,1435.7
19644.8,41369.94345,1447.42
18336.15,38296.08545,1470.86
20830.53,35079.12072,1506.02
23478.83,34196.1427,1511.88
22692.88,32695.72016,1544.11
22328.2,31237.39611,1555.83
22106.53,29968.81421,1596.85
21800.38,30055.40275,1564.62
21788.1,30583.02309,1588.06
22085.1,31397.41961,1670.1
20123.92,33568.49888,1664.24
20794.63,36187.8198,1629.08
22626.55,39404.39766,1590.99
22043.33,40157.91491,1508.95
22425.85,40652.05341,1579.27
23039.35,42030.36571,1400.54
21403.18,42606.27446,1412.26
20854.05,41581.06896,1423.98
20647.55,41569.8849,1412.26
20606.38,42429.54521,1476.72
20451.8,41827.50515,1497.23
20057.35,41117.9504,1447.42
19773.7,39296.39059,1473.79
19227.65,39496.15619,1429.84
17718.53,37471.70065,1488.44
16664.02,34965.20509,1547.04
19073.88,32775.09885,1523.6
22666.48,31363.65641,1514.81
21892.82,28949.8338,1479.65
21427.45,27359.48157,1552.9
21255.77,26182.09548,1588.06
21004.45,26438.44961,1667.17
20940.8,25538.37897,1661.31
21070.2,25054.47494,1711.12
17071.38,25806.02267,1696.47
17068.7,26962.97499,1640.8
18596.9,30207.30198,1552.9
19051.05,32682.03903,1514.81
19569.7,34015.3689,1629.08
20045.15,35568.65195,1532.39
20493.1,36921.64185,1476.72
20795.9,37767.90239,1555.83
21205.8,38971.27911,1549.97
22219.77,39358.64149,1467.93
21825.85,40228.8528,1517.74
21801.07,40478.9115,1479.65
21169.0,39371.12684,1462.07
20397.6,38212.13466,1476.72
20062.35,36694.54916,1514.81
19564.55,34763.92718,1503.09
19040.05,33538.70989,1538.25
18422.97,31734.41855,1450.35
17658.15,29982.81187,1529.46
16780.07,28081.41616,1526.53
16686.88,27089.83318,1523.6
16618.85,26827.74634,1608.57
16528.78,26488.60203,1576.34
16533.58,26408.83647,1626.15
16914.1,27406.11699,1593.92
17626.65,29210.47867,1599.78
18772.07,32311.31206,1447.42
19551.55,34181.82851,1435.7
21350.75,37740.04775,1394.68
21213.95,38621.75965,1491.37
21866.15,39603.35435,1485.51
22328.85,40476.37926,1462.07
22620.6,41620.10766,1409.33
22901.45,42390.57685,1465.0
22977.45,42795.80559,1429.84
22834.05,42623.29674,1409.33
22130.77,42048.72445,1438.63
21738.1,41338.818,1426.91
20914.2,39358.14911,1435.7
20198.55,37040.97366,1514.81
19941.7,36112.2043,1488.44
19262.73,34512.88372,1544.11
18397.17,32971.98051,1620.29
18551.77,31342.65992,1570.48
18712.58,31013.08185,1585.13
18752.8,30866.70431,1482.58
18668.8,30573.77338,1473.79
19161.38,32386.61103,1508.95
20166.85,35272.3447,1526.53
21982.7,38308.11359,1491.37
22092.53,39444.31561,1450.35
22484.6,40995.62914,1476.72
23338.55,41448.12636,1409.33
24333.65,43889.24089,1380.03
22021.58,44457.79911,1374.17
22079.93,44899.49914,1391.75
22272.5,44830.60111,1380.03
22341.7,45388.57316,1362.45
22338.08,44937.16621,1423.98
21997.43,44967.06071,1435.7
21510.63,44671.1755,1365.38
20761.0,43239.4048,1400.54
19989.9,40405.12484,1391.75
19280.88,38254.7607,1415.19
20066.55,37517.87886,1397.61
22818.2,34678.3234,1514.81
22066.2,32120.65549,1491.37
21708.53,30640.70189,1520.67
21251.18,30073.62081,1579.27
21127.85,29674.54682,1523.6
21139.8,30203.74981,1526.53
21305.17,31549.63537,1620.29
23249.97,34936.50637,1620.29
24534.42,37782.25175,1576.34
22759.65,39543.0378,1552.9
22391.25,40896.20355,1532.39
23042.6,41833.83575,1564.62
23493.52,43021.10461,1549.97
21856.92,44022.57036,1412.26
21894.3,43989.5809,1385.89
22374.77,44819.48739,1391.75
22025.58,44533.41461,1423.98
22030.55,44431.6678,1435.7
21818.95,44950.60115,1350.73
21240.6,44050.7767,1412.26
20581.53,41944.69159,1391.75
19568.45,40342.90911,1406.4
18171.03,37475.46384,1473.79
19530.22,35296.40098,1400.54
22413.28,32934.87616,1541.18
21655.95,31397.77131,1523.6
21254.03,30140.97136,1503.09
22019.05,29951.61608,1555.83
22092.7,30196.43445,1538.25
21521.05,30418.25164,1573.41
21729.3,32018.69766,1576.34
23050.4,35861.7939,1652.52
23407.03,39739.9898,1588.06
23318.95,43062.4997,1561.69
23394.42,44273.7545,1494.3
24149.17,45731.65651,1529.46
24462.72,47131.49285,1453.28
22474.72,48849.44184,1459.14
22617.53,48930.6142,1453.28
22717.55,49896.90995,1494.3
22640.05,50349.372,1673.03
22516.4,49976.9217,1470.86
22077.28,49172.51346,1403.47
21469.42,47825.64314,1473.79
20568.0,45075.56016,1456.21
20122.55,42390.57685,1488.44
18947.78,38936.77734,1511.88
20401.9,37478.31261,1488.44
24478.35,38589.33291,1561.69
23595.58,36315.4869,1605.64
23242.42,35650.7739,1561.69
22903.15,36363.84565,1582.2
22797.9,36134.81861,1605.64
22778.62,35484.84184,1629.08
22232.45,34708.04205,1626.15
23038.25,37811.267,1693.54
22888.02,40827.62205,1649.59
22569.4,41450.93996,1579.27
23511.03,43602.64056,1582.2
23891.05,45534.599,1547.04
24363.4,47164.0251,1503.09
22031.7,47694.98659,1429.84
22208.65,48283.8379,1450.35
22555.78,48056.18249,1544.11
22498.7,48331.77461,1561.69
22561.15,48107.6362,1544.11
22352.0,48920.4149,1491.37
22128.27,48863.4395,1394.68
21361.23,47942.58339,1403.47
20499.63,46216.5453,1400.54
19299.78,43109.90886,1426.91
22422.13,40963.62444,1465.0
25223.72,40455.3476,1514.81
24418.47,38692.45135,1623.22
23936.95,37153.69351,1561.69
23127.0,35159.97655,1564.62
23674.57,37198.6056,1576.34
23717.78,37348.35946,1579.27
23919.8,38444.85455,1614.43
25183.7,41635.6528,1629.08
24095.22,45718.43259,1585.13
25496.38,48833.01745,1555.83
25524.78,49963.73295,1541.18
25458.92,49961.62275,1485.51
25670.33,50672.5843,3381.22
22673.83,50766.1365,4975.14
23121.73,52144.27295,4975.14
23542.3,52994.68355,4975.14
23698.97,53723.15976,3401.73
23294.65,53733.60525,1535.32
22632.65,52757.35639,1418.12
22049.63,51578.2118,1435.7
21677.52,48509.2776,1415.19
21111.22,47239.46475,1506.02
20192.42,43737.48234,1491.37
23122.47,41320.00205,1570.48
25757.23,40619.41565,1500.16
24744.2,39606.97686,1582.2
24354.78,38397.79709,1500.16
23697.2,37279.60211,1541.18
23376.17,36337.9957,1544.11
23042.05,36427.25716,1588.06
23180.4,36628.25371,1590.99
24252.72,38081.97049,1608.57
23527.83,40560.08386,1602.71
22076.05,43682.1951,1570.48
23198.25,46723.94289,1485.51
23127.53,46619.9452,1503.09
23393.42,47586.69816,1438.63
23976.17,48496.54606,1421.05
24321.68,48352.24355,1456.21
24557.53,48727.22609,1552.9
24767.65,49466.32364,1421.05
25080.82,50028.09405,1435.7
25093.48,50098.18786,1412.26
24742.35,49352.05631,1421.05
24294.2,48431.5519,1459.14
23235.1,46409.45275,1690.61
22627.95,45688.2919,1541.18
22042.78,44241.57395,1599.78
21197.23,42514.1994,1579.27
21097.1,41457.76294,1561.69
20563.8,40494.56215,1629.08
20290.8,39839.34505,1588.06
20199.8,39684.24535,1614.43
20128.9,39564.42116,1617.36
20579.45,41063.7886,1567.55
21167.33,41996.07496,1620.29
22148.47,42087.939,1582.2
23172.43,45550.70686,1658.38
23432.42,44989.8157,1564.62
25068.28,48336.69841,1555.83
24272.05,49356.41739,1494.3
24590.7,49189.64125,1456.21
24431.47,48665.32689,1435.7
24644.38,49108.64474,1473.79
25161.0,50241.57595,1517.74
24674.95,49857.3437,1482.58
24402.15,49234.23681,1485.51
23757.35,47481.43435,1491.37
23196.28,45820.35525,1500.16
22992.2,44806.40415,1547.04
22325.8,43695.208,1561.69
22156.6,43691.44481,1564.62
21967.05,43049.4868,1573.41
21010.4,40741.20936,1617.36
20759.38,39022.5218,1605.64
20722.52,38273.68216,1561.69
20705.63,38080.84505,1617.36
20725.35,38307.76189,1596.85
21020.05,39427.15265,1634.94
21659.85,40697.84475,1652.52
22754.15,41560.84621,1599.78
23401.93,43635.419,1588.06
22405.7,43445.1493,1549.97
22591.1,44257.64664,1517.74
23038.7,44434.23521,1485.51
20880.4,43293.84796,1441.56
21343.05,44065.30191,1435.7
21417.95,44396.42746,1462.07
21274.95,44448.9011,1462.07
21256.65,44265.91159,1444.49
20757.85,43104.07064,1450.35
20604.95,43033.37894,1482.58
20341.83,42613.3788,1415.19
20249.72,41425.16035,1467.93
19795.9,39266.2499,1488.44
20083.28,37506.44861,1479.65
23749.68,37011.60671,1564.62
23205.38,35097.23327,1564.62
22886.7,34276.36547,1570.48
22770.03,33823.79791,1573.41
22576.43,32772.25008,1582.2
22180.78,31616.7749,1649.59
22437.7,32859.71787,1599.78
23886.5,37245.87408,1667.17
26102.38,41517.55194,1599.78
24684.93,43585.58311,1590.99
24576.47,44637.48264,1535.32
24960.22,44994.31746,1532.39
24988.35,44482.59396,1529.46
23443.12,44377.68185,1432.77
23445.67,44592.11334,1485.51
23451.55,44433.778,1485.51
23495.85,44539.288,1500.16
23540.6,45361.98464,1497.23
23325.05,45876.0997,1497.23
22310.73,45385.54854,1482.58
21783.18,43932.88686,1508.95
19939.83,41106.09811,1547.04
19136.45,38055.17095,1462.07
20240.15,35556.37762,1491.37
24305.78,35309.34354,1462.07
23352.3,33553.5868,1517.74
22929.97,32327.41992,1547.04
22583.3,32641.94523,1547.04
22154.22,31460.86629,1614.43
21763.9,30845.88367,1617.36
21890.38,32054.36004,1590.99
23549.53,35653.51716,1649.59
24432.7,37800.89185,1585.13
24183.15,40747.08275,1526.53
24295.67,43820.23735,1538.25
25106.88,45291.32811,1576.34
25475.28,45710.16764,1508.95
24038.45,46406.815,1588.06
23563.97,46909.49981,1494.3
23621.4,47342.51285,1485.51
24589.57,48596.74539,1620.29
24495.78,48838.22261,1561.69
23912.97,48146.85075,1482.58
23314.0,47551.87986,1426.91
21191.75,45769.35875,1400.54
19867.1,43061.7963,1423.98
19159.6,40790.79906,1421.05
20519.53,39158.6297,1467.93
25684.0,37538.41814,1517.74
24349.22,36858.93374,1508.95
23789.97,35677.8548,1590.99
23938.63,36029.2031,1541.18
24902.8,39527.14096,1529.46
25268.1,39662.36961,1511.88
25237.2,41444.15215,1532.39
26477.7,45327.20151,1588.06
26865.5,48831.4348,1529.46
26415.9,50405.644,1538.25
26967.8,52518.48175,1465.0
28578.62,54100.18216,1450.35
28711.7,53881.60061,1388.82
25677.52,54588.0604,1547.04
26639.22,54484.55509,1467.93
26553.47,54073.80466,1503.09
26572.78,55108.15436,1479.65
26816.82,55965.07141,1438.63
26318.88,55568.6,1400.54
25902.4,55117.7206,1347.8
25182.7,53903.58186,1394.68
24166.28,50631.15404,1403.47
21967.75,46784.47046,1450.35
23064.88,43922.58205,1403.47
27625.45,43380.71786,1450.35
27021.62,42703.94155,1488.44
26788.07,42485.7117,1488.44
26374.98,41827.61066,1506.02
26271.95,41734.4805,1523.6
26002.47,41626.93064,1549.97
25964.43,43107.09526,1573.41
26970.65,46982.09069,1593.92
26409.8,51333.53411,1526.53
27042.17,53454.883,1491.37
27540.55,54540.75675,1494.3
28470.78,56112.15235,1476.72
29219.32,56975.22415,1403.47
27170.75,57292.70374,1432.77
27048.3,57664.80234,1529.46
27354.2,58274.5798,1488.44
27311.23,58360.85181,1514.81
27040.72,58042.28195,1529.46
26715.72,58519.82021,1453.28
26285.42,57586.12705,1385.89
25232.4,54901.70646,1397.61
24305.78,52553.05386,1388.82
23141.85,49410.86055,1453.28
23613.95,46958.6323,1476.72
27965.8,45867.6589,1465.0
25816.58,40869.89639,1611.5
25373.92,39271.70125,1470.86
25857.85,40344.9138,1500.16
25106.73,38776.15595,1549.97
24253.63,37463.084,1520.67
25357.35,40894.02301,1520.67
25750.17,43402.2419,1555.83
24313.75,45560.16759,1508.95
24276.08,48527.28464,1456.21
26383.78,51977.21545,1441.56
26492.38,52955.04696,1423.98
26571.45,53429.66611,1432.77
26991.13,53635.90299,1403.47
27149.55,53148.83366,1380.03
27450.38,54113.79295,1409.33
28466.63,55072.52715,1385.89
28618.9,55312.2107,1377.1
27669.35,54882.60915,1385.89
26593.42,51578.49316,1415.19
25175.5,49560.57924,1394.68
25278.03,48437.8825,1435.7
24518.25,48000.08634,1523.6
23317.8,44989.28815,1514.81
21374.7,41172.63975,1538.25
20963.65,39616.26174,1508.95
20288.07,38262.67395,1573.41
20397.53,38702.29895,1500.16
20434.78,38796.97659,1532.39
20330.4,38643.10784,1529.46
20554.83,39192.63909,1547.04
21195.28,40964.08165,1573.41
21894.75,42819.05296,1500.16
23787.97,45273.11005,1511.88
23756.47,46572.92291,1497.23
24540.65,47523.04046,1441.56
25272.5,49044.2133,1403.47
25652.03,50199.8995,1374.17
26526.03,51168.30545,1371.24
27569.15,53218.71645,1403.47
27393.42,52556.81705,1374.17
27245.63,52304.99985,1406.4
27080.18,51908.35259,1353.66
26113.08,49861.2124,1374.17
24413.15,47269.60544,1415.19
23713.9,45901.94965,1406.4
23414.25,45444.5638,1438.63
22747.57,44414.4345,1467.93
22230.15,43091.3391,1426.91
21089.2,40126.5081,1506.02
20835.55,38503.94015,1479.65
21079.63,38372.50986,1485.51
20999.53,38770.45841,1508.95
21160.4,39594.56185,1465.0
21836.75,41218.5366,1529.46
23347.97,43752.81646,1570.48
25060.3,45984.49364,1479.65
26432.5,48447.20255,1473.79
26607.72,50988.16471,1418.12
27323.4,52005.59764,1470.86
27508.42,51996.20725,1462.07
25888.65,52458.41139,1385.89
25795.9,53084.47256,1391.75
26336.17,53669.7717,1318.5
26396.25,53442.9252,1350.73
26276.05,52778.2122,1371.24
25746.47,53217.73169,1382.96
24342.95,52796.1489,1371.24
23412.78,50647.08605,1321.43
22781.25,47968.60919,1321.43
21889.35,45795.38455,1347.8
22713.45,43205.46575,1347.8
26193.3,41948.73614,1429.84
25353.63,40861.03355,1429.84
24835.17,38726.7421,1429.84
24446.02,37920.82155,1435.7
24327.35,39032.0177,1429.84
24043.3,38567.59785,1494.3
23923.6,38827.75034,1421.05
25503.9,42520.8817,1444.49
26352.2,44824.97391,1479.65
27188.43,47717.70641,1415.19
25723.45,49351.42325,1406.4
26351.75,50509.0438,1309.71
26894.15,52449.61889,1295.06
25073.85,52770.8265,1377.1
25009.1,52436.95769,1297.99
25387.47,53979.2677,1318.5
25707.7,54290.10016,1479.65
26191.0,55495.20021,1359.52
25967.9,55845.0362,1388.82
25479.63,55250.76871,1315.57
24308.17,52139.8767,1330.22
23259.9,49073.22855,1350.73
22568.15,46362.25461,1306.78
23687.35,44767.893,1333.15
26665.88,42925.86425,1371.24
26233.8,41480.02555,1473.79
25691.88,39892.34624,1400.54
25444.3,39132.49839,1400.54
25070.6,38636.60139,1453.28
24801.9,38426.742,1409.33
24966.35,40416.06271,1438.63
26971.63,45777.69404,1508.95
28846.63,48190.46155,1573.41
27133.78,50486.535,1614.43
26386.88,50838.83289,1547.04
25897.0,49223.75615,1585.13
26257.8,49409.69994,1520.67
24758.5,51381.68184,1470.86
24352.42,50790.50931,1514.81
24651.22,51471.295,1421.05
24576.83,52237.6493,1491.37
24384.47,51815.85549,1500.16
23918.0,51274.09681,1465.0
23399.15,50734.41316,1421.05
22788.57,50046.03075,1435.7
22367.37,48520.81336,1459.14
20786.55,45103.83684,1476.72
22921.8,41683.58951,1506.02
24843.2,38438.52395,1514.81
24390.3,37242.28674,1459.14
25101.05,37756.15561,1476.72
24504.05,37173.03701,1447.42
24137.83,37779.9657,1520.67
24354.02,38049.12171,1470.86
25278.42,40114.72615,1517.74
26000.85,43801.4214,1567.55
27431.43,48099.37125,1485.51
25091.85,46513.66146,1564.62
24981.32,45511.7385,1561.69
25740.83,48012.60686,1371.24
27231.47,51293.05344,1503.09
24944.9,52222.35035,1377.1
25114.63,54090.15871,1341.94
25830.88,54581.65946,1339.01
26164.45,55550.94466,1432.77
25935.75,55629.72546,1435.7
25300.15,55540.53434,1403.47
23887.53,53716.30161,1339.01
23408.72,51353.8272,1415.19
22959.97,49773.92046,1423.98
21893.63,47089.71089,1368.31
22999.65,44521.42164,1453.28
26712.82,43186.47395,1426.91
25604.25,41333.26114,1441.56
25773.8,40577.10614,1453.28
25786.85,40539.50941,1371.24
25799.0,41197.7863,1432.77
25766.03,41377.32915,1377.1
25910.17,41912.54621,1459.14
28064.0,47004.3533,1491.37
29186.13,48682.41951,1459.14
26731.88,48482.1967,1450.35
25791.0,48520.77819,1447.42
26099.9,48991.4583,1462.07
25674.32,48008.70299,1535.32
22475.05,46023.8137,1532.39
22780.27,47234.3651,1517.74
23835.97,48932.26719,1380.03
23664.65,49367.60145,1280.41
24554.42,51486.24225,1283.34
24269.9,52377.20386,1400.54
23645.97,50547.20325,1321.43
22653.93,48689.6997,1339.01
21063.5,43197.62284,1397.61
19894.83,40935.59395,1426.91
21578.03,40158.1611,1438.63
25217.8,39158.45385,1432.77
24379.95,36961.2081,1485.51
24022.38,34605.73252,1488.44
23920.4,34419.22601,1479.65
24032.35,35113.27079,1467.93
24179.57,35283.66944,1435.7
23968.3,35683.79853,1500.16
21446.95,37004.1155,1467.93
20995.92,38954.46785,1479.65
21748.17,40564.65596,1488.44
22530.7,42265.01995,1453.28
22723.07,42998.31445,1453.28
23248.88,44311.63259,1333.15
23635.33,45261.50395,1333.15
24106.58,46383.49729,1268.69
24603.1,47254.48234,1274.55
24698.3,47138.80821,1300.92
24569.6,47002.70031,1297.99
24347.08,46980.086,1292.13
23769.05,45849.44084,1289.2
22996.83,44893.8016,1312.64
22628.57,42915.4891,1380.03
22314.33,41860.56495,1368.31
21868.15,41216.4264,1365.38
20959.65,39418.11396,1382.96
20407.9,38425.58139,1377.1
20056.9,37007.6325,1382.96
19266.5,35887.1163,1391.75
19501.0,36245.04139,1380.03
19672.7,36520.10596,1438.63
19845.78,37111.55985,1441.56
20906.3,38927.84416,1429.84
21695.92,41192.75699,1488.44
22832.0,43650.5421,1356.59
23595.85,46195.795,1359.52
23987.63,47344.16584,1289.2
23964.65,46913.86089,1344.87
24507.18,47944.20121,1394.68
25057.9,47906.8155,1362.45
25503.4,49147.9648,1286.27
26586.98,50563.38145,1295.06
26207.03,51320.66189,1330.22
25778.15,51206.92211,1221.81
25274.28,49943.22884,1300.92
24258.05,46795.86554,1333.15
23394.13,44828.56125,1333.15
23050.88,43424.46934,1412.26
22352.75,42414.03524,1403.47
21550.85,40449.29836,1397.61
20777.08,38457.09371,1356.59
20749.05,37766.49559,1400.54
20981.8,38453.36569,1391.75
21329.08,38809.0399,1368.31
21454.5,39132.9556,1476.72
21884.43,41446.36786,1429.84
23919.78,45653.22741,1532.39
26674.25,49456.12434,1462.07
26919.43,49786.72234,1432.77
26941.0,49956.1714,1350.73
26847.38,49610.90751,1344.87
27200.47,49699.32489,1359.52
25573.6,50819.34871,1248.18
26148.25,51710.38066,1254.04
26070.42,51793.4522,1274.55
25639.65,51884.36665,1382.96
25348.28,51195.73805,1321.43
25046.47,51183.49889,1262.83
24491.45,51027.97715,1297.99
24163.35,50011.56415,1295.06
23391.47,47162.19626,1289.2
22575.5,45534.49349,1321.43
21373.72,43832.30066,1280.41
25807.47,42068.31414,1333.15
25623.98,39976.26186,1365.38
24680.05,38255.88614,1418.12
24323.17,37702.5917,1344.87
24479.4,38855.816,1341.94
24530.82,39649.67324,1347.8
24801.07,41406.59059,1380.03
26908.2,45620.23795,1444.49
28770.27,48601.31749,1450.35
27724.17,51579.79445,1333.15
27126.13,51920.83794,1374.17
27738.32,52728.9742,1318.5
28807.45,55109.10395,1239.39
26504.83,55858.0491,1227.67
26768.77,56046.13826,1239.39
26964.55,56418.90509,1309.71
27122.6,57101.13275,1359.52
26995.55,56650.67539,1341.94
26339.4,55782.15224,1336.08
25924.85,55428.2717,1277.48
25322.78,54524.82474,1221.81
24755.1,51488.98551,1227.67
23421.75,48086.00665,1300.92
23021.42,43633.90669,1271.62
27141.85,41367.12985,1297.99
26454.25,39940.38846,1385.89
25590.9,38268.93421,1318.5
25413.03,38033.29521,1327.29
25361.45,38516.17931,1306.78
25361.2,39236.10921,1365.38
25830.1,41086.12155,1347.8
27628.12,47210.20331,1397.61
28826.73,50047.2617,1359.52
29423.43,52327.6845,1324.36
29185.85,53878.25946,1341.94
29065.3,53705.46925,1254.04
29618.65,54312.96066,1344.87
26680.27,54541.53049,1306.78
26997.7,55264.55535,1333.15
27509.65,56630.3823,1259.9
27536.43,57558.23724,1350.73
27116.6,57156.24414,1324.36
26455.75,55611.96461,1365.38
25960.67,54759.69,1309.71
25239.85,52080.0877,1242.32
23977.57,48485.95989,1286.27
22423.35,46697.21369,1277.48
23658.25,44340.50716,1265.76
26376.55,41157.3408,1388.82
25593.35,39634.02259,1327.29
25718.4,40349.06386,1380.03
25489.47,39030.68124,1465.0
25144.15,38080.24716,1450.35
24591.13,37468.18365,1406.4
24682.7,38377.75019,1503.09
26197.03,42840.50666,1488.44
28256.65,46596.66266,1403.47
27587.07,49831.95096,1435.7
26828.92,50535.52681,1450.35
28348.75,53071.8817,1312.64
28645.75,54549.54925,1315.57
26462.63,54735.52821,1312.64
27057.5,55741.6364,1248.18
27023.38,55668.76416,1283.34
26933.93,55987.58021,1359.52
26764.22,56024.82524,1359.52
26404.32,54937.40401,1306.78
25786.0,53611.67086,1259.9
24236.95,50956.0545,1245.25
22424.78,48536.88605,1242.32
21775.1,47238.30414,1353.66
21634.0,44118.02174,1538.25
26828.22,40325.32411,1494.3
26574.5,40608.3371,1453.28
25552.22,37980.7864,1462.07
25449.83,38978.2076,1406.4
25158.68,38503.4126,1438.63
25318.18,38178.86384,1465.0
25620.72,38961.92389,1506.02
25956.75,41255.64095,1573.41
26180.35,43647.90435,1552.9
24420.63,44148.901,1579.27
24087.95,43576.26306,1541.18
23758.88,43299.5455,1617.36
23287.45,42686.1807,1544.11
22113.13,43268.42005,1555.83
21578.53,41750.83455,1558.76
21339.55,42337.71634,1570.48
21504.2,42989.24059,1567.55
21548.2,43380.0848,1514.81
21075.4,42429.15834,1549.97
20992.92,42182.96834,1526.53
19838.43,40402.9443,1520.67
19270.65,39446.60166,1558.76
18945.05,38491.98235,1547.04
20964.72,36480.36386,1500.16
24667.28,35828.90995,1544.11
23434.63,34712.22728,1514.81
22091.95,33816.97493,1517.74
22051.55,33932.78974,1506.02
22909.6,34553.39956,1514.81
22589.33,34239.0501,1508.95
22730.6,33910.98434,1535.32
22919.88,34320.9962,1544.11
23346.03,36652.66169,1576.34
20605.22,37341.0441,1541.18
20677.5,37654.33846,1564.62
20715.8,37460.6221,1555.83
20188.4,36626.84691,1552.9
21520.75,38041.45465,1506.02
21573.33,38358.61771,1520.67
21613.88,39671.4083,1473.79
21902.5,39356.10925,1541.18
21841.05,39600.11871,1526.53
21815.97,39897.1997,1491.37
21641.33,39960.25951,1456.21
21412.23,39285.52306,1511.88
20953.67,38118.3011,1514.81
19797.33,35951.58291,1523.6
19428.85,34576.04904,1529.46
19206.92,33557.63135,1465.0
18645.9,32825.9195,1544.11
18404.57,32745.30986,1517.74
18275.0,32689.00269,1497.23
18390.48,33171.9923,1538.25
18472.9,32595.73185,1517.74
18392.63,32739.99919,1596.85
18908.9,33973.02422,1552.9
19455.67,35435.85003,1544.11
21065.35,37319.76625,1555.83
20905.08,37777.43346,1573.41
20833.05,37052.54459,1538.25
20924.47,37582.13445,1514.81
21503.92,38560.0363,1523.6
21722.75,39345.3824,1497.23
21840.47,40353.3546,1547.04
21818.05,40101.08019,1558.76
21462.83,39199.4269,1547.04
21354.8,39036.06225,1517.74
21494.65,39823.76474,1552.9
21315.52,38749.00471,1503.09
20944.13,38488.46535,1555.83
20802.03,37694.67845,1549.97
20258.6,36343.9746,1520.67
19085.1,34730.97289,1538.25
18772.3,33289.98765,1535.32
19096.47,32401.59345,1514.81
19146.72,32274.87594,1558.76
19211.55,32396.95101,1544.11
19307.15,32936.49398,1526.53
19813.63,34524.87669,1588.06
21614.95,37392.91985,1643.73
22336.33,38476.15585,1573.41
22779.17,39224.32726,1506.02
23543.92,40527.86814,1529.46
24074.7,43008.86545,1541.18
24155.9,43235.64161,1406.4
22290.5,43237.2946,1421.05
22566.45,43746.66171,1300.92
22586.78,44036.07564,1297.99
22554.38,43639.81525,1318.5
22017.6,42383.29666,1286.27
21717.5,42123.70689,1315.57
21121.63,41771.16281,1303.85
20937.45,41311.56125,1300.92
20001.6,38858.03171,1371.24
19384.75,37281.18476,1388.82
20270.08,35596.40108,1441.56
24050.5,35288.1712,1494.3
23272.25,33716.21288,1418.12
23336.88,33476.95137,1494.3
23427.2,33734.78264,1497.23
22988.6,33639.96432,1470.86
22818.6,32896.85739,1520.67
23071.05,33900.7147,1482.58
23843.18,37022.93145,1588.06
24719.93,38555.18284,1538.25
24637.67,41308.99384,1459.14
24039.75,43017.4821,1491.37
24829.55,43733.29711,1438.63
25358.38,45153.46171,1365.38
23866.8,45314.4348,1385.89
24174.15,44108.73686,1394.68
23321.32,45083.26239,1324.36
23110.15,46147.19006,1412.26
22861.77,45402.88735,1423.98
22475.35,45280.24956,1309.71
21800.58,43286.5326,1303.85
21364.0,42322.5229,1292.13
20669.13,41000.93981,1365.38
20163.33,39775.96871,1409.33
19321.13,36120.57476,1415.19
23410.33,35128.1477,1450.35
23738.78,34827.12767,1432.77
23385.4,34334.07944,1450.35
22992.0,33258.19397,1482.58
22734.07,33062.50809,1497.23
22854.35,33489.75325,1482.58
23386.62,35101.62952,1547.04
24309.85,38491.70099,1579.27
25190.33,40172.29944,1511.88
26338.62,43775.67696,1494.3
24568.93,44714.32909,1426.91
25351.6,45133.661,1406.4
25805.03,47064.1423,1300.92
23852.45,46676.81509,1318.5
24023.05,47447.31945,1303.85
24214.55,48319.07824,1321.43
24496.25,48408.3397,1403.47
24445.55,48615.94821,1297.99
24216.0,48416.4288,1330.22
23747.3,47223.04036,1318.5
22880.45,44820.9997,1248.18
21520.4,41742.39375,1303.85
20075.35,39164.36241,1321.43
22502.32,37454.81905,1318.5
25083.75,36409.46114,1441.56
24499.3,35247.76087,1459.14
24202.0,35121.53574,1415.19
24063.25,34970.02338,1447.42
24317.3,36209.6252,1406.4
24181.45,37323.4591,1476.72
24382.9,38325.03036,1476.72
26135.1,42176.39155,1514.81
25507.05,44928.6199,1494.3
25085.22,44878.39714,1450.35
25537.3,45475.75959,1412.26
26380.83,46565.25585,1385.89
25816.17,45478.78421,1485.51
23314.53,45546.38095,1532.39
23114.48,45037.47105,1374.17
23863.97,47197.4366,1233.53
23931.1,47557.04985,1403.47
23687.72,45681.89096,1380.03
23539.4,46620.57826,1262.83
23116.78,46168.99546,1333.15
22166.65,44703.35605,1356.59
20907.1,41124.56236,1359.52
19650.75,39368.41875,1336.08
21620.6,37314.94796,1377.1
25350.8,35774.71298,1418.12
23798.05,34381.8403,1426.91
23536.0,34360.77347,1438.63
23648.48,35434.8301,1426.91
23776.78,35687.17485,1447.42
23563.05,35765.95565,1494.3
23783.8,37087.4684,1421.05
24274.0,39626.49621,1582.2
23628.2,41731.42071,1485.51
24138.42,43188.47864,1406.4
24347.05,44126.7439,1409.33
25218.23,45271.42189,1350.73
26521.92,47360.44955,1347.8
24686.53,47242.73556,1280.41
24547.17,46770.75416,1292.13
24544.2,47066.9559,1336.08
24655.35,48442.56011,1426.91
24465.07,48403.48624,1418.12
23821.7,47487.9408,1359.52
23275.45,45958.92505,1259.9
22009.8,44748.9012,1312.64
21465.1,43762.48821,1300.92
20632.25,41810.97525,1368.31
22583.45,40052.36974,1418.12
25291.72,39356.91816,1432.77
24733.75,38388.93425,1465.0
24552.62,38899.35646,1473.79
24307.38,38375.92135,1508.95
24225.7,38542.97885,1473.79
24291.22,38491.38446,1482.58
24365.92,38629.56739,1508.95
24511.5,39574.86665,1470.86
25113.78,41792.96821,1503.09
23267.67,44502.0078,1479.65
23343.5,45549.47591,1473.79
24969.38,47884.90459,1423.98
25167.23,48815.96,1406.4
25523.67,49542.67771,1330.22
25944.6,49894.09635,1336.08
25544.45,48239.76989,1368.31
25372.18,47944.97495,1297.99
24682.67,46425.38476,1297.99
24086.08,45187.1194,1292.13
23176.18,43795.26665,1297.99
23459.9,43140.33091,1318.5
22741.58,42437.5288,1368.31
22101.0,39865.37085,1400.54
21378.6,38694.7374,1362.45
21242.13,37980.36436,1409.33
20762.85,37348.4298,1388.82
19420.55,35798.90994,1388.82
19690.0,35789.87125,1447.42
20744.63,37090.17649,1406.4
20527.05,37363.65841,1412.26
20746.9,38877.86759,1450.35
21343.13,40028.91135,1517.74
21700.05,40792.10035,1511.88
23220.4,43611.25721,1432.77
23772.72,45591.5744,1359.52
24229.6,47090.44946,1377.1
25281.72,48352.59525,1315.57
25215.5,48983.0175,1271.62
25328.05,48689.17215,1318.5
25322.7,48949.32464,1353.66
25276.47,48745.2683,1256.97
24838.5,47674.23629,1344.87
25029.35,48075.70184,1268.69
24919.5,47758.7498,1254.04
24523.65,46677.44815,1300.92
24398.75,45725.74795,1286.27
23787.63,44457.3419,1359.52
22576.4,42519.4749,1394.68
21339.58,40087.8211,1380.03
20594.38,37555.9328,1391.75
20997.42,38185.40546,1382.96
21044.13,38137.04671,1362.45
21182.05,38863.83476,1418.12
21116.72,38320.35275,1403.47
21171.58,38605.4056,1517.74
22727.4,41948.59546,1511.88
24210.17,43737.93955,1426.91
25865.47,45823.06334,1415.19
26569.3,48415.09234,1406.4
27184.65,50199.8995,1400.54
27961.6,52190.1698,1403.47
26612.68,54097.54441,1309.71
26536.75,53649.0214,1315.57
26573.45,53716.30161,1315.57
26529.78,54633.88691,1262.83
26226.42,53543.5114,1309.71
25959.55,53321.69421,1239.39
25302.05,51709.46624,1259.9
24341.13,49897.01546,1213.02
22928.95,47309.2772,1274.55
22029.4,44542.4533,1297.99
22430.35,42124.93784,1274.55
25753.95,40183.55384,1365.38
24774.05,38413.3774,1330.22
24661.45,38010.85675,1382.96
24833.2,38191.27885,1344.87
24631.47,37939.21546,1403.47
24254.55,37427.5623,1380.03
24661.65,39789.40365,1476.72
25687.2,44282.01945,1447.42
27446.3,47594.75209,1459.14
27257.72,49846.51134,1403.47
27801.5,51468.4814,1321.43
28589.05,52762.49121,1297.99
29100.08,53657.39186,1309.71
26974.55,54654.00415,1306.78
26736.83,54027.73196,1295.06
26886.08,54058.99809,1295.06
26865.45,54040.92071,1262.83
26250.17,51594.56585,1236.46
25740.12,50587.1212,1218.88
24885.33,49001.3059,1245.25
23938.07,47448.5504,1262.83
22935.18,45710.73036,1221.81
22059.1,42942.04245,1277.48
24051.88,40994.60921,1274.55
26380.42,39451.2441,1321.43
25059.95,37035.59265,1350.73
24453.65,36364.0215,1409.33
24024.17,35926.61221,1356.59
24088.88,36108.08941,1368.31
23664.18,35553.28266,1423.98
23662.75,36091.38366,1426.91
24210.75,38113.729,1447.42
25293.63,38756.2849,1438.63
24972.65,41374.44521,1421.05
25289.78,44072.47659,1388.82
26295.07,46476.73296,1274.55
26668.97,48364.3772,1251.11
25653.15,49635.66719,1256.97
25442.15,48896.851,1259.9
25732.48,49555.47959,1409.33
25507.2,48437.1791,1394.68
25264.97,47559.96896,1315.57
24874.53,47561.55161,1248.18
24159.05,46921.52795,1262.83
23012.08,45204.88025,1224.74
21839.05,42246.02815,1215.95
20994.83,39724.8667,1245.25
19874.9,37663.2013,1295.06
24945.13,36282.25125,1289.2
24139.6,35957.52664,1344.87
23709.53,33956.10745,1365.38
23326.05,32451.57002,1336.08
23527.02,33593.11788,1347.8
23162.7,34187.84258,1344.87
23420.5,35269.67178,1382.96
24823.05,38832.88516,1544.11
26629.53,44827.15445,1397.61
26236.7,47256.8739,1353.66
26742.97,49316.7808,1368.31
28629.18,52964.43735,1295.06
29533.22,54842.05814,1271.62
27282.65,55791.75365,1309.71
27040.05,54917.53296,1380.03
26916.13,54990.58105,1397.61
26813.6,55507.12284,1423.98
26874.63,55792.2812,1309.71
26443.05,55161.6831,1339.01
25862.55,54018.6581,1230.6
24473.13,51379.25511,1215.95
24188.0,49353.53345,1256.97
22621.47,46552.66499,1245.25
24244.77,43890.7532,1280.41
27466.45,42916.64971,1268.69
26477.52,41752.87441,1330.22
26380.28,41895.03155,1286.27
26171.25,41110.74055,1368.31
25946.5,40878.7944,1350.73
25396.57,40639.53289,1336.08
25750.33,42108.6893,1368.31
27628.47,47443.02871,1415.19
29385.52,51131.65831,1403.47
29270.27,53396.25461,1336.08
28734.58,54460.81534,1347.8
29506.8,54984.4263,1321.43
29632.8,55814.01626,1245.25
26941.25,55825.09481,1289.2
27163.7,56682.25805,1303.85
27891.77,57951.54335,1318.5
27675.0,58537.12385,1362.45
27671.53,57947.56914,1327.29
26310.6,56159.63185,1271.62
26996.28,55022.16371,1251.11
24862.7,51294.21405,1210.09
23480.45,48229.14855,1242.32
22135.0,45512.0902,1280.41
22979.65,43404.3521,1377.1
25508.15,41287.92701,1321.43
24992.73,38884.47955,1356.59
23977.4,36136.75296,1339.01
23743.92,36536.0028,1388.82
24070.13,38017.29286,1415.19
23670.83,37412.0875,1380.03
23609.2,37377.9726,1397.61
24020.25,38985.76915,1441.56
24400.08,39991.98285,1397.61
25721.97,42308.91211,1353.66
27474.5,44758.46744,1385.89
28232.52,47164.7285,1327.29
27032.03,49199.13715,1330.22
26840.05,50543.68625,1271.62
27435.25,51205.65599,1289.2
27236.72,51341.62321,1306.78
27637.13,52066.26589,1295.06
27507.83,51968.5988,1312.64
26639.13,49585.1279,1318.5
25044.1,47104.34161,1315.57
24487.83,45071.16391,1286.27
24020.15,44268.1273,1382.96
23345.3,42873.88299,1359.52
22750.75,41717.17686,1432.77
22144.35,40729.77911,1380.03
21835.27,40346.77781,1406.4
21851.08,40017.37559,1388.82
21766.45,39719.13399,1418.12
21640.6,39227.31671,1444.49
21346.67,38335.58136,1447.42
21354.42,38410.84516,1447.42
21726.3,40010.7988,1503.09
21985.32,39563.89361,1506.02
22774.88,41850.96354,1406.4
23966.97,44578.6784,1421.05
24880.7,47094.49401,1365.38
25879.55,49472.75975,1327.29
25907.47,49111.0363,1365.38
25933.58,49284.00236,1330.22
26697.65,49959.61806,1280.41
26795.85,49937.35545,1283.34
26658.43,49788.0588,1245.25
26372.5,48535.76061,1248.18
25016.03,45989.10091,1268.69
24763.45,45868.43264,1195.44
24123.4,43861.66761,1339.01
22854.45,41193.5659,1374.17
22399.17,41085.06645,1341.94
22251.42,42012.60486,1333.15
21810.13,40417.96189,1391.75
21836.45,39664.3743,1350.73
21763.95,39808.32511,1374.17
20771.75,35571.2897,1441.56
20635.63,34960.7385,1388.82
21248.25,37477.74989,1441.56
22485.72,40736.63726,1549.97
25027.67,43395.2079,1517.74
25559.15,44854.4112,1467.93
25821.05,46310.02716,1520.67
26276.65,47166.66285,1485.51
26070.4,47230.74259,1503.09
24109.4,47340.75435,1426.91
24425.65,48392.75939,1435.7
24467.8,49034.014,1459.14
24724.5,49525.97196,1339.01
24769.22,50016.48795,1341.94
24332.25,48934.06086,1400.54
23659.1,46801.87961,1374.17
22854.03,44072.33591,1382.96
21532.95,42761.69069,1394.68
21093.1,43026.55596,1359.52
23117.33,41222.93285,1394.68
25518.58,38971.45496,1426.91
24771.6,37571.93515,1415.19
24057.47,36390.85621,1377.1
24542.32,37049.90684,1421.05
24321.48,36391.98165,1450.35
24255.2,36097.60875,1459.14
24926.75,38997.72695,1491.37
26651.55,43539.68626,1479.65
27788.03,46487.53015,1503.09
26168.3,47698.71461,1491.37
25633.4,46789.4646,1450.35
25934.02,46681.73889,1491.37
26376.38,47926.75689,1441.56
25442.5,49278.90271,1421.05
25548.85,49577.56635,1412.26
25896.5,49834.37769,1371.24
25930.35,49819.7118,1347.8
24910.65,48937.47235,1394.68
24743.3,50206.75765,1295.06
25077.88,42844.90291,1303.85
25951.72,39197.84425,1344.87
23349.5,43222.59354,1426.91
19839.57,42459.51005,1341.94
21887.17,40151.30295,1438.63
25020.38,39250.00136,1400.54
24973.42,39034.1279,1400.54
24976.17,37963.37725,1432.77
24346.6,37152.70875,1485.51
24317.73,38008.74655,1435.7
24238.05,37372.09921,1459.14
24198.38,38781.36111,1488.44
22588.15,42827.45859,1547.04
25957.2,46980.96525,1462.07
25270.32,46465.5489,1544.11
25609.57,46598.4915,1497.23
26813.05,49186.3001,1371.24
27496.45,50703.70975,1418.12
25904.02,50771.69336,1506.02
25911.55,50620.11066,1429.84
26141.17,50972.05685,1344.87
26272.3,51580.49785,1432.77
26382.2,52530.43955,1350.73
25588.22,51761.97505,1356.59
24991.6,50012.26755,1309.71
22792.7,47212.84106,1503.09
21249.83,42383.19115,1426.91
20534.03,40904.53884,1397.61
22088.72,39708.6885,1421.05
25350.07,39153.10801,1453.28
24821.75,37609.49671,1462.07
24729.2,36540.32871,1465.0
24657.35,36792.21625,1459.14
24932.92,37791.9235,1482.58
24999.25,39308.20771,1453.28
25158.95,40435.12485,1508.95
26435.22,44127.62315,1558.76
27373.13,45236.3574,1549.97
25041.53,43772.75785,1573.41
25100.45,45161.62115,1517.74
26988.95,48069.3009,1447.42
27905.45,50430.19266,1423.98
26866.65,52241.44766,1368.31
26416.95,50986.05451,1403.47
26167.1,50384.01445,1391.75
26330.17,51116.25385,1470.86
26108.6,50556.5233,1347.8
25766.08,50000.90764,1327.29
24420.3,48849.96939,1315.57
23474.1,48412.38425,1374.17
22681.75,46288.71414,1371.24
19651.0,41432.61639,1309.71
21429.65,39074.81959,1350.73
24772.63,38161.2085,1300.92
23715.15,36963.67,1330.22
23092.92,36006.62396,1327.29
23176.35,36025.79161,1336.08
23111.15,36170.9382,1333.15
23181.97,36511.31346,1409.33
23936.72,38254.7607,1374.17
24466.35,40312.13536,1412.26
25115.7,43178.66621,1391.75
22931.45,42237.48184,1382.96
24501.85,45036.9435,1359.52
24747.32,46387.1198,1377.1
25644.48,47968.29266,1268.69
26306.02,52605.10546,1412.26
27003.17,53435.36365,1412.26
27298.0,54275.82114,1339.01
26741.5,54496.6184,1362.45
26857.5,54217.0169,1333.15
26441.65,53339.98261,1330.22
25428.35,53366.53596,1274.55
23868.22,50788.57496,1292.13
22236.53,48076.79211,1333.15
22012.92,45778.50295,1344.87
24489.33,43622.68746,1374.17
27648.47,42426.52059,1497.23
26339.25,40401.71335,1508.95
24677.52,36443.75189,1520.67
24728.82,37154.2914,1441.56
24230.33,35526.79965,1523.6
23793.93,34944.70098,1526.53
24089.83,36116.88191,1552.9
24637.5,37976.2143,1523.6
24470.4,39421.41994,1491.37
22996.05,41054.11685,1579.27
23267.15,42758.9826,1503.09
24098.42,44891.3397,1491.37
24689.9,46131.0822,1453.28
25740.0,47853.53295,1438.63
26388.32,49056.06559,1415.19
26819.35,50359.32511,1380.03
26979.97,50383.66275,1344.87
26140.57,49663.38115,1368.31
26127.95,49334.78784,1321.43
26052.72,48956.35864,1336.08
25871.92,48149.1368,1371.24
25650.53,47616.3113,1435.7
25173.63,47099.24196,1432.77
24262.8,44926.26351,1444.49
22024.55,40954.65609,1494.3
21778.88,40688.98191,1426.91
21453.43,39657.16445,1459.14
21193.72,39279.36831,1447.42
21167.25,39465.38244,1462.07
21264.5,39592.73301,1479.65
21652.15,40939.2868,1491.37
23093.02,43216.01675,1497.23
23337.95,44114.25855,1500.16
23636.13,45422.7584,1482.58
25107.08,48065.95975,1444.49
26644.13,50391.576,1429.84
26498.07,50067.41411,1426.91
26490.77,50209.85261,1356.59
26989.42,50887.19164,1300.92
27048.15,50303.82685,1333.15
27158.67,50891.16585,1324.36
27571.45,51596.1485,1327.29
27408.15,51293.26446,1315.57
26793.65,50312.16214,1333.15
25897.1,48169.28921,1380.03
25598.9,47277.55386,1356.59
24605.0,45629.03045,1371.24
23896.25,44285.7123,1441.56
23446.6,43410.78821,1374.17
22807.55,42102.46421,1485.51
22399.53,40968.65375,1547.04
22230.6,40736.3559,1462.07
22793.7,42612.92159,1444.49
22764.7,42333.67179,1470.86
23421.35,44371.98431,1520.67
24351.6,46755.7014,1590.99
25752.07,47985.42045,1538.25
26948.22,51287.63726,1432.77
28417.03,52867.1923,1517.74
28885.1,53631.89361,1444.49
29302.33,54405.00055,1406.4
27704.08,56023.52395,1315.57
28301.42,57936.06855,1324.36
28528.07,58281.9655,1333.15
28354.28,57808.929,1365.38
28531.5,58825.93989,1362.45
28255.27,58467.48725,1403.47
27993.85,58247.25271,1339.01
26757.25,55513.48861,1374.17
25879.82,53299.25575,1353.66
24938.72,51534.42515,1380.03
26708.0,49399.782,1418.12
29266.35,46218.37414,1394.68
25732.63,37430.3759,1678.89
24933.28,35787.76105,1491.37
23602.42,34929.92958,1473.79
23560.2,35466.27208,1473.79
23679.03,35602.20413,1465.0
23992.77,36539.5198,1500.16
25209.18,41015.6057,1523.6
26389.1,44143.69584,1555.83
24140.4,43469.0649,1547.04
25010.2,45847.68234,1564.62
25649.63,47665.30311,1573.41
26429.13,48546.48746,1605.64
26127.72,50349.89955,1473.79
26310.15,51597.02775,1470.86
26673.55,51854.71834,1418.12
26370.17,49846.54651,1400.54
25501.92,47572.52465,1371.24
24345.8,47569.8869,1350.73
22983.7,47632.66535,1377.1
22441.27,46312.66491,1368.31
22044.07,44956.65039,1362.45
21708.75,43032.53486,1394.68
23882.35,43249.07655,1409.33
26289.15,41904.45711,1438.63
25535.28,40319.5914,1494.3
24993.2,39866.70731,1406.4
24991.03,39726.73071,1462.07
25340.92,40525.86345,1406.4
25154.1,40433.8939,1444.49
25342.25,41789.16985,1453.28
26955.73,45519.22971,1511.88
28765.8,48797.49575,1473.79
26482.75,49948.01196,1444.49
27214.85,51447.3794,1450.35
28987.45,53933.65221,1476.72
29923.8,56064.21564,1412.26
27757.13,56041.46065,1555.83
27195.75,55021.46031,1579.27
26926.43,52316.14874,1549.97
26728.13,51936.13689,1409.33
25732.35,50494.79995,1567.55
24903.33,49401.99771,1450.35
22621.98,44598.7253,1438.63
21800.47,43910.87044,1503.09
20322.95,43014.94986,1473.79
19388.8,38926.8594,1538.25
21795.15,37075.33475,1532.39
25345.17,36611.6183,1506.02
23963.78,33995.70887,1529.46
22930.28,33251.01929,1523.6
22725.6,33352.87161,1482.58
22688.13,33425.04045,1541.18
22776.92,33281.89855,1470.86
23238.92,35284.75971,1541.18
24268.8,38015.85089,1590.99
25209.95,39631.59586,1526.53
23733.53,41195.85195,1561.69
24815.15,44699.55769,1599.78
26683.15,47904.77564,1508.95
26676.4,46567.64741,1488.44
24934.18,46608.76114,1529.46
25036.63,46773.35674,1394.68
25309.83,47319.93371,1459.14
25065.5,47723.40395,1511.88
25183.83,48815.78415,1418.12
24817.4,47892.32546,1423.98
24184.78,47668.43324,1347.8
22396.78,45315.4899,1444.49
22014.92,43466.2513,1459.14
20868.28,40999.70886,1494.3
22248.2,39009.61441,1500.16
24701.97,37027.15185,1605.64
23672.55,34305.38072,1547.04
22673.63,31203.94944,1485.51
22398.4,29751.67463,1485.51
22347.95,29843.36282,1497.23
22367.98,30400.84249,1529.46
23221.55,31989.54173,1508.95
24979.8,37632.04068,1547.04
26235.8,39859.84916,1529.46
25073.25,43610.87034,1508.95
24772.3,44881.21074,1538.25
25594.95,46482.60635,1497.23
26262.2,48362.51319,1514.81
25167.78,49950.96624,1450.35
25509.13,49727.2147,1473.79
25699.1,49161.61076,1359.52
24858.3,47929.14845,1503.09
24476.6,47362.27839,1459.14
24524.07,48840.15696,1438.63
23075.7,46922.23135,1497.23
21784.78,43657.75195,1385.89
20316.93,40555.16006,1465.0
19376.0,37737.7617,1453.28
21745.88,35905.7564,1491.37
25304.8,35541.88758,1552.9
24861.22,37264.19765,1488.44
24070.25,34890.46884,1547.04
23466.2,32866.64636,1473.79
23293.7,32640.81979,1476.72
23326.15,32725.86085,1508.95
23215.85,32860.84331,1453.28
23529.13,33899.37824,1508.95
22791.35,35515.79144,1558.76
21525.55,37391.51305,1506.02
22154.95,40862.9679,1467.93
23214.27,43183.8362,1441.56
24917.28,44524.1649,1453.28
24969.63,45401.05851,1444.49
25213.8,45203.71964,1412.26
25358.7,45484.55209,1423.98
25118.1,44611.98439,1415.19
24673.9,44028.54926,1362.45
23930.7,42996.66146,1394.68
23425.0,41056.0512,1391.75
22263.03,38098.35971,1412.26
21372.9,36484.40841,1415.19
21189.05,35394.91215,1426.91
20596.58,35166.58851,1467.93
20259.63,35177.28019,1476.72
19362.2,32327.45509,1497.23
18382.97,28652.43628,1476.72
18426.8,27979.63418,1435.7
18239.9,28546.29322,1447.42
18320.68,29792.96421,1453.28
18547.42,30788.09936,1485.51
19093.35,32986.89259,1488.44
20591.6,35313.63428,1462.07
20893.9,36880.14125,1473.79
21780.65,39279.6145,1456.21
22610.72,41349.08764,1409.33
23321.13,42352.17121,1426.91
24733.6,43797.83406,1391.75
23873.92,40763.36646,1450.35
23561.53,38920.8805,1394.68
23711.25,39060.75159,1409.33
23884.92,39979.4975,1344.87
23920.25,41108.27865,1371.24
23510.65,40091.6898,1377.1
22989.85,37823.68201,1423.98
22084.13,35736.20183,1385.89
21829.18,34423.97396,1388.82
21147.92,34236.27167,1482.58
20491.1,34965.3106,1544.11
19926.7,33658.67476,1535.32
19821.33,32496.30626,1450.35
19879.85,32789.16685,1494.3
19749.05,32427.75993,1532.39
19724.75,32270.83139,1467.93
20161.67,34211.33614,1494.3
21011.5,36773.0486,1564.62
23813.47,39590.58764,1523.6
23554.7,39600.0132,1564.62
23759.3,40427.73915,1526.53
24588.45,40893.10859,1473.79
24832.53,39770.51736,1412.26
24277.17,40666.96549,1362.45
24363.28,41600.4828,1333.15
24390.13,42604.83249,1336.08
24640.38,43329.0883,1438.63
23550.33,43653.28536,1403.47
23246.28,43758.26781,1450.35
23003.02,43067.14214,1429.84
20750.63,40599.29841,1470.86
19599.45,36900.53985,1506.02
19046.1,34597.92478,1547.04
19970.5,32891.96876,1558.76
23203.0,31303.02333,1500.16
23036.07,31130.69033,1482.58
22585.95,30148.04053,1441.56
22281.05,28962.00262,1462.07
22377.4,28515.51947,1462.07
22687.3,28207.0434,1444.49
22567.33,29278.49745,1476.72
22571.28,31066.54025,1535.32
23257.6,32662.41417,1506.02
22426.6,34628.20615,1497.23
23161.55,37943.22484,1541.18
24733.32,41623.16745,1423.98
26168.38,45391.8088,1394.68
25466.6,47557.9291,1365.38
24594.98,42804.10571,1394.68
24025.78,43397.95116,1344.87
23988.75,45016.8966,1488.44
24119.63,45995.25566,1356.59
24121.85,46704.0015,1347.8
23593.35,46434.42345,1268.69
22570.4,45132.6059,1309.71
21575.4,41825.64114,1385.89
20734.72,39081.85359,1418.12
22590.72,37738.88714,1432.77
25352.35,35916.06121,1432.77
24428.65,35452.90748,1429.84
23893.22,35055.38097,1482.58
23270.7,33785.74397,1421.05
22996.5,32947.92423,1356.59
23065.5,32265.62623,1441.56
23293.53,33247.85399,1441.56
24270.68,36638.31233,1485.51
24278.77,40138.74726,1444.49
23186.13,40230.68164,1423.98
24243.85,41870.16636,1467.93
26048.38,44578.92459,1415.19
26665.98,46971.22316,1336.08
25299.97,47763.49775,1324.36
25690.5,48271.07119,1333.15
25797.33,48855.52625,1385.89
26129.05,50241.92765,1394.68
26403.85,51256.58215,1362.45
26085.95,51022.45546,1347.8
25858.15,50891.97476,1292.13
25113.53,48603.77939,1297.99
22821.8,45620.58965,1292.13
22041.93,42166.3681,1359.52
23307.78,40602.53405,1344.87
26995.5,39512.68609,1318.5
25770.9,38429.02805,1423.98
25273.78,37596.44864,1406.4
24640.15,36031.665,1374.17
23841.53,35226.37751,1423.98
23625.53,35374.86525,1368.31
24313.9,36774.34989,1374.17
25269.23,39535.01904,1491.37
25812.02,42490.35414,1418.12
24901.73,43479.44005,1438.63
25445.28,45532.41846,1456.21
26767.87,48506.8157,1371.24
28562.08,51686.35955,1368.31
27506.63,53048.49365,1292.13
27633.73,52448.03624,1347.8
27837.35,52960.0411,1318.5
27805.65,52749.65416,1397.61
27747.65,52668.1301,1336.08
27295.6,51235.3043,1327.29
25682.55,48808.39845,1306.78
24594.65,47146.89731,1262.83
22617.72,43355.04376,1333.15
21258.95,40787.63376,1277.48
23691.15,39863.0848,1344.87
26003.93,38822.47484,1400.54
25274.47,38001.99391,1341.94
24507.65,35918.83964,1400.54
24206.03,35317.78434,1350.73
24126.75,34918.81586,1339.01
23733.8,33103.86801,1426.91
23826.58,34650.8908,1353.66
24954.15,39542.96746,1441.56
25048.92,43819.18225,1418.12
24530.03,43251.7143,1426.91
25459.9,45514.72795,1400.54
26938.2,48329.73475,1423.98
28201.67,51087.06275,1350.73
26815.3,52703.3001,1435.7
27353.9,53195.6801,1385.89
27789.55,53076.91101,1289.2
27246.95,52093.90951,1306.78
27401.2,51839.34905,1336.08
26388.47,51478.25866,1227.67
25168.0,49660.91925,1230.6
23750.13,46985.53735,1277.48
21434.78,43862.19516,1292.13
20943.95,41069.66199,1321.43
23686.9,41159.97855,1274.55
27078.42,40774.62086,1341.94
25755.6,37977.90246,1353.66
25058.72,35894.95921,1347.8
24726.8,34815.62708,1330.22
24478.75,34181.0196,1350.73
24038.17,34008.79211,1341.94
23958.48,34614.03264,1406.4
24238.55,35587.78443,1377.1
24167.95,37327.60916,1380.03
22317.9,38793.74095,1359.52
22817.77,41032.4873,1324.36
23331.1,43101.11636,1274.55
25115.8,46514.4352,1315.57
26583.85,49062.67755,1341.94
26793.6,49386.24155,1300.92
27161.4,49708.5746,1295.06
27950.0,50298.19965,1271.62
27512.88,49983.18196,1274.55
27407.45,50141.79866,1300.92
26726.23,49193.50995,1280.41
25922.85,47978.73815,1259.9
26046.28,47314.48236,1277.48
24744.45,44421.1168,1362.45
22867.22,41063.01486,1412.26
21737.55,39131.37295,1394.68
20789.67,37078.92209,1385.89
19849.7,35826.79975,1356.59
19797.17,35456.35414,1365.38
20055.72,35847.3742,1368.31
19818.07,35677.1514,1391.75
19921.93,36404.467,1336.08
20444.35,37981.56014,1394.68
21374.63,39359.52074,1385.89
22423.38,41122.10046,1336.08
22706.07,42747.30616,1330.22
24484.13,45462.67635,1289.2
25009.33,46292.1608,1382.96
25355.08,46963.97814,1324.36
25905.83,47630.30896,1318.5
26345.83,48638.63286,1286.27
26704.73,48862.84161,1309.71
27123.65,48715.0221,1306.78
26870.27,48768.1288,1300.92
26412.47,47457.09671,1280.41
25586.37,46138.1162,1300.92
25230.2,44956.58005,1312.64
23335.3,42688.18539,1333.15
22492.7,40530.43555,1365.38
21436.83,39383.26049,1353.66
20946.9,38548.7819,1394.68
21112.25,37518.93396,1391.75
20991.35,37283.11911,1382.96
20813.3,37460.09455,1315.57
20887.83,37556.9879,1374.17
21596.0,39447.90295,1385.89
22890.5,42176.11019,1441.56
23824.9,43321.7026,1429.84
24852.68,43731.01106,1388.82
25104.05,44423.9304,1494.3
25816.03,45478.327,1450.35
26304.2,47082.7824,1388.82
25506.32,48606.52265,1286.27
26044.2,49789.64145,1280.41
26588.47,51543.11214,1262.83
26734.8,52569.40791,1245.25
26859.3,52369.00925,1297.99
26560.4,52289.27886,1277.48
25860.9,50923.76844,1339.01
25123.28,48480.54371,1321.43
24607.0,47172.92311,1368.31
23738.13,45244.02446,1371.24
23147.28,42325.86405,1415.19
26700.25,41222.757,1441.56
26452.57,39566.77755,1441.56
25806.25,38664.66705,1429.84
25449.15,37407.5154,1459.14
24988.8,37354.58455,1382.96
25020.72,37813.55305,1377.1
25402.75,39546.37895,1359.52
26765.85,43598.8422,1385.89
27859.68,45525.20861,1450.35
26186.45,46024.69295,1418.12
26702.28,48130.60221,1465.0
27446.07,49093.27545,1444.49
28450.63,50835.7731,1347.8
27008.25,51928.96221,1362.45
27303.45,52491.225,1418.12
27742.38,53446.7939,1271.62
27391.25,53869.00975,1359.52
27096.9,52304.57781,1377.1
26543.22,50492.33805,1435.7
25622.0,50623.10011,1400.54
24273.48,48406.82739,1429.84
22879.83,46246.89701,1438.63
21853.7,43911.22214,1447.42
23626.53,41866.08664,1526.53
26236.68,39947.56314,1514.81
25131.18,37145.32305,1482.58
24458.58,35966.53016,1473.79
24235.47,35710.73875,1432.77
24154.38,35897.84315,1441.56
24248.13,35539.56636,1441.56
24483.75,37387.39816,1473.79
25151.4,41436.9423,1476.72
23969.08,44508.6901,1503.09
24421.6,45371.83224,1514.81
24880.1,45447.90495,1497.23
26442.05,47604.63486,1541.18
28251.05,49413.42796,1435.7
25942.6,49247.39039,1423.98
25873.58,49465.5499,1435.7
26370.73,50458.57485,1406.4
26445.07,51960.43936,1385.89
26468.33,52186.19559,1339.01
26325.63,52002.362,1295.06
25669.7,50574.91721,1374.17
23835.95,47373.2866,1385.89
22744.72,44849.38189,1500.16
21664.03,41946.02805,1506.02
21693.38,39877.32865,1547.04
25803.25,38721.29075,1491.37
25266.82,37714.61984,1465.0
25114.97,37292.40399,1476.72
24592.17,36892.52109,1497.23
23999.95,35930.0237,1465.0
23615.55,35357.20991,1473.79
23887.92,37897.4335,1447.42
25028.18,40171.70155,1558.76
25889.35,43381.77296,1491.37
24293.1,44772.21891,1508.95
25295.4,45509.80415,1649.59
25844.08,47093.50925,1552.9
28612.18,51187.8248,1473.79
26891.18,51726.73471,1555.83
27024.05,52596.3833,1544.11
27164.22,52171.10766,1412.26
27100.2,51561.61156,1459.14
26396.47,49594.9755,1409.33
25362.4,49377.20286,1356.59
24600.2,47725.16245,1368.31
22884.4,45782.12546,1400.54
20990.83,42444.63314,1432.77
20433.65,40421.5844,1403.47
21103.05,39061.5605,1465.0
26352.0,39204.87825,1438.63
25724.03,38649.79014,1549.97
25083.6,37812.39244,1485.51
24844.75,37503.28331,1423.98
24644.1,36822.11075,1426.91
24475.6,36201.81746,1426.91
24542.92,37381.41926,1418.12
25063.7,40189.91961,1517.74
25999.8,43018.99441,1453.28
24243.1,43382.5467,1456.21
24763.1,45580.03864,1476.72
25925.63,46841.8679,1506.02
26747.8,48283.20484,1418.12
26042.35,49403.12315,1391.75
26239.45,49911.08346,1362.45
27031.13,50618.95005,1365.38
26508.42,50572.42014,1438.63
25796.05,50369.4189,1429.84
25087.6,50134.02609,1277.48
25119.53,48943.9788,1324.36
24088.92,47189.80471,1350.73
22674.63,44055.17295,1359.52
21220.15,41939.06439,1403.47
23077.05,40090.21266,1391.75
25891.63,38897.84415,1374.17
25176.95,37502.29855,1400.54
25435.53,39110.27095,1400.54
25204.83,38804.1161,1409.33
24842.8,37746.02665,1465.0
24881.72,37736.88245,1382.96
24955.3,38083.4828,1429.84
24942.77,38716.12076,1426.91
24995.95,40263.07321,1444.49
22649.58,41420.7641,1406.4
22860.55,42991.73766,1356.59
24220.85,44718.12745,1309.71
25077.4,46141.6332,1365.38
25465.3,46574.9276,1327.29
25851.75,46769.4177,1295.06
26081.23,47053.13409,1303.85
26180.05,47852.12615,1242.32
26023.3,47486.1823,1303.85
25508.1,46460.02721,1239.39
25150.8,45679.32355,1230.6
24821.58,45219.8275,1256.97
24431.8,43803.81296,1321.43
23639.4,41954.89089,1350.73
22741.52,40803.60094,1347.8
22278.93,39691.56071,1280.41
21647.32,39195.98024,1341.94
21743.67,39360.32965,1339.01
21461.22,38631.00936,1359.52
21102.7,38232.49809,1362.45
20404.45,37445.39349,1336.08
20085.75,37468.28916,1371.24
20955.85,38268.54734,1359.52
21846.28,40243.44835,1391.75
22015.67,41040.40055,1344.87
22350.3,42101.6553,1333.15
23919.13,44313.1449,1256.97
24742.77,45950.41391,1324.36
25310.4,47050.88321,1248.18
25827.38,47941.10625,1268.69
26029.83,47166.59251,1303.85
26007.13,46774.62286,1265.76
25327.3,45532.1371,1295.06
25108.32,45765.77141,1245.25
24824.77,44978.84266,1259.9
24420.88,43545.55965,1283.34
23580.8,42499.0763,1283.34
23924.8,43856.6383,1388.82
23284.5,41388.86491,1388.82
21535.43,39517.53955,1353.66
21663.33,37573.58814,1421.05
21388.65,37236.69471,1374.17
21573.83,38035.37024,1374.17
21339.15,37661.90001,1409.33
21197.75,37181.724,1371.24
21318.13,38015.253,1382.96
22026.08,39937.82105,1447.42
22554.85,40723.27266,1377.1
23506.75,42187.57561,1359.52
23402.42,44010.3312,1336.08
23796.03,44503.16841,1283.34
24391.85,45014.01266,1315.57
23427.33,46247.4949,1259.9
23793.1,46577.45984,1318.5
23904.47,46736.25239,1365.38
23444.9,47136.9442,1300.92
22219.78,47308.32761,1283.34
21550.43,47519.41795,1239.39
21475.45,47072.51276,1300.92
21054.8,46045.79495,1309.71
21201.85,44997.09589,1289.2
20715.58,44425.3372,1333.15
22594.47,43375.68855,1382.96
27785.7,42229.6741,1344.87
26886.13,40477.61021,1409.33
26216.95,39796.6135,1371.24
25676.5,39441.57235,1306.78
25478.88,39312.42811,1315.57
25752.13,39557.1058,1374.17
26065.0,41302.34671,1327.29
27424.13,45175.5133,1403.47
28959.25,48007.64789,1394.68
27578.67,49107.69515,1327.29
27456.95,49907.9885,1406.4
28986.55,52178.80989,1312.64
30223.2,54356.9935,1356.59
28275.98,54889.53764,1245.25
28445.33,55070.76865,1242.32
28419.35,55500.54605,1215.95
28869.3,56404.9426,1221.81
28764.07,56559.44441,1233.53
28318.03,55490.59294,1236.46
27711.82,53692.52669,1271.62
25983.38,51329.80609,1262.83
24758.85,48166.19425,1297.99
23180.55,45362.9694,1318.5
22511.72,43026.80215,1315.57
27466.28,41648.20849,1368.31
26776.0,40714.9022,1353.66
26200.0,40101.60774,1362.45
26163.98,40283.12011,1344.87
25270.5,39494.60871,1324.36
24793.83,38416.29651,1333.15
24793.88,40102.31114,1341.94
25768.38,43265.25475,1380.03
27885.1,45160.49571,1353.66
26716.8,47425.86575,1315.57
27090.3,49552.49014,1406.4
28717.92,51964.7301,1251.11
30740.33,55213.84021,1385.89
28171.57,55943.1605,1271.62
28543.6,56450.55809,1207.16
28690.33,57669.83165,1227.67
28800.07,58181.62549,1268.69
29141.9,58823.5835,1286.27
28935.97,58482.61035,1245.25
28379.35,57199.25705,1248.18
27528.75,54454.23855,1268.69
26072.45,51567.13325,1245.25
23722.15,48108.86715,1262.83
23397.23,45523.87215,1339.01
28169.35,44258.10385,1297.99
27127.7,42351.78434,1365.38
26250.8,40013.71791,1309.71
25545.38,38568.54744,1365.38
24982.6,37535.46386,1295.06
24533.63,36424.97111,1341.94
24486.3,37197.1988,1344.87
26072.63,40795.26565,1403.47
27572.57,42629.38115,1415.19
25544.53,42890.69425,1303.85
26258.43,45339.86271,1377.1
27143.05,47091.46939,1377.1
27934.28,48782.5485,1292.13
26982.65,50342.86555,1356.59
27392.53,49896.55825,1333.15
27594.88,49038.30474,1315.57
27222.3,49260.5088,1377.1
26849.52,49647.30846,1315.57
26187.55,49157.70689,1239.39
25642.03,48244.90471,1289.2
24627.15,46608.16325,1268.69
23650.63,43855.40735,1254.04
21665.95,40660.21285,1300.92
23228.22,38428.5005,1306.78
26009.15,36496.9641,1377.1
24798.2,33187.18574,1347.8
23908.6,31613.89096,1347.8
23227.67,30457.60687,1382.96
22962.1,29838.54453,1362.45
23072.6,30100.42035,1339.01
23239.65,31715.81362,1350.73
23812.25,33485.67353,1429.84
24590.67,34751.51217,1409.33
23446.3,36981.36051,1385.89
23719.35,38397.30471,1394.68
24944.97,40871.33836,1394.68
25584.65,42644.78561,1286.27
25038.93,45091.91421,1353.66
25742.5,47387.53045,1286.27
26169.75,48897.73025,1271.62
26138.2,49169.34816,1341.94
25888.6,48767.53091,1262.83
25545.2,47735.1859,1254.04
24991.63,46991.3404,1227.67
23974.55,44551.06995,1227.67
22508.63,43252.7694,1265.76
21402.88,41993.43721,1239.39
23663.25,40944.49196,1300.92
26959.0,41423.05015,1330.22
26465.7,40105.47644,1295.06
26074.6,38837.45726,1306.78
25559.55,37979.80164,1330.22
25099.97,37642.0993,1339.01
24150.63,37068.58211,1353.66
24343.7,38183.64696,1309.71
24994.28,39495.80449,1374.17
24283.5,40758.1613,1365.38
22314.2,39033.7762,1336.08
22611.4,41072.75695,1321.43
24210.17,43646.49755,1300.92
24495.97,44717.84609,1289.2
25432.27,47372.82939,1289.2
26858.78,48838.01159,1274.55
27045.2,49714.02595,1259.9
27674.35,50740.28655,1213.02
26802.25,48361.73945,1248.18
25350.85,44658.5143,1268.69
25018.48,44047.78725,1283.34
24034.63,41504.4687,1215.95
23302.35,39208.04355,1268.69
22373.05,37619.41465,1309.71
21621.0,36001.7705,1295.06
21030.78,34707.65518,1362.45
20497.0,33679.28438,1350.73
19364.72,31507.92375,1380.03
18953.53,30173.7498,1391.75
18802.78,29822.64769,1315.57
18765.9,30161.22928,1397.61
18894.8,30471.00664,1397.61
19180.52,30976.04784,1362.45
19531.4,31762.23802,1418.12
20284.0,32862.17977,1330.22
21191.88,36298.18326,1359.52
21933.7,38057.52734,1280.41
22630.95,38977.32835,1280.41
23418.97,40761.95966,1297.99
24908.17,42895.89941,1303.85
25201.35,43381.1399,1256.97
25186.72,43618.64291,1268.69
25003.0,43381.03439,1254.04
24729.07,43166.07535,1259.9
24527.1,42536.3565,1233.53
23784.23,40982.79209,1277.48
23215.97,39538.57121,1256.97
22651.18,38285.18275,1321.43
21954.1,37141.2785,1344.87
21083.38,35263.76322,1347.8
19807.08,31788.19348,1388.82
19701.8,30019.07214,1374.17
19534.95,29351.26418,1385.89
19194.42,28849.45862,1362.45
19013.47,28315.08564,1353.66
19486.85,29995.68409,1388.82
20492.63,32346.37655,1435.7
22006.15,34282.83675,1380.03
22390.08,34546.71726,1365.38
23222.25,36983.29486,1321.43
24614.1,39953.57721,1347.8
26647.1,43562.89846,1529.46
25485.5,45420.89439,1218.88
25691.6,46379.83961,1242.32
26285.25,48149.31265,1195.44
26402.78,48536.53435,1204.23
25878.22,48356.46395,1227.67
25632.8,47891.79791,1242.32
25031.4,46548.72595,1239.39
23699.53,43889.52225,1224.74
22482.53,41921.40905,1271.62
21456.25,39484.6556,1300.92
22558.4,37327.78501,1303.85
25669.93,35658.61681,1365.38
24203.4,33116.56438,1374.17
23948.65,32083.72699,1377.1
23167.45,31869.36584,1374.17
22661.22,31760.65537,1371.24
22547.57,31255.75485,1415.19
22687.6,31628.45134,1429.84
23917.88,33642.9186,1415.19
24634.38,35410.31661,1400.54
22939.22,34700.09363,1394.68
23626.4,38066.53086,1391.75
25850.63,42744.73875,1306.78
26730.4,45299.90959,1344.87
25817.33,45898.15129,1259.9
26273.97,46697.42471,1286.27
26303.55,45871.35175,1251.11
26308.08,46385.78334,1283.34
26373.3,45937.9989,1265.76
26292.17,46539.15971,1245.25
24062.28,44991.5742,1256.97
23163.4,42547.08335,1286.27
21844.15,40481.90095,1280.41
19988.83,38668.60609,1283.34
20010.5,36151.48919,1400.54
25315.55,35011.55915,1380.03
24495.4,32167.85363,1371.24
23664.97,30193.72636,1368.31
22309.03,28647.44214,1333.15
22189.97,27890.47823,1380.03
21964.15,27683.46761,1385.89
22179.55,29207.80575,1391.75
22997.82,32011.90985,1426.91
22851.22,33834.17306,1412.26
22203.15,33840.50366,1438.63
22305.8,34553.4699,1409.33
24479.1,38069.66099,1368.31
24624.63,40461.25616,1318.5
24086.6,42279.9672,1391.75
24335.78,43267.47046,1251.11
24727.52,43833.7778,1259.9
24745.13,45158.45585,1423.98
23669.55,44819.17086,1397.61
23068.5,44525.11449,1400.54
22530.57,43495.0907,1341.94
21833.38,41158.7476,1327.29
21227.13,38517.1289,1312.64
20133.4,35357.28025,1341.94
21254.63,33175.08726,1380.03
23756.77,31519.07264,1423.98
22946.65,29259.50565,1388.82
22377.35,27505.99979,1409.33
22633.05,26944.47557,1397.61
22173.22,26766.76156,1371.24
21868.5,26106.93719,1391.75
22150.33,27046.7851,1403.47
22619.65,28874.64034,1470.86
21702.67,30598.9551,1426.91
21564.33,31056.30578,1382.96
21917.33,33192.00403,1465.0
23848.2,36479.27359,1377.1
24544.23,39008.20761,1333.15
23724.45,41617.82161,1327.29
23995.13,42635.5359,1491.37
24493.7,44179.60441,1368.31
24671.35,44917.89305,1321.43
24839.2,45748.0809,1341.94
24440.65,45458.45595,1344.87
23987.5,44464.0242,1306.78
23124.83,42483.2498,1350.73
22354.92,40492.90916,1374.17
21148.22,37694.1509,1388.82
23225.98,36515.6042,1435.7
24723.17,34187.56122,1479.65
23661.17,31585.8253,1497.23
23186.38,30291.63964,1473.79
22422.42,28457.31312,1497.23
22198.17,28217.91093,1494.3
22286.75,28715.67194,1482.58
22332.47,29211.4986,1476.72
22759.9,32631.95695,1506.02
23547.97,35412.74334,1467.93
22198.75,35437.22166,1488.44
21839.47,35028.93313,1479.65
23585.5,37182.00536,1520.67
24274.22,40315.371,1295.06
23340.8,42504.17595,1089.96
23164.1,42313.83591,1075.31
23897.08,44566.0172,993.27
23678.35,44959.85086,1025.5
23473.35,44843.68435,1037.22
23240.4,45316.72085,996.2
22931.73,44520.6479,1046.01
22035.88,42130.60021,1037.22
21261.3,40285.4765,1075.31
20541.85,38522.50991,1072.38
20865.3,36185.04137,1081.17
24230.47,34784.92367,1110.47
23671.25,32922.67217,1110.47
23383.5,31627.29073,1098.75
22863.35,31756.89218,1148.56
23222.3,34410.82038,1075.31
23444.15,35028.19456,1130.98
23605.97,35728.71062,1087.03
23670.3,36239.69555,1116.33
23012.07,34758.29998,1145.63
20838.25,34078.18252,1116.33
20927.85,35680.49255,1092.89
22507.02,38540.6928,1066.52
23208.97,41739.0526,1048.94
24338.15,43465.02035,1075.31
25422.6,45697.33059,999.13
25399.78,46533.427,1078.24
25728.78,47728.32775,1089.96
25306.63,46155.06814,1128.05
23787.8,43570.3545,1130.98
23279.65,42638.87705,1122.19
24371.52,43780.14355,1081.17
24961.13,45406.2285,1104.61
24314.65,44575.09106,1092.89
23420.38,42902.93341,1110.47
22406.13,41408.98215,1116.33
21982.45,40068.30175,1075.31
21076.53,37569.54359,1151.49
20919.9,37694.32675,1151.49
20600.95,37184.5376,1166.14
20117.6,35994.06827,1157.35
19198.45,34394.22014,1136.84
19475.67,34595.35737,1157.35
19764.3,35152.59085,1154.42
20071.05,35242.37986,1128.05
21415.3,37929.71956,1139.77
23496.05,44116.08739,1069.45
25301.4,46603.16911,1028.43
25290.18,46597.19021,1028.43
25447.25,46657.29574,1063.59
25863.15,47418.40971,993.27
26151.82,47239.74611,978.62
25431.85,44255.99365,1057.73
24660.4,43772.68751,993.27
22821.63,39133.48315,1046.01
21145.25,35047.81942,1057.73
20948.3,32660.51499,1089.96
20214.3,31239.7525,1145.63
19808.08,30518.20478,1125.12
18760.25,28403.74921,1148.56
18291.1,27154.0536,1180.79
18737.45,26962.06057,1180.79
18707.95,27911.40438,1136.84
18408.38,27341.33385,1133.91
18039.2,25539.82094,1166.14
18225.63,26926.152,1174.93
19110.6,29643.59722,1201.3
20645.42,30710.54951,1195.44
20984.97,31139.79936,1154.42
21217.13,32104.40695,1180.79
22276.47,34716.34217,1128.05
23257.1,36492.56785,1101.68
22571.97,38453.4712,1031.36
22366.17,39060.25921,1025.5
22399.75,39511.66616,996.2
22209.5,39806.98865,1022.57
22300.7,40547.77436,1013.78
21927.95,40023.8117,1040.15
21530.17,39112.13496,1040.15
20731.68,36916.47186,1066.52
19784.1,34506.55312,1113.4
18943.58,32021.33541,1157.35
19821.97,30034.30075,1154.42
23073.43,28325.00358,1160.28
21948.1,26136.09312,1180.79
21400.15,24110.86384,1172.0
21011.7,23311.52008,1174.93
20573.25,22681.8364,1192.51
20432.13,22135.18909,1154.42
20693.75,22765.36515,1230.6
21677.58,24463.05622,1254.04
22842.4,26013.03329,1195.44
20589.68,27047.38299,1166.14
21040.6,29640.2209,1169.07
22062.05,32286.13034,1130.98
22959.6,35234.53695,1057.73
22395.47,37500.96209,1063.59
22293.03,38765.60495,1087.03
22470.7,40153.69451,1130.98
22755.03,42211.3857,1095.82
22764.67,42840.40115,1087.03
22253.42,42610.2135,1066.52
21768.78,41773.06199,1084.1
20549.75,39147.19945,1066.52
19566.83,36263.4353,1154.42
18695.08,33563.82127,1107.54
19721.1,31903.16421,1145.63
23295.73,29837.45426,1207.16
22431.97,27811.83811,1198.37
21695.38,25979.90315,1189.58
21458.4,25444.68609,1174.93
21148.05,24383.39617,1186.65
20635.05,23673.48972,1230.6
20925.67,24964.29906,1268.69
21619.53,26703.5259,1262.83
21356.38,28115.6014,1207.16
20049.0,29448.93127,1233.53
21077.35,32304.38357,1189.58
22271.03,35718.93336,1177.86
24315.52,38867.0704,1063.59
22551.53,40238.27836,1016.71
22606.38,41596.2624,1075.31
23115.13,42592.80435,1013.78
23140.63,43640.62416,1022.57
23153.83,44480.65961,1007.92
22962.0,44599.14734,996.2
22699.5,43419.93241,1037.22
21930.63,41249.38069,1051.87
21318.48,38558.2778,1060.66
19736.35,35324.36113,1107.54
21084.8,32985.45062,1098.75
23732.17,31662.07386,1177.86
22957.7,29188.21606,1166.14
22464.83,27709.0362,1204.23
22160.28,26801.05231,1183.72
22080.33,26067.93366,1160.28
21556.53,25264.86188,1169.07
21786.27,26227.6758,1183.72
23052.28,29046.09409,1201.3
22138.13,31190.37382,1204.23
21750.47,34347.47921,1174.93
21982.72,35244.52523,1236.46
24012.22,40404.94899,1116.33
25926.6,44450.41341,1054.8
23778.65,45185.53675,1078.24
24156.92,45958.3975,984.48
24295.93,45445.2672,1034.29
23935.6,43927.85755,1028.43
24028.42,45039.47574,963.97
23319.03,45801.08209,1046.01
22191.82,44627.81089,1051.87
21477.08,42285.87576,1104.61
20801.9,39572.40475,1130.98
19609.6,36771.39561,1148.56
19729.02,33872.05115,1166.14
23685.75,32204.85247,1166.14
22962.25,29745.90675,1236.46
22508.13,27484.89779,1195.44
22071.25,26738.20352,1198.37
21783.5,25748.87142,1198.37
21449.95,25668.8245,1218.88
21569.42,26571.04051,1192.51
22015.53,29122.09646,1265.76
21932.13,31801.13604,1186.65
21366.47,32866.54085,1213.02
21228.67,34121.16026,1180.79
21911.08,35128.71042,1233.53
21720.03,33606.16595,1236.46
19967.92,34392.25062,1195.44
20356.68,36715.89735,1157.35
20816.13,38173.518,1139.77
21162.13,40055.8164,1116.33
20949.18,39553.5888,1089.96
20714.53,38512.38095,1098.75
20081.83,37212.6736,1130.98
19463.5,35255.99065,1139.77
19035.05,34043.89177,1177.86
18441.78,32627.77172,1186.65
19762.83,31377.54856,1166.14
23333.15,30277.32545,1163.21
22785.32,29024.21835,1213.02
22179.4,27998.97768,1180.79
22007.53,28488.50891,1174.93
21795.2,28470.74806,1207.16
21749.63,28415.10912,1183.72
22086.35,30513.94921,1201.3
21793.35,30201.14723,1251.11
21515.2,30963.98453,1239.39
19569.25,31374.8053,1218.88
19204.93,32030.05757,1221.81
20305.0,34044.98204,1201.3
20933.88,36089.30863,1186.65
21655.15,37205.81545,1136.84
22010.83,37914.20959,1186.65
22319.75,38209.14521,1142.7
22307.05,37792.87309,1139.77
22204.97,37641.14971,1084.1
22081.6,38098.78175,1087.03
21808.98,37032.18116,1125.12
20571.78,34625.32221,1151.49
19801.7,32443.6216,1180.79
19399.13,32145.55585,1130.98
19057.85,31408.70918,1139.77
18777.17,32035.2979,1166.14
18514.95,31917.02119,1227.67
18140.38,31103.57426,1133.91
17887.88,30956.35264,1186.65
17758.38,30933.38663,1192.51
17637.78,30747.97039,1204.23
17650.38,30938.24009,1210.09
18327.3,31087.64225,1207.16
19200.67,33385.8259,1154.42
19208.65,33976.92809,1204.23
19362.38,34137.61982,1289.2
19848.5,34625.77942,1227.67
20101.33,34475.11114,1271.62
20081.1,34582.44998,1230.6
20310.72,34867.67868,1289.2
20496.33,34439.83563,1259.9
19921.33,33680.16363,1286.27
20823.65,34236.65854,1262.83
20008.72,32984.07899,1277.48
19042.17,30300.3618,1248.18
19545.13,31634.78194,1271.62
19516.5,31470.29185,1265.76
19009.53,30834.87546,1295.06
18558.97,30165.06281,1297.99
18641.38,29665.05092,1365.38
18318.47,29281.38139,1312.64
18444.28,28426.32835,1362.45
18387.67,27940.27895,1333.15
18317.65,28735.92986,1289.2
18223.35,28010.12657,1286.27
18511.05,29683.79653,1306.78
19529.4,31705.26262,1362.45
20818.73,33250.63242,1341.94
20811.25,33262.7309,1356.59
21126.6,34705.756,1330.22
22150.72,37335.87411,1324.36
22940.8,38165.4289,1248.18
20781.3,38540.97416,1169.07
20942.35,39053.64725,1242.32
22769.35,39525.55831,1213.02
22791.05,40279.04039,1148.56
22529.45,39275.0424,1201.3
21952.17,38558.10195,1201.3
21287.18,36448.35916,1192.51
20469.53,34211.44165,1213.02
20290.0,32982.17981,1265.76
19783.05,31952.33187,1259.9
20101.38,31550.33877,1297.99
22330.43,31022.33156,1239.39
22656.0,30755.74296,1242.32
22245.5,29762.85869,1312.64
21717.72,29867.55978,1233.53
21280.17,29805.20337,1245.25
20245.5,28219.28256,1239.39
20578.88,29328.12232,1248.18
21009.45,31872.24978,1303.85
22139.9,33575.60322,1339.01
23111.43,35652.49723,1324.36
22866.83,36869.7661,1289.2
27731.17,37471.06759,1259.9
29646.8,39859.39195,1172.0
28140.38,41143.55416,1163.21
26919.38,40453.76495,1116.33
24184.78,41210.4475,1092.89
23779.35,41847.0245,1128.05
23466.05,41895.5591,1139.77
22906.97,41603.9998,1116.33
21341.72,39874.51505,1163.21
19932.28,37779.43815,1136.84
19950.78,36590.1646,1213.02
19504.03,36001.24295,1186.65
22030.47,33928.67485,1251.11
23210.7,30379.17777,1207.16
22577.35,29218.32158,1245.25
21858.72,27760.0327,1259.9
21368.7,27133.12745,1233.53
21353.5,28235.81246,1204.23
21260.33,28001.47475,1227.67
21347.85,28738.4621,1239.39
21903.75,29222.54198,1303.85
22323.65,30831.99152,1283.34
20637.42,31371.81585,1230.6
22013.57,34345.2635,1277.48
24025.88,37655.63975,1201.3
24267.33,38066.07365,1256.97
22955.95,38457.97296,1160.28
22384.2,38207.10535,1163.21
21449.25,36711.67695,1163.21
21366.85,35695.58048,1151.49
20687.53,35357.06923,1113.4
20240.02,36220.10586,1160.28
19449.9,35110.14066,1166.14
19308.03,33116.38853,1201.3
18829.4,31543.79715,1245.25
17815.45,29951.72159,1251.11
19292.0,28871.65089,1218.88
23035.1,28212.42441,1265.76
22877.58,27406.50386,1271.62
22444.97,26415.37809,1254.04
22234.53,26105.2842,1274.55
21713.53,24823.19702,1215.95
20793.38,21697.88531,1274.55
20910.55,22440.53503,1306.78
21511.55,23120.82834,1397.61
20455.38,24254.35744,1374.17
19163.63,24676.3271,1365.38
19863.08,27588.68446,1362.45
21909.82,30771.35844,1292.13
22186.12,32043.42217,1292.13
21523.2,33690.3981,1201.3
21124.72,34172.19193,1201.3
21287.35,34503.10646,1151.49
21309.1,35432.86058,1130.98
21310.5,35473.34125,1122.19
20820.25,35219.87106,1122.19
20667.33,33418.1823,1174.93
18885.25,30351.42864,1251.11
18359.88,27778.70797,1274.55
17054.18,25605.09646,1254.04
19753.05,24072.91541,1248.18
22418.0,23532.9504,1242.32
21188.2,22498.98757,1268.69
20042.1,20646.30231,1239.39
19232.97,19579.38519,1251.11
20021.85,19373.99239,1245.25
19613.6,18853.30054,1251.11
19174.03,19033.86332,1262.83
18960.75,20344.33269,1368.31
18811.45,21613.86418,1347.8
18461.9,22087.04136,1295.06
19313.3,24034.8263,1280.41
20243.95,26301.39212,1353.66
21271.7,28337.34825,1233.53
20687.53,30102.3547,1198.37
20590.13,31253.53914,1166.14
20884.18,32146.39993,1151.49
20726.9,32703.03552,1192.51
20478.08,33574.47778,1174.93
20192.38,33332.26199,1201.3
19676.05,32150.83135,1262.83
19006.0,29366.56313,1248.18
17102.45,27153.49088,1224.74
16679.13,25619.30514,1201.3
18051.15,24190.59423,1236.46
21006.78,22749.22212,1151.49
20148.9,20911.23792,1183.72
19911.1,19650.81546,1207.16
19131.38,18916.81756,1218.88
18838.13,18634.36729,1207.16
18541.03,18312.6673,1254.04
19172.5,18726.30167,1254.04
19608.08,19241.26081,1333.15
19265.4,19957.95507,1292.13
17090.7,20520.18269,1224.74
17287.02,22446.26774,1239.39
18636.7,26023.72497,1172.0
19199.98,27584.81576,1192.51
19928.08,28920.25583,1157.35
20362.9,30165.6607,1128.05
21153.88,31565.28602,1130.98
21571.85,32918.69796,1204.23
21188.47,32897.06841,1180.79
20868.65,32370.96038,1210.09
19469.2,29948.6618,1148.56
19491.15,28552.94035,1157.35
19202.78,27214.75702,1210.09
18613.13,26061.46238,1221.81
18155.38,24902.89224,1157.35
17471.92,23380.13675,1172.0
16281.65,21641.29678,1227.67
16100.25,20735.31758,1186.65
15891.83,20089.73706,1236.46
15619.15,19449.18585,1210.09
15448.65,19082.92547,1213.02
15388.03,19258.21275,1256.97
15723.45,19659.22109,1280.41
16066.13,20451.7067,1300.92
17074.83,21699.89,1221.81
17565.6,24155.42423,1154.42
18517.45,27012.98673,1169.07
20140.68,28894.86309,1154.42
20623.53,31377.40788,1089.96
21312.72,32071.1713,1084.1
22203.5,33895.29852,1066.52
21841.38,34284.0677,1116.33
21617.63,34375.43936,1122.19
21511.27,34158.12393,1060.66
20971.5,32868.08833,1084.1
19919.95,30620.65499,1128.05
20003.3,29611.27599,1128.05
19492.38,28550.16192,1133.91
18896.6,27197.98093,1186.65
18391.7,25505.95223,1230.6
17781.88,24019.21082,1148.56
17678.78,22617.33462,1227.67
17322.9,21881.47271,1207.16
17217.0,21467.45147,1207.16
17373.32,21367.00595,1207.16
17737.82,22680.74613,1201.3
18438.35,24877.04229,1230.6
19254.55,26136.2338,1210.09
19894.05,26996.06996,1172.0
20903.53,29100.39657,1224.74
21153.55,30387.05585,1201.3
22174.13,33101.86332,1125.12
21317.85,36350.3052,1060.66
21646.13,37293.84596,1104.61
22275.45,39211.20885,1004.99
22306.35,39916.71905,999.13
22031.85,39213.67075,1054.8
21761.6,39131.97084,1060.66
19785.5,36109.32036,1104.61
18790.65,33383.25849,1151.49
18561.52,31362.91784,1139.77
17887.45,29862.31945,1075.31
20081.9,29056.71543,1157.35
22586.72,28074.20631,1201.3
22120.88,27259.80979,1227.67
21746.58,28076.73855,1174.93
21267.13,26890.20826,1169.07
21517.28,26232.88096,1204.23
21226.27,26092.65817,1166.14
21293.2,27369.61053,1180.79
21450.4,29719.0017,1242.32
22528.42,32266.18895,1169.07
22050.2,33404.04396,1248.18
22128.68,33812.96555,1344.87
23121.03,35382.4268,1207.16
23865.6,36967.36285,1189.58
21827.95,38837.07039,1148.56
21979.55,39267.6567,1254.04
22036.97,38955.17125,1213.02
22261.57,39741.0449,1242.32
22372.45,40196.95361,1169.07
21749.97,38797.60965,1160.28
20847.5,35742.53243,1227.67
19439.63,33058.3932,1239.39
18611.93,32098.42805,1262.83
17412.5,26532.21283,1327.29
18171.18,24353.67752,1300.92
21539.65,23670.1134,1265.76
20842.58,22557.89732,1265.76
20557.78,22579.73789,1292.13
20378.78,21994.86079,1283.34
20167.52,20922.2813,1274.55
19647.78,21066.51347,1256.97
19774.05,22115.91593,1306.78
20215.0,23185.8225,1397.61
20387.9,24224.7443,1353.66
18730.8,24776.06922,1382.96
20214.55,27265.12046,1309.71
21900.8,31352.96473,1274.55
22697.33,34709.44885,1239.39
22021.6,37505.9914,1227.67
21852.9,38068.3597,1160.28
21803.93,36637.11655,1139.77
21281.05,34419.05016,1125.12
20971.42,33195.2045,1084.1
20235.88,32288.24054,1107.54
20056.85,31383.42195,1192.51
18865.92,29024.99209,1172.0
17859.05,27087.96917,1192.51
16775.13,25184.39292,1213.02
17921.28,24099.11706,1177.86
21499.05,23421.14497,1218.88
21013.15,22873.40739,1186.65
20893.02,22223.71198,1183.72
20999.55,21949.28047,1195.44
20607.67,21372.73866,1180.79
19769.7,21185.77494,1204.23
19986.97,21920.4059,1189.58
20582.32,23606.49087,1271.62
20950.33,23896.78405,1303.85
19139.85,22891.73096,1306.78
19606.32,24797.55809,1306.78
21092.75,27148.98912,1198.37
22453.18,30153.28086,1242.32
21649.35,31340.62006,1116.33
22016.75,31694.74679,1128.05
21861.0,31978.21699,1098.75
20862.9,32289.68251,1125.12
20282.25,31989.43622,1078.24
19800.7,31449.7174,1128.05
19395.75,30341.22934,1113.4
18665.98,29097.09059,1075.31
17455.53,28452.28381,1166.14
16948.9,27347.03139,1198.37
18508.65,25849.42245,1180.79
21664.9,24558.1559,1215.95
21711.68,22964.11082,1169.07
20951.7,21220.62841,1224.74
20311.2,20688.92835,1177.86
20081.17,20493.87553,1183.72
19956.13,20309.09235,1210.09
19924.22,20964.62598,1192.51
20510.85,22799.26903,1245.25
20931.33,23862.31745,1289.2
19054.95,23601.1802,1277.48
20248.15,25920.95823,1207.16
21395.18,27945.97649,1230.6
21596.53,28988.90767,1245.25
20085.22,30889.67032,1174.93
20230.05,32731.52322,1048.94
20413.8,33351.99236,1128.05
19948.78,33865.01715,1057.73
19770.53,34095.13446,1084.1
19507.32,33898.85069,1113.4
19173.48,33486.97482,1078.24
18640.28,32426.45864,1119.26
18101.67,30014.71106,1142.7
17409.57,27726.23433,1145.63
18154.85,26126.7379,1183.72
21771.35,24973.02122,1139.77
21128.88,23006.42033,1169.07
20848.9,22318.74132,1163.21
20691.15,22836.26787,1142.7
20413.9,21819.18664,1169.07
20332.6,20997.86163,1157.35
20234.85,20488.52969,1189.58
20092.72,21050.33527,1204.23
20242.25,21571.97671,1207.16
18799.75,21840.28864,1192.51
17922.5,23437.95623,1213.02
18231.08,24489.78542,1110.47
18922.57,25897.39433,1166.14
19357.97,26628.43795,1172.0
19292.13,25831.83745,1130.98
19494.63,25987.4647,1145.63
19577.28,26643.52588,1195.44
19321.95,26547.19525,1251.11
19169.33,26231.26314,1268.69
18685.97,25633.97103,1210.09
18018.92,23663.57178,1221.81
17962.08,22300.76945,1280.41
16438.03,20427.22838,1306.78
15904.95,19084.08608,1356.59
15650.25,17946.96964,1432.77
15127.2,16669.10286,1377.1
14498.2,15502.51396,1397.61
13644.67,14284.75271,1406.4
14527.25,14443.40458,1374.17
14255.8,13979.19575,1497.23
13682.23,13475.52618,1538.25
13678.85,13102.75935,1573.41
14598.88,13958.973,1582.2
14751.47,14393.63903,1579.27
15020.27,16091.85765,1462.07
15762.35,18285.69191,1397.61
17172.67,21100.48769,1365.38
17462.97,22801.55508,1380.03
17639.65,24089.12878,1356.59
17900.22,25056.09276,1406.4
17931.03,25663.68968,1333.15
17839.33,25847.27708,1353.66
17846.53,25770.95818,1333.15
17592.5,25130.7235,1227.67
16719.67,23082.10617,1245.25
16859.15,21607.00603,1300.92
15736.2,19819.24459,1312.64
15230.9,18622.12813,1350.73
15054.57,17387.09841,1312.64
14646.05,16267.5318,1306.78
14591.77,15048.50443,1382.96
14921.05,15060.25121,1347.8
14395.58,14246.73394,1397.61
14356.3,13344.09589,1412.26
14805.85,14114.14304,1435.7
15155.25,14406.44091,1459.14
15535.33,14482.75981,1573.41
15514.8,14295.40922,1520.67
15807.3,15933.52231,1406.4
17218.22,18974.10949,1441.56
18069.78,21966.79513,1421.05
17329.25,23965.68208,1333.15
17583.67,25604.07653,1394.68
17823.97,27291.67381,1347.8
17773.85,28137.23095,1350.73
17721.15,28560.88877,1318.5
17222.68,28270.98246,1245.25
16308.13,27146.91409,1277.48
15930.2,25754.92066,1198.37
15390.42,23909.09355,1248.18
14807.4,22040.86315,1256.97
15379.78,20236.78283,1218.88
19727.6,18862.09304,1169.07
18353.1,14898.18785,1388.82
17122.7,12102.84108,1535.32
16235.17,11326.25231,1593.92
16429.15,11041.2698,1643.73
16770.55,10973.60272,1714.05
16534.05,10867.60034,1763.86
16434.53,11304.02487,1869.34
17220.38,12028.63238,1851.76
15666.45,12483.90803,1916.22
15499.52,12836.17075,1831.25
16273.52,14965.39772,1734.56
16495.72,16077.08625,1784.37
15894.05,17371.02572,1828.32
16096.2,17994.62499,1772.65
16229.1,18874.26186,1772.65
16252.83,19168.10721,1763.86
16204.22,19152.84343,1848.83
16001.83,19091.89382,1799.02
14691.15,17436.9343,1854.69
14228.55,16706.66442,1907.43
14028.72,15306.15985,1883.99
13672.13,14365.32718,1898.64
14998.4,13036.88594,1851.76
17974.1,13089.07822,1898.64
16430.08,10910.50774,1872.27
15494.88,9591.07002,1787.3
15239.55,9410.61275,1851.76
15056.0,9199.94445,1825.39
14978.2,8782.58206,1860.55
14986.93,8849.26438,1951.38
15500.63,9291.73815,2103.74
15966.2,10414.96244,2144.76
14745.5,10586.48653,2092.02
14733.25,11584.50562,1895.71
16762.2,14011.20045,1925.01
17747.0,17030.0174,1752.14
17381.78,18752.43298,1728.7
16893.82,19876.36067,1643.73
16943.85,20957.16994,1675.96
16950.55,22083.73538,1585.13
16839.28,22451.26188,1526.53
16675.23,22556.6312,1549.97
16298.63,21593.78211,1640.8
15916.08,19415.38748,1590.99
14878.47,17747.59091,1593.92
13806.42,16593.34668,1582.2
14859.55,15651.0017,1632.01
17411.03,14545.22173,1564.62
16878.3,13088.26931,1590.99
16290.48,11534.17735,1508.95
15541.17,10754.59913,1535.32
14982.38,10065.19679,1520.67
14990.37,9611.32794,1585.13
15104.12,9374.24697,1728.7
15622.63,10012.40662,1910.36
16469.63,10834.96258,2053.93
14602.9,10608.71397,2021.7
14934.38,12249.57032,1919.15
15772.0,15115.22192,1810.74
16365.13,17129.47816,1661.31
16688.55,19299.15063,1532.39
16952.1,20772.98465,1529.46
16889.53,22039.42118,1397.61
16884.35,22983.13779,1406.4
16670.3,23387.76864,1356.59
16478.58,23561.26225,1377.1
16044.98,22714.57967,1500.16
15549.03,20852.57436,1497.23
14988.55,19246.7825,1529.46
13709.67,17474.74205,1488.44
15845.78,16517.20363,1538.25
18258.35,15257.59008,1549.97
17369.52,13052.92346,1506.02
16699.43,11958.81993,1438.63
16439.55,11564.31804,1508.95
16180.38,10931.8911,1526.53
16014.23,10696.14659,1435.7
16315.92,10968.92511,1596.85
16805.95,11471.96162,1749.21
17486.38,12673.33365,1845.9
15044.75,12608.62085,1822.46
16171.73,15294.06137,1772.65
16992.58,17980.97903,1793.16
17193.3,20067.89649,1699.4
17030.88,20976.47827,1549.97
17444.72,22515.93951,1444.49
17523.35,23781.35611,1380.03
17420.03,24320.19568,1421.05
17299.8,25056.90167,1409.33
17111.65,25637.62871,1441.56
16555.78,24631.80188,1423.98
15815.33,23181.9538,1488.44
15187.75,21283.8289,1523.6
14310.92,19277.0287,1520.67
16758.65,18049.17366,1491.37
18124.95,17392.19806,1541.18
17589.63,16058.2703,1508.95
17656.78,15551.29475,1511.88
17658.9,15193.51034,1506.02
17664.75,14665.43279,1514.81
17455.95,14411.99777,1508.95
17194.78,14534.7059,1652.52
17061.2,14253.87345,1699.4
15226.75,14733.02953,1772.65
14842.72,15450.11066,1772.65
14951.9,17935.6449,1626.15
15759.38,20097.47446,1561.69
17533.13,22574.04035,1517.74
17531.05,23664.69722,1459.14
18003.63,24940.4538,1391.75
18674.68,26273.7485,1306.78
18870.55,27350.75941,1297.99
19523.28,28182.60025,1248.18
19973.22,28968.50907,1227.67
19093.05,27626.14051,1251.11
18232.33,25094.92044,1312.64
17922.15,23903.22016,1359.52
17129.42,22218.2958,1309.71
16485.45,20922.9847,1295.06
15922.0,20008.9164,1321.43
14801.32,17991.2135,1336.08
14716.33,17183.7103,1327.29
14542.47,16953.13578,1274.55
14442.55,16589.79451,1306.78
14375.65,16639.24353,1330.22
14371.47,16443.69833,1353.66
14593.48,16484.28451,1403.47
14886.23,16964.63637,1423.98
14905.05,16918.45816,1421.05
16169.9,19238.06034,1344.87
16667.2,21221.9297,1268.69
17331.85,23008.88223,1265.76
17898.83,24450.39502,1207.16
18701.55,25919.44592,1215.95
19834.8,27915.51927,1256.97
19465.22,28551.60389,1213.02
19355.9,28938.05185,1189.58
19216.3,28136.24619,1180.79
18625.05,26387.52345,1259.9
17759.45,24007.71023,1265.76
18005.22,23657.90941,1321.43
17460.63,22276.39664,1312.64
16863.88,21177.33414,1336.08
16509.35,19984.43808,1333.15
15983.4,18561.63573,1341.94
15850.45,17179.10303,1350.73
15578.2,16451.71709,1297.99
15356.0,15826.8517,1280.41
15146.02,15009.25471,1359.52
15187.45,15205.0461,1359.52
15733.73,15618.68047,1503.09
16250.73,16051.69351,1541.18
16808.8,16181.57632,1508.95
17113.2,17099.23196,1397.61
18159.22,20176.39594,1365.38
18896.65,23513.00901,1259.9
18571.95,26682.45907,1213.02
19034.6,28320.6425,1151.49
19389.05,29910.36167,1148.56
19205.72,29643.91375,1186.65
19164.15,29774.88683,1154.42
19034.17,29770.17405,1110.47
18423.68,27913.83111,1195.44
17848.07,25437.72243,1283.34
16712.45,23276.94797,1330.22
15694.28,21235.85702,1339.01
17158.6,19613.74628,1347.8
19006.2,17757.57919,1339.01
18551.32,16424.98789,1327.29
17857.95,15119.33681,1377.1
17111.0,14546.13615,1374.17
16918.38,14080.20399,1330.22
16770.92,13434.55313,1341.94
17258.65,13396.88606,1465.0
17924.65,13967.83584,1558.76
16906.55,14194.43615,1670.1
15716.0,14104.68231,1655.45
16013.92,15869.82944,1617.36
18010.42,19127.97824,1564.62
18549.2,22030.80453,1473.79
16904.95,23525.95157,1382.96
17224.7,24470.75845,1339.01
17559.65,25491.46219,1254.04
18168.22,26337.68756,1248.18
17838.28,26470.13778,1239.39
17612.75,26237.91027,1186.65
16968.7,25093.58398,1315.57
16168.9,23075.00183,1382.96
15221.65,21524.98959,1347.8
14672.45,20101.65969,1365.38
15604.58,18567.54429,1467.93
18951.9,17054.53089,1391.75
18124.92,15682.23266,1459.14
17546.63,14231.1888,1508.95
16154.4,13210.80159,1412.26
15983.62,12619.3477,1435.7
16307.2,12287.48358,1421.05
16132.05,12224.24792,1517.74
16054.97,13345.11582,1573.41
16532.15,14104.43612,1599.78
15267.82,14418.43388,1646.66
16301.92,16604.28455,1503.09
18233.85,20187.08762,1488.44
18754.6,22361.89491,1465.0
18095.13,24020.01973,1324.36
18121.48,26083.1271,1333.15
18354.07,27129.01256,1259.9
18514.68,28402.5886,1274.55
18399.25,28734.80442,1280.41
18218.97,28366.75037,1292.13
17709.03,27319.84498,1303.85
16884.88,24949.73868,1321.43
15439.08,23036.80721,1341.94
14878.4,21639.15141,1429.84
16618.17,20058.1544,1359.52
18726.7,18636.26647,1347.8
18269.5,16650.8848,1344.87
17883.2,15278.44589,1377.1
17413.83,14055.76084,1403.47
16487.55,13442.88842,1374.17
16219.1,12911.04768,1382.96
16335.5,13183.50967,1473.79
16957.85,13711.62239,1523.6
16307.17,14265.86642,1555.83
15555.25,14965.74942,1590.99
16873.4,17136.19563,1491.37
17240.85,20012.46857,1344.87
18669.75,23646.37365,1321.43
18154.17,26084.42839,1382.96
18017.8,27437.91067,1286.27
18247.58,28467.93446,1215.95
18270.85,29748.33348,1192.51
18510.45,30132.35471,1133.91
18113.15,31079.97519,1201.3
17353.95,28956.83263,1169.07
16941.47,26825.9175,1271.62
16059.83,24944.14665,1286.27
14894.77,22643.64178,1224.74
16649.47,21600.92162,1339.01
19469.45,20167.99031,1292.13
18698.48,18318.25933,1295.06
18199.68,16693.33499,1324.36
17185.17,15597.01575,1347.8
16966.68,14702.50197,1309.71
17098.05,14675.52658,1356.59
17164.2,14882.00965,1403.47
18011.65,15685.78483,1473.79
18401.7,16269.9937,1520.67
16030.2,16026.19526,1470.86
17400.8,18530.82681,1418.12
17906.8,21672.91461,1371.24
18225.95,22151.96518,1353.66
17455.1,24021.03966,1289.2
17325.42,24729.39863,1265.76
18257.75,26530.4895,1245.25
18272.97,27943.37391,1186.65
18200.68,28939.03661,1242.32
18091.42,28852.72943,1233.53
17719.63,27525.30812,1318.5
17039.02,24937.18299,1297.99
15755.0,22935.86931,1368.31
14167.95,21358.741,1309.71
14942.35,20195.84495,1315.57
18459.5,19185.37568,1300.92
17871.55,16798.91533,1262.83
17677.72,15538.24668,1333.15
17475.58,14855.77283,1365.38
17310.77,13933.86162,1385.89
16539.33,13244.21309,1362.45
16471.13,12987.61277,1391.75
16635.97,12681.98547,1482.58
16400.65,13097.58936,1529.46
14698.9,13163.74413,1523.6
14526.92,15359.23138,1347.8
15627.1,18326.94632,1330.22
16336.3,20550.46406,1315.57
16631.78,21475.43506,1289.2
16974.58,22145.00152,1289.2
17497.05,23201.36764,1306.78
17800.8,24838.24978,1242.32
18751.03,25864.82691,1233.53
18034.05,25502.78693,1227.67
17245.8,24029.97284,1224.74
17007.4,22229.47986,1303.85
16778.55,21493.51244,1318.5
16214.9,20098.67024,1309.71
15535.52,19308.40034,1309.71
14494.23,17340.04095,1283.34
14300.45,16572.24468,1295.06
14004.95,15234.20203,1327.29
13710.95,14138.30483,1330.22
13596.42,13974.97535,1336.08
13478.48,13604.21321,1336.08
13515.7,13739.82873,1365.38
13752.1,14111.22393,1365.38
14107.55,14405.94853,1491.37
14026.88,14311.79844,1488.44
14832.75,15601.7637,1470.86
16103.2,18798.04847,1368.31
17092.1,21496.11502,1368.31
17430.3,22743.91145,1283.34
17890.55,23866.25649,1303.85
19118.4,25773.6311,1274.55
18691.38,25794.62759,1201.3
18471.88,25690.59473,1242.32
18379.78,25690.91126,1227.67
18089.47,24714.41621,1227.67
17352.1,22895.03694,1271.62
17129.17,21662.22293,1274.55
17244.55,21124.47363,1324.36
15934.92,19508.69349,1324.36
15612.13,18156.26631,1303.85
15302.17,17078.02445,1277.48
15200.0,15720.99,1394.68
14839.65,15071.22425,1374.17
14286.48,14622.91226,1374.17
14113.2,14238.36348,1327.29
14359.85,14500.37998,1377.1
14882.23,15254.31927,1508.95
15685.5,15794.46013,1476.72
16725.28,16484.24934,1514.81
17017.75,18416.66499,1412.26
17976.85,21756.97091,1359.52
18853.67,24536.31533,1339.01
18393.42,27705.62471,1198.37
18914.25,30081.67474,1248.18
19292.95,31605.02812,1186.65
19390.55,32538.43992,1186.65
19527.23,33113.2584,1101.68
19481.1,32680.6674,1163.21
19080.27,32225.9193,1210.09
18458.33,30454.23055,1245.25
18051.72,29165.46107,1274.55
17557.15,27548.44998,1336.08
17504.47,25599.57477,1380.03
19608.0,22086.37313,1382.96
19887.7,20457.12288,1365.38
19006.1,19205.10605,1400.54
19260.08,18933.31229,1318.5
19188.08,17524.40209,1400.54
18576.47,16978.42301,1418.12
18112.52,16910.65042,1441.56
18360.17,16812.73714,1626.15
18708.92,15944.6712,1675.96
15880.45,14453.99075,1755.07
15901.8,15035.13983,1719.91
16809.92,16925.87903,1687.68
17611.22,19175.07087,1611.5
16811.13,19971.95273,1573.41
16951.17,21428.7293,1503.09
16986.72,22798.6008,1511.88
16977.2,23266.95969,1385.89
16838.03,23642.22359,1435.7
16554.95,23217.51067,1421.05
16216.55,22343.95821,1491.37
15882.7,20540.6868,1573.41
15433.65,19120.5222,1567.55
13981.03,17274.55441,1605.64
15877.92,16298.44623,1602.71
17752.35,14603.70944,1564.62
17223.6,13563.24016,1608.57
16500.27,12600.10971,1632.01
15885.67,11666.13519,1614.43
15754.33,11338.63215,1673.03
15636.13,10724.17708,1652.52
15642.38,10694.21224,1790.23
16196.02,11215.60749,1872.27
15411.72,11680.59006,1886.92
14683.27,11786.5221,1919.15
15281.75,13471.83333,1898.64
16150.25,15935.91387,1819.53
16864.28,19008.82228,1705.26
17136.2,20311.65976,1684.75
17285.0,21285.09502,1605.64
16605.97,22388.48343,1544.11
16453.58,23320.27741,1435.7
16382.45,24084.90838,1423.98
16207.78,24294.76777,1470.86
15785.08,23192.32895,1403.47
15307.88,21463.09039,1596.85
14376.33,19162.40967,1547.04
13672.45,17851.09622,1541.18
14245.08,16254.72992,1573.41
17827.92,15308.90311,1503.09
17646.15,14364.8348,1506.02
16572.28,12292.09085,1532.39
16307.05,11480.61344,1470.86
15857.38,11261.82087,1585.13
15737.17,10607.58853,1640.8
15825.27,10627.95196,1728.7
16428.75,11472.41883,1842.97
17309.0,12123.55621,1883.99
15599.75,12276.15884,1916.22
15749.58,14463.06461,1840.04
16663.65,18278.97444,1684.75
18937.25,22049.79633,1632.01
17671.23,24523.58379,1599.78
17600.17,25901.6499,1511.88
17886.3,27584.39372,1406.4
17897.07,28783.72589,1374.17
17876.05,29285.53145,1359.52
17651.08,29023.6908,1318.5
17221.53,27696.44534,1397.61
16759.4,25337.76929,1456.21
16188.9,23671.27401,1485.51
15082.03,21304.36818,1514.81
15943.95,19604.42623,1467.93
19183.35,18928.07196,1421.05
18663.47,18103.15961,1432.77
17610.43,15973.19407,1423.98
17503.3,14912.60755,1409.33
17031.05,14540.61446,1382.96
17095.55,14411.43505,1406.4
17257.67,14921.61107,1467.93
17444.33,15869.23155,1596.85
16963.7,16720.27521,1664.24
16213.63,16319.30204,1760.93
16768.13,18447.0167,1605.64
17688.03,22272.52794,1585.13
18377.85,25396.01081,1476.72
17866.3,28038.05155,1523.6
17744.9,29534.64056,1423.98
18038.95,30687.79452,1380.03
18091.78,31679.86988,1321.43
18062.78,32312.33199,1289.2
17845.7,31880.33888,1327.29
17429.28,30354.31258,1412.26
16829.1,27149.97388,1462.07
15994.68,24860.58273,1418.12
14641.75,23032.02409,1438.63
14858.8,21068.5885,1421.05
18700.58,20232.03488,1347.8
18111.6,17833.96843,1333.15
17599.8,15666.58201,1418.12
17240.67,14834.88185,1400.54
17259.8,14667.71884,1412.26
16921.78,14010.56739,1482.58
16598.92,13521.00099,1453.28
17181.75,13525.53792,1520.67
17640.8,13863.73264,1558.76
17453.45,13990.30947,1596.85
14872.35,16307.83662,1435.7
15708.95,19161.77661,1465.0
16553.17,21555.65783,1353.66
17315.4,23099.69117,1423.98
17852.85,24510.6764,1397.61
18903.77,26430.64187,1347.8
18904.85,27307.18378,1371.24
18907.85,27929.62244,1292.13
18619.55,27244.01846,1362.45
18012.97,25795.15514,1365.38
16941.43,22946.03344,1362.45
16613.32,21825.37656,1465.0
16065.65,20453.78173,1385.89
15466.55,19500.46371,1418.12
14832.5,17709.22044,1388.82
14216.98,15677.48471,1423.98
13983.38,14269.31308,1426.91
13129.1,13690.90726,1380.03
13322.13,13422.87669,1421.05
13210.48,12952.12624,1400.54
13178.45,12979.69952,1462.07
13425.08,13442.22019,1476.72
13730.25,13945.2567,1558.76
13817.02,13835.35045,1552.9
14111.58,15704.38976,1456.21
15546.88,18748.88081,1341.94
16605.68,21668.9404,1406.4
17309.85,23167.95614,1353.66
17697.17,24551.75496,1344.87
18709.03,26256.93724,1339.01
19323.0,27842.08431,1239.39
18843.4,27683.25659,1303.85
17978.1,26688.43797,1336.08
17601.1,25060.59452,1356.59
17484.53,23462.78625,1371.24
17054.45,22183.02029,1388.82
16466.17,20853.38327,1418.12
15158.45,19032.9489,1415.19
15161.8,18352.7611,1406.4
14891.63,17078.48166,1421.05
12735.4,15003.20547,1380.03
11711.13,14765.49144,1394.68
11246.72,14285.3506,1347.8
11304.83,13491.00098,1421.05
11621.48,14271.24743,1473.79
11952.4,15267.12115,1629.08
13085.92,15876.37106,1585.13
13450.67,15950.01704,1590.99
13640.83,17145.97289,1503.09
14886.2,20187.54483,1467.93
16337.87,23968.24949,1377.1
15229.77,24877.42916,1377.1
15666.97,26730.39578,1341.94
15999.4,28225.29663,1377.1
16850.42,29520.15052,1277.48
17184.0,29151.28756,1350.73
16633.68,28994.53487,1341.94
14932.65,26854.89758,1362.45
14687.55,24887.80431,1426.91
14335.17,23315.77565,1438.63
13411.27,21368.72928,1514.81
13672.85,18877.88437,1517.74
16355.6,17339.19687,1517.74
15748.67,16252.72523,1444.49
15268.6,14720.54418,1415.19
14750.7,13969.10196,1377.1
14673.13,13757.06203,1391.75
14306.73,13960.16878,1403.47
14463.08,13991.89212,1456.21
14692.73,14895.76112,1579.27
16055.32,15711.21274,1623.22
16322.0,14332.61908,2009.98
14421.7,17725.46898,1561.69
15275.07,20229.99502,1517.74
16123.57,22586.31468,1426.91
15751.1,25079.79734,1450.35
15972.73,25638.93,1488.44
16123.85,26798.02769,1374.17
16246.58,28471.73282,1350.73
16373.4,28742.50665,1315.57
16188.02,28411.31076,1421.05
15553.67,26883.98317,1432.77
13640.32,24397.00696,1500.16
10973.75,21785.7048,1508.95
11609.6,21111.39039,1532.39
12541.68,18526.07886,1506.02
15662.35,16688.48153,1547.04
15630.3,15446.41781,1450.35
15447.45,14239.06688,1470.86
14323.8,13494.83451,1435.7
13883.0,12935.35015,1415.19
13653.8,12423.55631,1444.49
13645.25,12134.91612,1552.9
13937.52,12595.85414,1661.31
14504.47,13170.67262,1740.42
12583.8,13689.00808,1799.02
13038.15,15247.74248,1664.24
14650.35,18751.55373,1508.95
16680.48,22447.39318,1508.95
15148.8,24532.93901,1520.67
15007.23,25687.92181,1397.61
16340.17,27407.94583,1333.15
16420.97,29373.31577,1344.87
16167.3,29739.96302,1309.71
16138.73,29442.31931,1388.82
15653.35,27855.27306,1347.8
14888.95,25281.49729,1397.61
12736.63,23013.4895,1421.05
11680.05,21467.34596,1494.3
13461.67,20078.02545,1459.14
16336.23,18278.16553,1429.84
16170.1,16714.8942,1453.28
15000.3,14883.73298,1435.7
14042.27,13864.18985,1447.42
13941.2,13343.53317,1450.35
13804.3,12989.86365,1429.84
13871.22,13251.3526,1520.67
14213.73,13883.28716,1608.57
15258.17,14368.17595,1690.61
12769.58,14104.08442,1734.56
13319.4,17136.82869,1667.17
14663.4,20866.14998,1476.72
15750.6,24829.10558,1456.21
14854.25,26535.65949,1479.65
15174.2,27812.33049,1441.56
15454.42,28925.49616,1368.31
15693.48,30066.55164,1265.76
15784.7,31418.31059,1262.83
16890.2,31871.26502,1344.87
16044.95,29647.85279,1388.82
15225.0,26688.01593,1476.72
14229.7,25071.60273,1391.75
12494.4,22239.60882,1529.46
12808.0,20069.37363,1479.65
16370.45,18569.83034,1465.0
16007.23,16595.07001,1485.51
15514.08,14967.12105,1453.28
14919.48,14540.19242,1503.09
14391.7,13692.17338,1447.42
14206.33,13302.84148,1462.07
14556.3,14328.08215,1514.81
14783.28,15412.47876,1602.71
14975.98,16312.51423,1634.94
13234.65,15957.47308,1722.84
13567.07,17409.88857,1634.94
15343.02,21153.91092,1500.16
16341.3,24175.89317,1462.07
15347.5,26245.47182,1412.26
16284.0,27800.09133,1447.42
16283.1,29274.38256,1341.94
17651.53,30360.64318,1327.29
18747.35,31237.994,1324.36
18286.25,29981.58092,1292.13
17908.42,28167.51232,1280.41
16624.08,25773.20906,1359.52
15841.48,23586.86601,1333.15
14479.6,21968.20193,1356.59
14265.2,20330.61639,1438.63
18229.85,18592.58533,1385.89
17653.88,16672.6902,1418.12
17034.1,15493.36976,1447.42
16924.95,14730.98967,1382.96
16305.85,13681.58721,1377.1
15791.05,13738.17574,1447.42
15829.25,13592.81813,1511.88
16130.52,13717.53095,1541.18
16670.92,14301.81016,1637.87
14668.95,14557.07402,1634.94
14571.03,15705.09316,1511.88
15421.27,18287.59109,1444.49
17552.25,21929.12806,1374.17
18796.35,24689.19932,1435.7
18665.8,25395.5536,1382.96
19188.78,26803.30319,1324.36
19307.9,27976.75024,1306.78
19444.38,28680.29092,1297.99
19450.25,28238.76674,1359.52
18017.5,26019.43423,1356.59
18137.65,24039.32806,1391.75
17634.9,22752.56327,1397.61
16910.93,21112.9027,1347.8
16116.47,19273.26551,1418.12
15027.22,17625.26965,1438.63
14043.1,15976.46488,1435.7
13663.77,14760.04009,1470.86
13356.88,14038.49237,1403.47
13087.5,13713.62708,1462.07
13249.78,13387.03846,1503.09
13263.48,13402.44292,1538.25
13381.33,13134.9399,1602.71
13663.1,13168.73827,1646.66
13535.95,12818.86711,1643.73
13831.63,14384.8817,1535.32
14952.73,17826.75858,1426.91
16871.72,20914.05152,1394.68
17246.4,22010.65212,1423.98
17626.63,23467.56937,1418.12
18394.4,25469.37543,1336.08
18774.53,26256.62071,1347.8
18824.65,26339.12953,1321.43
19568.38,26790.00893,1350.73
18514.3,24641.26261,1397.61
17838.42,22660.20685,1353.66
17491.3,21355.96257,1488.44
16969.65,19789.56111,1444.49
15771.07,18335.80916,1500.16
15348.8,17421.49467,1488.44
14841.0,16052.78378,1570.48
16826.25,13992.80654,1473.79
17742.6,13995.47946,1444.49
16654.2,12902.4662,1435.7
16364.05,11786.27591,1482.58
17335.08,12762.10273,1555.83
18104.88,14101.51701,1629.08
18604.18,14582.5371,1640.8
18936.22,14392.93563,1725.77
19313.18,15286.42948,1602.71
20389.33,17676.72336,1435.7
21504.05,22252.48104,1441.56
22044.53,24379.4923,1397.61
22318.3,25951.06375,1371.24
22434.3,27370.77114,1403.47
22611.92,28290.29079,1309.71
22654.45,29058.47393,1397.61
22497.67,29013.10463,1371.24
21963.0,27012.10748,1406.4
20730.65,24620.68816,1400.54
19628.58,22571.61362,1456.21
18751.17,20976.02106,1479.65
19394.9,19074.76603,1558.76
22860.05,17619.71279,1526.53
22138.05,15768.53984,1561.69
21461.35,14014.22507,1491.37
20507.95,13220.19198,1497.23
20023.33,12591.00068,1447.42
19673.55,11861.11767,1588.06
19676.55,11302.44222,1664.24
19363.28,11728.38609,1690.61
19677.67,13369.38312,1696.47
19112.2,13253.63865,1819.53
19451.83,14493.17013,1737.49
20118.45,15836.13658,1637.87
20962.2,17778.29432,1602.71
20802.6,21207.19347,1549.97
20913.0,22901.47305,1479.65
21280.8,24701.40331,1397.61
21452.4,25381.59111,1394.68
21688.6,25899.5397,1341.94
21333.72,25036.25688,1368.31
20750.5,23543.36072,1374.17
20050.22,22154.42708,1421.05
18496.2,20090.93284,1497.23
17872.97,18590.26411,1517.74
19145.92,16673.53428,1526.53
21961.28,17258.9741,1541.18
21923.9,14189.30133,1506.02
21691.08,13018.84373,1470.86
20592.05,12493.4391,1462.07
19900.08,11641.44585,1479.65
19680.25,11216.80327,1567.55
19620.67,11338.31562,1652.52
20337.4,11105.49022,1760.93
18795.68,11125.85365,1807.81
18732.1,11536.21721,1860.55
19127.88,13588.9846,1667.17
19930.8,15705.44486,1573.41
20282.05,18920.54558,1511.88
20666.65,21060.78076,1429.84
21089.25,23218.21407,1309.71
21048.3,24164.81462,1359.52
21118.58,25102.51716,1339.01
21307.1,26178.47297,1356.59
20979.18,25639.80925,1309.71
20502.25,24409.17578,1409.33
19850.3,21968.20193,1418.12
19364.58,20581.62468,1573.41
18770.47,18763.05432,1532.39
18919.53,17239.6306,1576.34
22097.3,15822.06858,1494.3
21392.52,14696.76926,1473.79
20683.83,13342.02086,1488.44
20345.38,12740.29733,1462.07
20059.1,12028.52687,1549.97
19813.75,11873.18098,1520.67
19633.05,11820.77768,1605.64
19302.13,12200.473,1649.59
18485.38,12543.55635,1637.87
17832.8,12664.68183,1673.03
17084.88,13041.70423,1526.53
18489.03,16545.12861,1423.98
19838.38,19932.91403,1482.58
19633.57,21339.85471,1529.46
19791.28,22081.41416,1485.51
20077.08,22768.14358,1465.0
19587.98,23391.88353,1426.91
19607.1,23738.94109,1403.47
19607.1,23755.25997,1406.4
19521.38,22770.4648,1426.91
18777.0,21113.43025,1488.44
18281.28,19671.95263,1429.84
17907.55,19048.95125,1547.04
18769.05,17257.28594,1532.39
21519.4,16749.60699,1585.13
21572.05,15557.76603,1561.69
20999.88,14700.91932,1602.71
20685.65,14310.14545,1579.27
20977.2,14204.84647,1576.34
20819.3,14092.30247,1626.15
20575.47,13914.69397,1652.52
21300.47,14408.58628,1743.35
22236.27,15319.59479,1702.33
19222.22,14601.31788,1804.88
19188.1,15718.00055,1640.8
20397.25,19131.7766,1582.2
21422.05,22954.29839,1485.51
21892.35,24090.18388,1503.09
22155.43,25115.88176,1596.85
22512.17,26455.85876,1579.27
22663.05,27569.58715,1547.04
22083.7,27863.22148,1549.97
22008.4,27696.05847,1544.11
19027.85,25733.43179,1582.2
14884.32,24027.22958,1573.41
16036.9,22218.82335,1593.92
15442.8,20582.32808,1623.22
15637.52,18430.02959,1637.87
19576.58,17394.13241,1661.31
19123.85,16586.69955,1719.91
17911.15,14819.51256,1646.66
17942.9,14328.15249,1696.47
17784.47,14198.93791,1678.89
17378.8,13670.36798,1734.56
16508.58,13148.72654,1755.07
16343.83,13020.88359,1799.02
14876.38,13294.85789,1848.83
14483.65,13537.88259,1927.94
14658.97,14834.88185,1623.22
15853.98,17572.12778,1488.44
17043.2,20492.8556,1462.07
17662.18,21984.38013,1573.41
18206.4,23286.61972,1593.92
19453.27,25075.64728,1511.88
18957.7,25398.89475,1423.98
18981.72,25928.23842,1374.17
18672.08,25581.70841,1435.7
17591.9,23290.55876,1432.77
17713.13,21710.22998,1526.53
17148.75,20264.00441,1643.73
16458.75,19110.28773,1675.96
15798.53,17630.75617,1649.59
14602.33,15961.93967,1655.45
14370.05,14731.83375,1693.54
14003.7,13496.52267,1684.75
13461.2,12261.35227,1629.08
13193.35,12089.72267,1649.59
13053.5,11678.1985,1702.33
13022.0,11515.32623,1752.14
13287.7,11710.27354,1834.18
13576.25,11905.15051,1866.41
13661.58,11695.60765,1963.1
13831.5,12692.853,1866.41
14844.78,15792.34993,1661.31
16615.6,19064.88326,1626.15
17140.95,20312.99622,1570.48
17727.4,21582.10567,1497.23
18281.25,22953.73567,1441.56
18915.8,24476.45599,1400.54
19806.92,25675.33095,1362.45
18278.4,24758.69524,1394.68
18320.25,23266.04527,1388.82
17453.8,20871.00344,1497.23
17087.55,19659.18592,1552.9
16567.08,18157.81379,1655.45
16685.5,16770.18144,1664.24
16543.65,16733.71015,1634.94
15763.45,15115.7143,1699.4
14652.28,13104.13098,1620.29
14178.65,12383.25149,1652.52
13872.83,11976.89731,1664.24
13693.2,11178.0811,1705.26
13286.07,11337.01433,1784.37
14163.85,11970.42603,1898.64
14963.48,13040.78981,1901.57
15290.43,12831.95035,2062.72
15616.83,14214.16652,2118.39
17445.13,18111.60041,1966.03
18428.78,20973.52399,1895.71
17883.97,23177.76857,1684.75
18154.67,24324.76778,1611.5
18205.03,25803.63111,1549.97
18189.55,26931.81437,1482.58
18234.75,27726.48052,1514.81
17949.25,27899.58726,1520.67
17446.83,25711.69673,1514.81
16129.77,23374.36887,1467.93
15569.45,21598.03768,1523.6
15139.45,19852.0582,1529.46
15935.9,17837.73162,1596.85
18120.45,15724.57734,1617.36
17582.42,14240.71987,1632.01
16870.42,13332.63047,1684.75
16663.5,12934.50607,1626.15
16541.42,12441.00063,1620.29
16094.4,11916.08838,1637.87
16012.58,11791.4459,1743.35
16609.52,11771.29349,1848.83
16145.27,12357.57739,1922.08
15010.48,12333.38043,1878.13
15501.48,13051.90353,1755.07
16437.08,14780.12216,1646.66
17450.4,18090.92045,1503.09
17872.18,20742.66811,1558.76
17947.6,22404.62646,1497.23
18023.67,23479.94921,1415.19
18051.05,23845.04898,1429.84
17895.88,23534.91992,1400.54
16581.0,22606.5726,1444.49
16155.25,21847.07645,1485.51
14988.65,20060.08875,1652.52
14551.77,18633.4177,1687.68
14664.77,17414.53101,1629.08
14658.3,15647.76606,1658.38
16906.77,13121.99734,1646.66
16820.2,12496.46372,1675.96
16146.47,11394.76347,1778.51
15841.38,11058.78446,1728.7
15679.82,10614.05981,1728.7
15421.08,10132.61768,1743.35
15445.82,10037.94004,1857.62
15915.15,10605.12663,1968.96
15051.73,10748.16302,2229.73
14413.35,11387.55362,2229.73
15044.3,12344.67,2033.42
16028.35,14066.2415,1907.43
16896.2,17032.79583,1845.9
17200.75,18431.08469,1737.49
17220.35,19774.47318,1684.75
17537.45,22191.88313,1649.59
16762.38,23047.63957,1608.57
16692.72,23687.24119,1526.53
16413.47,24229.45708,1608.57
16048.32,22453.54793,1725.77
15665.3,20098.03718,1875.2
15271.85,18506.17264,1942.59
14725.48,16631.50613,1913.29
15422.52,14379.64137,1813.67
17241.7,12675.19766,1772.65
16654.65,11810.82457,1760.93
15983.4,11005.78327,1799.02
15774.95,10388.54977,1851.76
15539.83,10081.16397,1743.35
14604.47,9397.00196,1822.46
15425.9,9419.47559,1916.22
16107.8,9774.7981,2051.0
15295.1,10359.49935,2080.3
14635.27,10676.24037,2127.18
14858.63,11596.18206,1936.73
16195.58,14840.47388,1740.42
17195.33,18026.94622,1696.47
17336.43,20653.51216,1549.97
17690.6,22277.48691,1514.81
17849.98,23284.93156,1503.09
17726.95,24886.67887,1473.79
17224.92,25033.97083,1476.72
16725.97,24428.16758,1506.02
16325.08,22899.67938,1526.53
15614.97,20762.71501,1696.47
15104.0,19031.99931,1781.44
14386.9,17280.00576,1796.09
14763.88,16091.08391,1778.51
17848.17,15280.87262,1758.0
17498.18,14270.68471,1719.91
16903.53,13270.20372,1705.26
16694.22,12821.04765,1699.4
16506.63,12483.45082,1705.26
16169.45,12017.20213,1740.42
16230.38,11928.46822,1784.37
16597.03,12525.47897,1904.5
15824.65,13010.15674,1954.31
15216.95,13119.14857,1977.75
15425.95,13971.00114,1819.53
16733.7,16464.69482,1781.44
17569.63,19034.74257,1611.5
17114.85,21113.21923,1617.36
17465.35,22265.00156,1608.57
17427.17,23164.43914,1520.67
17246.47,24256.08077,1456.21
17116.78,24259.28124,1476.72
16808.5,23657.13567,1456.21
15937.13,21649.38588,1514.81
15219.9,20049.46741,1626.15
14810.15,18634.29695,1728.7
13647.92,17721.1079,1699.4
14459.23,16158.99718,1661.31
17614.92,14892.63099,1673.03
17096.15,13394.00212,1634.94
16564.6,11888.76129,1632.01
16381.8,11147.09633,1708.19
16447.78,11442.84086,1681.82
15871.7,10591.55101,1790.23
15666.65,10336.77953,1875.2
15878.33,10640.19112,1881.06
14785.77,10919.79262,2004.12
13677.05,10439.75729,2062.72
12954.92,10844.70467,1796.09
14342.3,13552.12644,1567.55
15560.65,16684.648,1535.32
16179.1,18056.6297,1491.37
17701.75,20449.56133,1549.97
17625.63,21310.31191,1476.72
17469.8,21636.54883,1473.79
17404.9,21351.53115,1459.14
17092.7,20574.06313,1476.72
16416.28,19160.05328,1485.51
15812.9,17516.13714,1602.71
15802.65,16795.39833,1746.28
15499.73,16126.46493,1667.17
15095.0,15444.2021,1702.33
14556.55,14128.42206,1646.66
14008.33,13118.79687,1617.36
13404.45,12023.14586,1634.94
13132.5,11619.1129,1637.87
13088.9,11420.15621,1623.22
13084.92,11433.09877,1652.52
13041.35,11337.15501,1752.14
13208.08,11373.23943,1784.37
13618.55,12147.3663,1848.83
13836.72,12353.4625,1869.34
13977.75,12702.10271,1714.05
14596.28,15540.67341,1497.23
16410.13,18372.17494,1470.86
17017.0,20037.12274,1488.44
17386.83,20988.47124,1494.3
17814.5,22096.00971,1453.28
17770.77,22172.89133,1467.93
17657.28,22100.33562,1447.42
17516.32,21927.7916,1467.93
17207.88,20458.0373,1482.58
16679.25,18433.96863,1661.31
16157.13,16921.20142,1746.28
15554.08,15634.26078,1816.6
14881.75,14963.04133,1813.67
14561.38,14695.99552,1796.09
14292.58,14190.14541,1760.93
14277.77,13679.19565,1793.16
14074.85,13303.7559,1734.56
13926.3,12821.01248,1693.54
13692.75,12289.94548,1737.49
13929.65,12909.35952,1766.79
14612.27,13682.00925,1898.64
15314.52,14478.04703,1907.43
15887.1,14772.77163,1963.1
16163.13,15762.98298,1804.88
17646.85,18443.95691,1617.36
17731.7,20271.88249,1602.71
17058.55,21765.90409,1535.32
17144.47,23068.10851,1514.81
18582.65,24617.52286,1447.42
17180.83,24396.97179,1459.14
16840.95,24093.17333,1403.47
16695.0,23040.95727,1456.21
16314.38,22098.11991,1646.66
15615.33,20247.58002,1696.47
15186.7,18794.39079,1740.42
14361.83,17573.71043,1746.28
15573.2,16269.18479,1737.49
18275.2,15481.41196,1658.38
17819.45,14621.68131,1670.1
17513.98,13732.37269,1655.45
17284.0,13433.00565,1593.92
16959.27,13106.55771,1588.06
16527.92,13113.34552,1599.78
16695.13,13768.03507,1629.08
17412.72,15219.4658,1728.7
15936.43,16094.53057,1775.58
16112.95,16089.50126,1784.37
16812.67,16306.71118,1705.26
17574.05,18640.59238,1620.29
17933.38,20274.20371,1590.99
17366.35,22538.51865,1555.83
17554.4,23164.08744,1511.88
16553.43,22501.0626,1506.02
16417.25,22574.70858,1479.65
16290.93,22092.35203,1506.02
16023.45,21201.60144,1535.32
15738.52,20433.62932,1684.75
15468.5,19871.36653,1643.73
15014.42,18709.45524,1719.91
14549.02,17657.73156,1664.24
14869.95,16628.12981,1667.17
18919.25,15795.26904,1652.52
18226.22,14813.53366,1623.22
17821.83,13428.32804,1558.76
16765.35,12972.06763,1541.18
16639.53,13076.38185,1514.81
16570.15,12623.49776,1552.9
16440.55,12397.10847,1661.31
16870.0,12779.75807,1743.35
16419.28,13490.29758,1807.81
15010.17,13130.05127,1895.71
15531.6,13474.96346,1693.54
16412.8,15644.14355,1579.27
17232.3,18034.43743,1520.67
17251.45,19980.14734,1500.16
17113.22,20085.09462,1532.39
16031.58,20392.79695,1497.23
15823.87,20528.16628,1485.51
15584.25,20249.69022,1500.16
15258.8,19193.88682,1544.11
15002.33,18304.75405,1731.63
14552.6,16243.05348,1801.95
13789.38,14903.46335,1790.23
12726.73,14115.62018,1746.28
15252.83,13166.5929,1725.77
15730.65,11105.77158,1670.1
15395.42,10354.18868,1705.26
15241.67,10179.56963,1714.05
15251.8,10437.47124,1793.16
15259.15,10453.01638,1772.65
15269.35,10331.85573,1892.78
15381.82,10451.08203,1910.36
13211.75,10365.16172,1957.24
13026.9,10414.29421,1977.75
13295.7,10360.20275,2030.49
13797.85,11424.79865,1904.5
13606.92,12548.83185,1684.75
13922.73,13702.82989,1678.89
13491.4,15187.8128,1634.94
13788.83,16194.94092,1582.2
13905.18,17286.26602,1482.58
14039.08,17968.77504,1488.44
13946.93,18360.42816,1412.26
13832.5,18160.83841,1429.84
13864.13,17339.40789,1646.66
13585.97,15656.6289,1699.4
12643.15,14214.76441,1787.3
12086.97,13471.20027,1790.23
12258.05,12557.13197,1801.95
16200.83,11085.37298,1810.74
15608.05,10295.87682,1828.32
15056.08,9384.20008,1831.25
15042.7,9041.53877,1904.5
15055.05,8615.03218,1857.62
14982.48,8685.86456,1872.27
14804.58,9120.21406,1848.83
12452.98,8846.76731,1863.48
12910.9,9316.04062,1930.87
13749.52,9895.46637,1933.8
13308.67,10843.22753,1699.4
13522.62,12391.48127,1552.9
13910.55,13931.1887,1482.58
12826.75,15711.03689,1456.21
13046.4,16698.39947,1382.96
13158.95,18049.87706,1406.4
13063.92,18445.22303,1333.15
12991.95,18422.43287,1336.08
12840.42,18177.93103,1350.73
12777.27,17015.49219,1599.78
12678.0,15426.05438,1626.15
12643.33,14848.56298,1681.82
12316.4,13823.81469,1664.24
14170.85,13045.57293,1655.45
17249.95,11896.67454,1661.31
16840.08,11045.98258,1670.1
16277.6,10215.97058,1634.94
15896.13,9247.84599,1711.12
15768.6,8894.1413,1758.0
15527.58,8785.67702,1766.79
15520.05,8615.41905,1828.32
15622.4,8878.70167,1892.78
13525.45,8748.67818,1974.82
13562.3,8785.39566,2039.28
13159.3,9211.7264,1881.06
13332.48,11004.51715,1593.92
14201.63,12526.39339,1564.62
14489.67,14071.93904,1526.53
15506.6,16094.24921,1476.72
15751.82,17251.06085,1465.0
15770.92,18132.5969,1374.17
16524.63,19117.98996,1400.54
16405.63,19042.55031,1374.17
15579.42,17500.90853,1579.27
14743.7,15310.62644,1673.03
14614.15,14316.37054,1769.72
14354.83,13471.09476,1737.49
13983.7,12425.10379,1752.14
13209.4,10812.13725,1687.68
12943.65,9464.80972,1758.0
12838.8,9180.21408,1807.81
12502.6,8546.48585,1737.49
11902.25,7977.71661,1840.04
11632.7,7399.0646,1837.11
11705.0,7250.08448,1948.45
12147.85,7577.09514,1998.26
12455.02,7888.59583,2056.86
12604.67,7987.59938,2077.37
12468.0,8439.95592,1930.87
12750.42,9487.56471,1714.05
14164.17,12182.21977,1585.13
15112.35,15258.68035,1508.95
16472.45,17886.30139,1514.81
16893.92,19353.94549,1500.16
16919.5,20001.42519,1508.95
16940.72,20583.62937,1447.42
16927.92,20351.29635,1441.56
16088.02,18245.21124,1523.6
15592.17,16669.63041,1634.94
15532.77,15852.06859,1755.07
15342.1,14420.47374,1772.65
14889.65,13828.17577,1778.51
14581.35,13076.38185,1749.21
14002.33,11770.23839,1807.81
13509.55,10563.73154,1790.23
12847.0,10328.62009,1763.86
13117.32,10247.09603,1725.77
13524.92,10592.8523,1875.2
13605.05,10493.42671,1866.41
14053.75,10632.27787,2048.07
14597.92,10993.71996,2062.72
14784.05,10038.01038,2232.66
14868.28,10670.47249,1995.33
15874.13,13344.37725,1722.84
16926.85,16481.96329,1637.87
17659.2,19884.16841,1608.57
17824.47,20881.09723,1520.67
16926.58,21841.94163,1506.02
17065.75,23285.42394,1409.33
16854.1,23618.44867,1429.84
16690.95,23248.0734,1412.26
16306.33,21576.4433,1485.51
14821.92,19663.547,1664.24
14070.53,17822.15131,1702.33
13746.63,16578.25875,1840.04
15794.3,14777.66026,1813.67
18030.9,13724.98699,1763.86
17377.43,12397.88221,1728.7
16897.7,10811.18766,1790.23
16630.72,10311.63298,1760.93
16335.88,10130.96469,1801.95
16018.83,10037.30698,1807.81
16012.53,9824.10644,1907.43
16431.67,9972.41833,2036.35
14303.95,10010.89431,2089.09
15336.22,10790.22634,2106.67
15489.42,11337.43637,2086.16
15796.4,11799.49983,1878.13
15924.08,12568.03467,1799.02
15751.83,14268.78553,1725.77
16277.15,16816.39482,1570.48
16971.25,19660.45204,1488.44
17232.95,21370.41744,1438.63
17297.27,21964.05187,1479.65
16564.93,21544.12207,1508.95
14826.7,19701.38992,1588.06
14401.63,18085.22291,1872.27
15454.35,16525.92579,1866.41
15867.15,15210.70847,1863.48
16116.42,13980.4267,1866.41
17681.93,12875.10394,1813.67
17313.97,12207.26081,1854.69
16384.5,10583.42674,1851.76
15815.22,9955.95877,1822.46
15715.05,9674.59877,1869.34
15405.5,9097.00186,1913.29
15352.5,9075.54816,1951.38
13422.22,8735.45426,2115.46
13405.8,9135.93505,2176.99
14025.88,9375.40758,2218.01
14856.82,10224.69274,2033.42
16267.43,13669.8756,1708.19
17086.47,17065.96114,1705.26
16891.3,20557.49806,1579.27
17185.45,21441.35533,1555.83
17388.58,22344.02855,1535.32
17700.72,23725.01377,1497.23
17502.5,24431.08669,1421.05
17040.38,23912.54021,1426.91
16602.85,22539.92545,1491.37
15992.83,20800.27657,1684.75
15538.08,18788.55257,1807.81
14701.7,16918.80986,1807.81
15501.0,15467.51981,1784.37
18112.0,14891.50555,1743.35
17673.55,13097.58936,1775.58
17037.53,11711.89136,1711.12
16556.25,11264.49379,1734.56
16460.95,11188.06938,1731.63
16195.5,10621.76204,1825.39
16354.5,10780.87112,1907.43
16697.85,11399.15972,1968.96
16089.85,11819.68741,2059.79
15433.7,11834.14228,2048.07
15595.65,13182.4194,1936.73
16295.7,15806.98065,1629.08
17080.68,18589.42003,1555.83
16334.83,20713.47701,1488.44
16561.55,21725.70478,1444.49
16740.5,22693.86454,1456.21
16909.5,23713.58352,1341.94
16944.93,24371.08667,1426.91
16807.53,24074.46289,1450.35
16293.63,22831.51992,1450.35
15747.98,20756.84162,1532.39
15237.95,19257.36867,1506.02
14725.67,17611.90505,1667.17
15990.1,16232.46731,1755.07
19051.38,15026.31216,1655.45
18019.4,13081.58701,1708.19
17473.65,11715.33802,1702.33
17008.15,11033.32138,1705.26
16742.7,10787.02587,1793.16
16695.2,10746.68588,1728.7
16828.78,10681.41036,1845.9
17012.95,10450.20278,2001.19
16148.63,10573.47363,2053.93
14393.2,9990.31986,2068.58
14717.7,10549.03048,1892.78
16352.98,13839.92255,1614.43
16686.97,16078.73924,1523.6
16378.33,18848.72844,1500.16
16647.42,20214.6609,1450.35
16917.55,21707.13502,1415.19
16853.63,22252.12934,1397.61
16792.5,23077.46373,1362.45
16649.47,22730.33583,1397.61
16264.4,21292.48072,1459.14
15664.0,19153.37098,1500.16
14408.45,17576.94607,1532.39
13565.67,16119.36059,1511.88
15354.25,15095.49155,1617.36
18534.88,13791.42312,1693.54
18148.47,12617.20233,1664.24
17332.7,10902.62966,1752.14
16386.85,10031.25774,1716.98
15830.28,9738.9247,1711.12
16199.4,9776.76762,1842.97
16208.2,9156.36882,1886.92
16044.23,9248.12735,1948.45
15369.13,9642.9106,1980.68
13290.15,9008.61965,2045.14
13197.6,9128.86588,1913.29
14074.5,11326.00612,1632.01
14965.13,14024.42437,1549.97
15604.5,16012.02175,1517.74
16097.8,17532.10432,1497.23
17340.48,19524.51999,1467.93
17616.65,20894.74319,1426.91
17322.38,20739.749,1426.91
16439.3,19507.70873,1467.93
16077.25,17705.21106,1503.09
15962.55,16142.22109,1576.34
15747.35,14910.11048,1652.52
15231.32,13866.01869,1760.93
14753.9,12799.38293,1857.62
14101.67,11030.92982,1819.53
13533.35,10015.04437,1831.25
12992.7,9215.17306,1828.32
12810.45,8814.86812,1860.55
12618.88,8456.02861,1916.22
12008.55,7871.60872,1974.82
11722.63,7361.7844,1995.33
12180.58,7656.82553,2062.72
12546.05,7722.17139,2086.16
12854.58,7775.80564,2179.92
12816.7,8302.96877,1933.8
13136.83,9496.2517,1711.12
14779.75,11990.96531,1614.43
15384.78,14388.57455,1573.41
15963.6,15832.40856,1576.34
16417.7,17399.86512,1508.95
16753.97,18505.43407,1491.37
16762.28,19174.78951,1456.21
16776.95,18640.24068,1432.77
16503.47,17077.00452,1593.92
16014.85,15235.36264,1602.71
15803.08,14322.87699,1848.83
15296.5,13075.18607,1842.97
14736.95,11817.01449,1837.11
14073.33,10985.24399,1889.85
13101.85,9488.866,1825.39
13056.82,8703.44956,1886.92
12896.92,8370.21381,1860.55
12594.02,7921.76114,1919.15
12307.85,7497.29441,1986.54
12639.8,7899.21717,2024.63
13309.65,8433.51981,2171.13
13930.33,8671.12833,2238.52
14363.17,8412.664,2302.98
14551.5,8636.41554,2135.97
14924.23,10059.81578,1813.67
15339.15,13039.03131,1708.19
14862.45,15160.52088,1661.31
15146.15,17386.71154,1634.94
15145.42,18646.53611,1573.41
15673.67,19559.02176,1523.6
16227.83,20389.27995,1520.67
16049.45,19710.3231,1544.11
15779.08,18240.85016,1632.01
15285.03,16402.65494,1655.45
14972.9,14969.79397,1828.32
14580.63,13747.67164,1810.74
14966.72,12401.08268,1804.88
16945.8,10901.22286,1784.37
16654.25,10670.54283,1743.35
15641.95,9377.79914,1784.37
15563.95,8726.80244,1822.46
15371.98,8571.9841,1869.34
15069.28,7967.27112,1980.68
15066.65,7938.9241,2071.51
15815.78,8454.1646,2118.39
15965.38,9074.07102,2156.48
15075.47,9465.12625,2188.71
14855.33,9601.79687,2150.62
14334.6,10200.77714,1860.55
14395.68,12051.07084,1755.07
14977.05,14557.77742,1681.82
15176.45,16201.30669,1611.5
16320.47,17892.17478,1593.92
16384.1,18397.53251,1541.18
16277.7,18710.65102,1561.69
16180.97,18144.02715,1602.71
14996.1,16949.16157,1696.47
15405.6,16122.73691,1904.5
15050.8,15063.311,1878.13
14264.2,14174.07272,1860.55
15088.08,12810.39114,1857.62
16886.43,11940.17983,1743.35
16462.2,11139.92165,1740.42
15913.92,10056.75599,1810.74
15679.45,9598.27987,1760.93
15464.77,9002.00769,1954.31
15268.1,8781.84349,1895.71
15202.5,9023.18003,1954.31
15686.95,9304.78622,2065.65
16131.0,10181.15228,2153.55
14636.65,10131.70326,2138.9
14873.0,10413.62598,2045.14
15119.27,11116.32258,1863.48
14960.5,12370.3441,1755.07
15352.1,13735.11595,1702.33
15539.1,14967.78928,1716.98
15668.23,15236.10121,1678.89
15871.23,16197.22697,1585.13
15860.03,17039.61881,1567.55
15219.9,16635.02313,1599.78
14396.6,15834.41325,1772.65
14003.67,14139.71163,1907.43
13739.3,13207.56595,1927.94
13635.92,12334.04866,1837.11
14938.03,11125.88882,1825.39
16454.83,10530.32004,1796.09
16033.2,9476.27514,1740.42
15843.0,8771.01113,1831.25
15163.45,8300.89374,1810.74
14064.83,7542.24167,1863.48
14005.42,7374.16424,1977.75
14614.8,7452.38232,2039.28
14960.55,8068.03317,2133.04
14506.63,8307.64638,2226.8
14453.83,8413.33223,2220.94
14119.38,8416.77889,2112.53
14473.15,9812.32449,1752.14
14487.58,11561.32859,1614.43
14744.6,12116.24085,1570.48
14860.0,16382.81906,1506.02
15886.27,17295.79709,1494.3
16079.85,17767.5323,1476.72
15855.08,17729.5487,1485.51
15577.17,16160.33364,1573.41
15347.0,15681.2479,1599.78
14333.88,14887.77753,1842.97
13915.35,14397.61324,1851.76
13561.55,13756.99169,1719.91
16218.63,14751.77514,1746.28
17635.97,13854.02572,1840.04
16515.08,11923.64993,1758.0
15387.95,9226.39229,1807.81
15485.7,9199.97962,1760.93
15338.75,9186.08747,1775.58
15029.08,8972.50006,1834.18
14989.0,8814.27023,1910.36
15515.27,9315.02069,2042.21
14780.85,9005.03231,2144.76
14783.53,9090.77677,2200.43
14647.58,8945.06746,2115.46
14181.47,9562.96919,1851.76
13960.8,10261.44539,1822.46
14338.88,11295.72475,1725.77
14384.28,11814.27123,1708.19
14562.8,11894.66985,1740.42
14536.38,12629.16013,1667.17
14290.57,12545.94791,1708.19
14048.35,11972.2197,1760.93
13850.5,11274.30622,1758.0
13881.83,10503.20397,1883.99
14133.85,9747.78754,1992.4
14384.95,10183.54384,1977.75
14299.88,9666.29865,1945.52
15892.25,9043.82482,1957.24
15092.23,7905.68845,1957.24
14919.55,7230.91683,1933.8
14778.0,7067.20048,1860.55
14788.02,6735.82874,1968.96
14717.05,6674.77362,2115.46
14605.92,6503.49572,2241.45
12852.42,6108.92349,2238.52
12717.13,6599.47465,2346.93
12978.67,6542.49925,2376.23
12563.25,6586.60243,2358.65
12547.03,7218.25563,2077.37
13154.1,8460.28418,1927.94
13510.57,9286.60333,1901.57
14284.02,10309.10074,1822.46
14833.75,11707.45994,1863.48
14756.45,12152.71214,1807.81
14548.85,12478.49185,1790.23
14459.22,12234.51756,1804.88
14042.85,11059.06582,1866.41
13644.72,9948.22137,2065.65
12908.45,8812.23037,2220.94
12650.05,8103.13283,2144.76
12370.33,7643.67195,2153.55
12218.08,7134.44552,2080.3
11927.02,7024.5041,2089.09
11606.2,6331.93646,2039.28
11487.85,6210.24826,2074.44
11479.92,5763.16722,2156.48
11482.0,5839.80265,2182.85
11495.7,5593.36646,2279.54
11911.97,5945.27748,2305.91
12323.88,6206.52024,2376.23
12377.35,6485.31283,2411.39
12279.6,6547.07135,2270.75
12406.5,7656.89587,1933.8
12784.77,9235.85302,1863.48
13550.27,10528.10433,1737.49
14606.8,12535.71344,1719.91
14741.38,13297.49564,1643.73
14726.22,13890.11014,1661.31
14733.58,14512.72465,1567.55
14854.63,14375.17478,1643.73
14607.88,13278.89071,1632.01
13694.2,11462.85259,1675.96
14074.08,10539.88628,1948.45
13522.98,9942.31281,1913.29
12980.05,9025.36057,1986.54
12045.43,7691.85485,1954.31
11793.55,6996.12191,1933.8
12048.25,6783.30824,1904.5
12028.48,6318.25533,1974.82
12009.38,6187.73946,2042.21
11978.08,6021.35019,2118.39
12217.23,6326.59062,2174.06
12870.58,6578.05612,2261.96
13452.97,6816.26253,2390.88
13855.5,6970.09611,2452.41
13640.9,7399.768,2261.96
13413.5,8236.98985,1983.61
13798.08,10207.67046,1746.28
14176.88,11982.63002,1673.03
14172.08,13054.08407,1643.73
14138.65,13775.70213,1588.06
14234.98,14949.50088,1608.57
14314.6,14855.84317,1605.64
14777.65,14593.51014,1590.99
14467.07,13900.02808,1623.22
13421.02,12418.03462,1863.48
13072.95,11392.23123,1907.43
12711.0,10769.82774,1857.62
14172.45,10228.73729,1851.76
15830.68,9636.79102,1793.16
15627.32,9226.18127,1731.63
15742.75,8665.43079,1629.08
15388.98,8441.78476,1576.34
14829.23,8073.02731,1549.97
15165.15,8511.98408,1696.47
15205.78,8713.85988,1872.27
15756.95,9462.34782,1951.38
15782.48,9651.10521,1983.61
15000.98,9733.19199,2074.44
14789.57,9744.5519,1922.08
14966.58,9868.27996,1781.44
13780.33,10472.95777,1678.89
14205.43,12499.418,1614.43
14847.0,14658.75049,1473.79
15596.4,15716.4179,1508.95
15489.23,15775.57384,1514.81
15364.4,16032.13899,1476.72
15102.75,15857.69579,1494.3
13965.6,14679.39528,1520.67
13336.03,13812.6658,1611.5
13178.92,12595.36176,1790.23
12661.1,11510.33209,1828.32
13762.18,10688.58504,1854.69
15624.9,9488.02192,1796.09
15241.8,9226.8495,1737.49
14776.17,7728.43165,1936.73
14113.9,6245.34792,2077.37
13904.53,6138.39595,2127.18
12338.58,6190.06068,2135.97
11482.78,5652.41689,2323.49
12626.5,6277.00092,2449.48
12851.63,6209.29867,2549.1
13392.2,6591.9131,2678.02
13748.45,6545.8404,2639.93
13951.55,7194.48071,2446.55
14344.3,7874.52783,2250.24
14725.25,8262.8398,2156.48
15066.45,9076.25156,2112.53
14919.53,9556.60342,2053.93
14756.78,9877.4945,2138.9
14460.02,9778.49095,2150.62
14324.68,9776.45109,2191.64
14109.83,8901.56217,2270.75
13824.13,8388.95942,2431.9
13365.65,7843.12102,2528.59
13016.73,7354.29319,2420.18
12804.13,6959.89681,2437.76
12505.45,6601.44417,2361.58
12149.25,6002.78043,2326.42
12351.05,5925.58228,2329.35
12309.4,5389.02876,2323.49
12339.97,5660.43565,2382.09
12317.65,5511.20934,2467.06
12408.67,5414.7732,2625.28
13162.65,5909.82612,2704.39
13760.27,6051.45571,2856.75
14182.45,5974.92579,3026.69
13987.17,6188.05599,2918.28
14181.72,6583.92951,2490.5
14509.42,7347.3647,2226.8
14619.68,8081.78464,2112.53
14472.28,8898.01,2065.65
13868.5,9437.02542,1995.33
13875.58,10516.84993,1977.75
13726.15,10649.22981,1927.94
13500.67,10374.69279,2083.23
13333.52,9480.84724,2109.6
13007.9,8426.55615,2449.48
12608.45,7978.70137,2393.81
12152.73,7374.72696,2302.98
12564.6,7012.22977,2264.89
14346.35,6748.38443,2253.17
14218.52,5609.19296,2182.85
13904.8,5403.20227,2188.71
14338.43,5177.79774,2241.45
13976.47,5210.82237,2253.17
13879.38,5016.15642,2320.56
14413.2,5238.07912,2434.83
15208.1,5741.67835,2622.35
15049.05,5871.52599,2768.85
13873.53,6002.92111,2871.4
13464.35,6105.75819,2733.69
13466.38,6447.75127,2513.94
13427.47,6825.23088,2288.33
13616.42,7326.08685,2068.58
13703.22,8439.0415,2042.21
13801.4,9138.64314,1998.26
13706.28,9794.73949,2012.91
13584.88,10070.36678,1986.54
13385.85,10062.8404,1992.4
13135.58,9315.09103,2103.74
12912.9,8560.58902,2390.88
12544.27,7799.12335,2256.1
12273.15,7700.40116,2276.61
11961.08,6970.86985,2223.87
11762.83,6233.70665,2241.45
12872.32,6174.97275,2168.2
14292.03,5416.07449,2179.92
14438.35,5283.9408,2267.82
14395.17,5401.23275,2288.33
14314.58,5403.97601,2346.93
13782.7,5412.20579,2537.38
13909.08,5637.08277,2557.89
13112.33,5935.53539,2713.18
13224.92,5668.06754,2774.71
12674.42,5951.74876,2686.81
12531.48,6175.57064,2414.32
12705.48,7524.44565,2162.34
12986.65,8235.37203,2144.76
13149.47,9067.56457,2062.72
13194.67,9842.71137,2024.63
13287.1,10585.85347,2036.35
13674.32,11126.97909,1966.03
14041.05,11589.00738,1957.24
13573.97,10563.69637,2223.87
12902.8,9080.15543,2338.14
12687.85,8419.698,2311.77
12490.63,7973.77757,2317.63
12280.15,7465.81726,2323.49
12013.23,6694.99637,2302.98
11697.38,6576.26245,2273.68
11366.3,5967.78628,2250.24
11210.63,5797.98552,2218.01
11596.8,5974.85545,2256.1
11078.42,5654.94913,2344.0
11118.55,5493.41332,2402.6
12382.05,6077.20015,2502.22
12659.53,6376.60236,2525.66
12687.15,6474.72666,2513.94
12467.3,6269.61522,2452.41
12445.3,7379.7211,2144.76
12727.85,8438.37327,1980.68
13063.1,9543.83671,1901.57
13349.75,10484.00115,1837.11
14469.52,11776.07661,1854.69
14229.15,12567.89399,1831.25
14193.77,12710.82487,1793.16
14123.2,12752.71234,1793.16
13901.0,11827.60066,2100.81
13200.6,10299.85103,2097.88
13060.35,9263.53181,2109.6
12748.22,8546.27483,2124.25
12516.03,7601.18659,2162.34
12199.4,7299.92037,2144.76
11897.3,6517.52855,2074.44
12055.87,5879.3689,2127.18
12104.7,5821.09221,2150.62
12215.9,5536.35589,2179.92
12242.2,5869.5213,2311.77
12527.65,5787.01248,2385.02
13138.95,5890.93983,2554.96
13722.6,6647.09483,2680.95
13987.52,6519.21671,2642.86
13782.55,6886.14532,2496.36
13462.05,7275.58273,2247.31
13552.35,8618.83054,2147.69
13789.77,10060.90605,2118.39
13866.0,11268.53834,1910.36
13900.65,12602.32542,1828.32
13792.27,13549.03148,1822.46
13671.6,13911.70452,1834.18
13429.7,13815.93661,1801.95
13186.1,12646.95615,1863.48
12905.75,11244.02485,2059.79
12670.07,10498.10432,2197.5
13814.05,9657.04894,2112.53
13569.38,8723.5668,2171.13
14304.35,7449.25219,2039.28
14490.27,7381.4796,1986.54
14499.8,6808.41962,1957.24
14128.92,6744.16403,1971.89
13949.13,6369.35734,2018.77
13802.6,6046.91878,2068.58
14101.1,6595.71146,2118.39
14747.88,6966.40326,2346.93
14322.15,7239.67416,2472.92
14145.4,7728.29097,2461.2
13202.9,7626.33314,2472.92
12934.13,7499.22876,2267.82
12994.58,8670.95248,2159.41
13008.78,9350.54239,2018.77
13032.55,10208.69039,1966.03
13162.15,11242.68839,1954.31
13069.72,11146.70946,1951.38
13017.33,11102.8173,2001.19
12828.1,10846.85004,1942.59
12633.23,10517.83469,2215.08
12437.13,10133.11006,2256.1
12248.08,9801.80866,2270.75
11877.45,9436.35719,2130.11
12874.95,9177.29497,2094.95
14633.97,8099.01794,2106.67
14168.98,7319.05285,2053.93
13853.35,6545.06666,2012.91
13764.85,6521.15106,2100.81
13390.05,6353.98805,2100.81
12953.42,5741.8542,2141.83
13091.22,6210.63513,2244.38
13685.05,6194.56244,2452.41
12968.25,6597.78649,2528.59
12972.32,6768.39616,2663.37
12689.17,6882.769,2513.94
12647.65,7584.62152,2171.13
12853.48,9208.38525,2021.7
13064.63,10769.96842,1883.99
13213.67,12091.34049,1799.02
13182.58,13726.04209,1755.07
13161.85,14511.8454,1673.03
12973.63,14403.02942,1652.52
12827.98,14069.65299,1734.56
12600.7,13362.73599,1842.97
12350.77,12096.44014,2045.14
12189.8,11344.75173,2053.93
11893.5,10812.27793,1933.8
12696.98,9796.99037,1925.01
16003.73,9391.83197,1851.76
14699.83,8294.17627,1778.51
14858.7,7572.94508,1781.44
15146.78,7716.86072,1828.32
14781.27,7178.79489,1831.25
14781.88,7295.17242,1866.41
14931.9,7726.39179,1939.66
15202.92,7937.44696,2176.99
13455.75,8399.89729,2235.59
13441.22,8399.75661,2323.49
13298.33,8618.83054,2247.31
12842.2,9311.36301,1954.31
12628.83,10226.52158,1822.46
12962.85,12319.59379,1819.53
13093.0,13932.10312,1673.03
13328.23,15258.82103,1675.96
13263.28,16046.87522,1678.89
13021.92,16381.97498,1652.52
12776.48,15600.39207,1740.42
12675.7,14371.76329,1816.6
12453.5,13476.65162,1907.43
12250.92,12837.26102,1992.4
11939.0,12073.79066,1974.82
14453.25,11342.21949,1925.01
16356.4,10656.12313,1772.65
15948.25,10228.20974,1796.09
15963.92,9734.10641,1749.21
15815.85,9543.83671,1658.38
15497.75,8872.47658,1658.38
14532.65,7586.45036,1807.81
14692.9,8008.59587,1872.27
14891.77,8684.56327,2024.63
13507.5,9442.61745,2045.14
12712.2,9246.01715,2197.5
11613.97,8875.95841,2124.25
11528.13,8900.64775,1968.96
11558.42,8989.1003,2036.35
11859.15,9674.03605,1919.15
11994.7,10054.3996,2004.12
12023.15,10464.86867,1916.22
11983.63,11194.36481,1816.6
12087.3,11893.15754,1869.34
12086.27,12098.19864,1889.85
12043.77,10366.53335,2206.29
11757.3,8971.76149,2156.48
11724.27,9068.19763,2176.99
11734.67,8995.25505,2092.02
13645.1,8980.3078,2147.69
14906.68,8729.72155,2065.65
14823.63,8732.92202,2021.7
14813.55,8529.46357,2062.72
14634.28,8476.81408,1939.66
14646.38,8338.4553,2030.49
14571.45,8221.37437,2039.28
13956.42,8352.10126,2053.93
12740.63,8405.38381,2115.46
13161.58,8719.83878,2209.22
13284.3,8641.44485,2390.88
12786.38,8577.963,2212.15
12535.97,8822.46484,2130.11
11565.4,9447.18955,1960.17
11633.42,10133.28591,1919.15
11836.85,11112.27803,1857.62
11980.4,11213.46212,1851.76
11975.83,11500.16796,1860.55
11945.35,11380.94166,1904.5
11990.3,11345.06826,1834.18
11977.63,11065.95914,2077.37
11998.98,10757.27205,2109.6
12013.0,10614.34117,2086.16
11807.48,10724.95082,2059.79
12183.35,10246.21678,2056.86
14841.73,9790.51909,2039.28
14675.58,8619.95598,1998.26
14485.17,7795.88771,1980.68
14350.5,7846.427,1980.68
14347.42,7352.60503,1971.89
14193.25,7359.70937,2036.35
14001.38,7619.05295,2077.37
12008.38,8088.85381,2080.3
12310.12,7954.18788,2124.25
12418.2,7884.02373,2226.8
12361.55,7820.92875,2238.52
12228.07,8219.15866,2030.49
12419.6,9071.92565,1819.53
12702.85,9948.15103,1842.97
12864.95,10109.47582,1787.3
13752.45,10659.18292,1863.48
12934.05,11167.91697,1831.25
13200.77,11156.55706,1813.67
13442.45,10646.80308,1901.57
12609.33,9854.91536,1939.66
12665.0,9175.43096,2059.79
12513.63,8759.86224,2138.9
12345.0,8260.65926,2112.53
12207.72,8029.02964,2144.76
11963.02,7538.3378,2086.16
11726.25,6864.16407,2071.51
12042.92,6390.17798,2068.58
12071.83,6355.60587,2024.63
12090.2,6233.28461,2068.58
11871.1,6017.12979,2124.25
11980.85,6253.82389,2220.94
12299.35,6407.34094,2320.56
12658.5,6618.07958,2244.38
12717.5,6228.46632,2358.65
12110.88,6665.94595,2261.96
11739.32,6719.2285,2133.04
11810.25,6890.01402,2089.09
11784.18,7228.56044,1925.01
11814.82,7481.7141,1942.59
11890.83,7884.55128,1939.66
11822.47,8109.8503,1901.57
11817.73,8085.86436,1948.45
11833.97,8008.59587,1922.08
11911.95,7913.46102,2218.01
11954.53,7791.80799,2203.36
11794.92,7661.25695,2203.36
11625.75,7346.80198,2259.03
12666.17,6848.61893,2367.44
13623.6,6490.2718,2338.14
13370.72,6074.49206,2314.7
13630.27,5556.36762,2344.0
13680.98,5408.19641,2291.26
13535.72,5295.93377,2364.51
13486.33,5415.08973,2364.51
13152.0,5548.20818,2516.87
12941.52,5838.00898,2704.39
13581.5,6228.11462,2856.75
13702.75,6252.41709,2903.63
12864.63,6310.09589,2760.06
12951.3,6432.83919,2475.85
12822.5,6921.59668,2220.94
12901.67,7657.10689,2106.67
12956.1,8263.43769,2121.32
12752.4,7975.07886,2121.32
12729.92,8017.17735,2203.36
12630.0,7799.54539,2130.11
12532.0,7881.73768,2188.71
12472.38,7542.17133,2505.15
12313.25,7468.17365,2379.16
12123.47,7390.79965,2385.02
11863.52,7117.0012,2259.03
12833.05,6835.07848,2212.15
13556.2,6617.55203,2159.41
13207.08,6040.06063,2024.63
12996.63,5782.15902,2007.05
12947.58,5971.44396,2036.35
12792.6,5663.49544,2109.6
12908.22,5742.87413,2179.92
12018.35,5908.9117,2182.85
12254.1,6101.2916,2552.03
12858.85,6512.60475,2648.72
12849.88,6566.48519,2730.76
12616.3,6457.5637,2742.48
12680.15,6661.5497,2604.77
12728.98,6987.71628,2484.64
12759.13,7511.36241,2393.81
12840.35,8361.98403,2259.03
12953.03,9080.78849,2256.1
12839.6,8934.41095,2250.24
12788.63,8708.16234,2259.03
12761.93,9288.01013,2259.03
12608.67,8766.93141,2320.56
12394.52,8384.14113,2484.64
12130.95,8053.93,2513.94
11840.85,7854.41059,2308.84
11993.38,7288.31427,2314.7
13766.45,6866.27427,2068.58
13728.05,6309.18147,2083.23
13460.63,5844.33958,2127.18
13369.77,5650.13084,2092.02
13499.75,5621.5728,2130.11
13620.08,5488.87639,2138.9
13611.45,5866.03947,2376.23
14218.15,6100.48269,2619.42
14120.02,6515.66454,2815.73
13827.88,6690.0374,2894.84
12976.15,6657.78651,2777.64
12565.83,6710.89321,2569.61
12701.25,7407.29438,2282.47
12691.92,7705.00843,2244.38
12819.17,8369.61592,2103.74
12778.28,9128.30316,2018.77
12783.6,9085.67712,2097.88
12713.02,9337.17779,2065.65
12588.7,9755.77113,2059.79
12545.07,9270.84717,2361.58
12372.6,8564.66874,2461.2
12110.8,8173.08596,2434.83
11824.98,8152.08947,2241.45
11647.55,8002.68731,2179.92
11585.42,7585.21941,2218.01
13838.05,6821.60837,2092.02
14138.92,6463.57777,2121.32
14114.88,6335.62931,2030.49
13938.02,6316.77819,2039.28
13930.58,6391.61995,2051.0
14016.63,6637.38791,2194.57
14241.33,6893.88272,2338.14
13095.27,7147.56393,2361.58
12792.92,7023.34349,2294.19
11806.05,7087.00119,2218.01
11499.15,7603.12094,1954.31
11510.83,7807.84551,1831.25
11616.65,8080.87022,1922.08
11642.17,8426.16928,1878.13
11614.98,8881.30425,1840.04
11753.9,8925.19641,1936.73
11708.73,8708.68989,1869.34
11636.25,8758.91265,1992.4
11831.75,9223.19182,2147.69
11938.18,9240.70648,2197.5
11763.95,8877.99827,2182.85
11743.52,8474.38735,2109.6
13140.22,8372.53503,2191.64
14655.88,8249.61588,2080.3
14338.85,7799.22886,2051.0
14250.45,6958.13831,2048.07
14040.17,6872.81589,2024.63
14061.8,6676.35627,2083.23
11872.83,6619.52155,2112.53
11590.0,6371.95992,2241.45
11931.0,6123.62455,2358.65
12885.08,6284.5273,2660.44
13308.33,6433.43708,2818.66
12019.3,6057.08291,2809.87
12353.52,6415.53555,2490.5
12396.37,6900.21332,2467.06
12209.6,6718.5251,2496.36
12829.0,7317.75156,2393.81
12532.17,7540.448,2414.32
12635.25,7684.43398,2393.81
12486.85,7768.45511,2399.67
11915.55,7186.67297,2519.8
12478.05,6785.48878,2713.18
12388.53,6640.86974,2760.06
11906.4,5736.89523,2774.71
12501.17,6051.31503,2751.27
11783.77,5606.97725,2710.25
11368.57,5062.47531,2672.16
11228.7,4865.7695,2598.91
11167.08,4863.09658,2581.33
11131.35,4658.23133,2572.54
11149.93,4956.57844,2663.37
11230.1,4660.30636,2821.59
11920.45,5283.9408,2991.53
11763.3,5035.11305,3085.29
11691.4,4993.01456,3152.68
11868.85,4971.6312,3208.35
12213.92,5530.02529,3331.41
11989.85,5448.8881,2941.72
12195.5,5833.19069,2639.93
12527.55,6533.46056,2540.31
11840.6,6536.52035,2455.34
12564.45,7079.26379,2399.67
12861.42,7857.92759,2341.07
12611.05,8080.87022,2276.61
12553.9,8027.69318,2344.0
12488.9,7696.91933,2484.64
12532.07,6939.77957,2651.65
12365.55,6685.88734,2604.77
12159.0,6190.86959,2593.05
11929.52,5715.23051,2572.54
11770.98,5610.42391,2490.5
11559.45,5128.24321,2499.29
11457.45,5084.63241,2493.43
11538.38,4561.12696,2531.52
12070.13,5215.3593,2637.0
12128.02,5059.09899,2666.3
12075.67,5198.40736,2815.73
12429.88,4908.07901,3129.24
13036.0,5757.71587,3252.3
13692.9,5400.98656,3290.39
13390.05,5808.21999,3264.02
13285.5,5717.65724,2801.08
13347.47,6641.01042,2590.12
13422.1,7640.11978,2499.29
13653.63,8912.18351,2355.72
13624.58,9928.31515,2241.45
13471.33,10849.83949,2235.59
13260.0,11074.6813,2168.2
13006.68,11115.93571,2215.08
12714.47,10384.78658,2426.04
12440.95,8988.67826,2560.82
12192.23,8268.99455,2625.28
12351.72,7384.22286,2563.75
12717.43,7127.76322,2511.01
14182.63,6637.49342,2373.3
13939.85,5731.93626,2355.72
13681.57,5315.41795,2335.21
13987.4,5044.85514,2379.16
13369.1,5407.52818,2443.62
12740.75,5182.54569,2472.92
12224.1,5280.84584,2695.6
12296.95,5593.71816,2959.3
12985.48,5700.67013,3102.87
13478.45,5673.72991,3111.66
13496.4,6023.00318,2991.53
13417.85,6152.88599,2622.35
13516.15,7259.75623,2449.48
13703.3,8085.65334,2387.95
13863.8,9230.64786,2273.68
13857.92,9884.80986,2191.64
13822.98,10630.97658,2124.25
13651.75,11017.14318,2135.97
13436.47,11139.32376,2115.46
13084.98,10609.31186,2402.6
12801.15,9357.57639,2481.71
12449.72,8441.60891,2554.96
12097.62,8085.82919,2405.53
12384.4,7351.62027,2396.74
14418.33,6240.2131,2314.7
14091.9,5802.27626,2220.94
13715.17,5391.06862,2297.12
13569.42,5188.55976,2302.98
13467.88,5194.89036,2405.53
12768.55,5327.09439,2399.67
13246.6,5395.4297,2540.31
13624.65,5745.51188,2971.02
13107.8,5941.12742,3061.85
12955.6,6083.14388,3184.91
13177.47,6148.03253,3099.94
13410.1,6399.99041,2713.18
13448.13,6814.64471,2511.01
13720.45,7989.04135,2253.17
13801.4,9275.10274,2250.24
13857.7,10133.63761,2141.83
13642.45,11058.57344,2127.18
13456.68,11571.77408,2109.6
13259.3,11889.28884,2168.2
12904.15,11766.93241,2188.71
12667.48,9938.97166,2411.39
12239.55,8630.29596,2511.01
11882.65,8482.12475,2408.46
11999.7,7551.7024,2376.23
14254.63,6730.94011,2267.82
14471.48,6342.10059,2197.5
14603.02,5743.71821,2220.94
14506.85,5616.40281,2370.37
14452.1,5512.5458,2426.04
13696.2,5352.38162,2434.83
13092.83,5514.09328,2554.96
12451.08,5714.87881,2716.11
13110.75,6064.46861,3009.11
13533.65,6355.25417,3029.62
13381.73,6363.80048,3038.41
13382.57,6604.2226,2593.05
13517.52,7269.14662,2358.65
13725.9,8761.02285,2197.5
13899.63,10023.76653,2080.3
13770.17,10599.35875,2045.14
13601.85,10976.09979,2065.65
13621.57,11503.57945,2024.63
13522.08,11696.76826,2074.44
13190.67,10949.37059,2179.92
12918.55,9786.15801,2420.18
12562.55,8913.09793,2373.3
12472.95,8230.44823,2338.14
13406.38,7820.68256,2267.82
14428.33,7123.82418,2174.06
14420.15,6258.43116,2124.25
14385.52,5797.00076,2135.97
13624.88,5678.05582,2130.11
13677.75,5575.00772,2218.01
13553.45,5432.46371,2256.1
13718.95,5563.99951,2446.55
13972.85,5952.59284,2716.11
12966.17,6239.54487,2824.52
13265.97,6245.38309,2976.88
13137.65,6387.11819,2891.91
13180.33,6987.64594,2522.73
13415.45,8103.23834,2168.2
13661.77,9430.8355,2112.53
13887.1,10802.53584,1963.1
13809.63,12170.89503,1901.57
13755.15,13325.03375,1872.27
13650.9,14167.07389,1816.6
13510.05,14368.45731,1886.92
13234.65,13534.64695,1907.43
12827.95,11916.33457,2007.05
12547.17,10717.03757,2179.92
12065.23,9625.18492,2109.6
13152.53,8752.01933,2191.64
14802.98,7792.72241,2059.79
14389.28,7386.12204,2106.67
14327.77,6772.79241,2130.11
13992.9,6174.72656,2092.02
14069.7,5903.21416,2080.3
14065.67,6063.55419,2226.8
13648.35,5871.66667,2250.24
13850.93,6225.58238,2326.42
13274.3,6891.42082,2487.57
13094.4,6749.72089,2572.54
12131.67,6778.98233,2540.31
12309.2,7069.76789,2276.61
12571.08,7291.30372,2203.36
12725.65,8230.16687,1983.61
13118.92,9738.15096,1863.48
13251.67,10393.61425,1872.27
13468.8,11436.82679,1804.88
14413.65,12286.92086,1857.62
14236.63,12392.71222,1799.02
13398.65,11114.49374,1886.92
13041.95,9778.35027,2024.63
12896.17,9290.54237,2124.25
12757.53,8572.93369,2130.11
12306.8,7729.76811,2232.66
12003.08,7253.39046,2156.48
11018.15,6518.58365,2112.53
10795.27,5702.32312,2165.27
10881.1,5705.38291,2127.18
11683.5,6130.51787,2176.99
11007.6,6006.08641,2223.87
10796.8,5609.93153,2317.63
11493.5,5662.7217,2402.6
12456.17,6599.19329,2525.66
12441.37,6425.13696,2590.12
12252.63,6621.87794,2534.45
12208.95,7309.41627,2045.14
12691.35,8973.44965,1998.26
13271.9,10704.72807,1889.85
13714.53,11940.28534,1913.29
14181.72,13232.92352,1872.27
15819.95,15132.45522,1784.37
15521.67,15874.40154,1781.44
14734.05,15114.51852,1784.37
14496.57,14392.90046,1875.2
14514.45,12920.26222,2089.09
13578.85,11702.67682,2267.82
13173.55,10017.78763,2188.71
12744.8,9077.0253,2314.7
12515.63,8661.87862,2229.73
12059.52,8147.86907,2203.36
12282.0,7821.35079,2162.34
12216.3,7807.52898,2182.85
12125.05,7516.14553,2273.68
12022.2,7112.32359,2302.98
12248.5,7296.22752,2423.11
12204.48,7924.8561,2593.05
12884.0,8289.99104,2757.13
13480.67,7865.52431,2771.78
13371.5,9106.2164,2686.81
13682.15,10108.38555,2373.3
14269.15,11889.46469,2261.96
14496.6,13738.77363,2138.9
14681.9,15140.50915,2053.93
14799.5,16012.61964,1971.89
14648.7,16826.76997,1957.24
15512.97,17705.49242,1930.87
15225.5,17528.55215,1951.38
14899.7,16056.75799,2127.18
14501.6,14176.6753,2370.37
14481.92,13130.54365,2355.72
14641.85,11783.39197,2329.35
14828.55,11057.30732,2241.45
15474.65,9498.7136,2241.45
15115.65,8858.68994,2229.73
15681.15,8780.01465,2138.9
14633.22,7920.95223,2156.48
14408.8,7550.11975,2209.22
13964.4,7337.5171,2323.49
14712.6,7389.32251,2396.74
15377.08,7984.04721,2619.42
14932.53,8369.15871,2701.46
14036.67,8000.04956,2859.68
14141.7,8304.12938,2721.97
14496.3,9019.90922,2458.27
14583.63,10759.9098,2259.03
14457.65,12639.99249,2174.06
14731.13,14084.84643,2100.81
14834.13,15484.68277,1998.26
14795.63,16496.27748,1936.73
14545.0,16961.75243,1919.15
14542.47,16412.67839,2036.35
15394.67,16059.74744,2109.6
13869.55,14038.56271,2238.52
13529.45,12391.05923,2297.12
13057.88,11253.80211,2229.73
14077.05,9509.54596,2320.56
16026.88,8346.29821,2285.4
15593.6,7441.09275,2209.22
15198.55,6919.48648,2256.1
15024.2,6431.50273,2165.27
15061.83,7318.56047,2203.36
14671.23,7034.80891,2326.42
13790.43,7237.77498,2288.33
13909.7,7489.02946,2628.21
14039.98,7744.57468,2663.37
13592.38,7882.75761,2812.8
13908.63,7780.16672,2821.59
14157.33,8443.40258,2382.09
14697.97,9708.22129,2294.19
14921.25,11087.79971,2086.16
14815.2,12248.44488,2089.09
14494.5,13028.44514,2004.12
14443.5,14109.11373,2048.07
14491.2,15575.3862,1892.78
14298.35,15560.2631,1963.1
13901.77,14617.32023,2174.06
13710.72,12885.69011,2302.98
13348.2,11739.64049,2341.07
13304.72,10651.09382,2326.42
14015.03,9240.31961,2338.14
15861.33,8894.73919,2291.26
15457.47,8458.06847,2223.87
15380.55,7456.32136,2127.18
15240.7,6914.7737,2220.94
15137.23,6625.57079,2171.13
14854.88,6326.52028,2253.17
14117.6,6386.76649,2376.23
13067.55,6409.97869,2581.33
13604.2,6900.49468,2862.61
14083.88,6917.05975,3281.6
14003.55,7051.33881,3407.59
13746.83,7233.83594,2950.51
14136.4,8301.38612,2754.2
14329.58,10307.30707,2563.75
14671.52,12192.52458,2458.27
14788.88,14404.40105,2361.58
14708.55,15464.70621,2300.05
14666.88,16349.02069,2297.12
14503.58,16278.4345,2326.42
14131.13,15309.32515,2402.6
13882.9,13674.83457,2566.68
13506.45,12270.39096,2724.9
13068.55,11458.91355,2619.42
13094.88,10394.00112,2639.93
15659.95,8923.6841,2666.3
15477.63,7931.08119,2590.12
15424.47,7249.38108,2569.61
15313.85,7151.39746,2554.96
15341.02,6967.28251,2554.96
15156.02,6973.75379,2516.87
15184.18,7227.57568,2686.81
15650.43,7395.8993,2842.1
14579.52,7951.65564,2985.67
13758.92,7671.94863,3085.29
13849.73,8218.20907,2912.42
13645.52,8857.2128,2812.8
13967.28,9229.38174,2651.65
14148.67,10395.61894,2475.85
14265.68,11618.16331,2437.76
14586.38,12901.16491,2294.19
14620.42,14727.47267,2294.19
14415.75,15444.34278,2273.68
14204.3,15201.31808,2270.75
13801.4,14224.54167,2379.16
13527.88,12299.93376,2475.85
13273.5,11052.77039,2625.28
12835.38,10720.69525,2610.63
12576.63,9457.63504,2657.51
13942.35,7980.63572,2595.98
14851.92,7001.15122,2625.28
15347.2,6763.68338,2537.38
15384.52,6976.91909,2569.61
15346.65,6917.86866,2598.91
15252.75,7110.77611,2657.51
15208.88,7694.1409,2628.21
15395.3,7689.67431,2739.55
14995.85,7897.00146,2847.96
12929.27,7747.07175,2959.3
12296.22,7636.60278,2818.66
14140.73,9689.75704,2493.43
14226.2,10920.35534,2431.9
14046.22,11279.54655,2554.96
14451.2,12373.36872,2469.99
15237.95,13295.6668,2408.46
15276.02,13660.34453,2402.6
15347.57,14097.43729,2367.44
15170.35,13654.22495,2423.11
15050.15,12877.24931,2598.91
15018.98,11759.96875,2680.95
14250.6,10881.17596,2654.58
13586.55,9632.46511,2692.67
13342.57,9123.06283,2686.81
13006.13,8460.91724,2607.7
12560.9,7975.92294,2642.86
12155.77,7462.51128,2601.84
11934.05,7174.46898,2648.72
11187.88,6746.69627,2675.09
11820.2,6942.03045,2730.76
12071.63,7274.59797,2754.2
12307.03,7307.23573,2824.52
12479.12,7388.30258,3079.43
12598.95,7403.77738,3140.96
12525.33,7492.75748,3029.62
12722.23,8092.86319,2581.33
13300.5,9729.7805,2499.29
14117.03,11441.5044,2379.16
15069.88,13235.98331,2379.16
15348.13,14248.56278,2385.02
15488.97,15192.7366,2273.68
15439.23,15643.65117,2229.73
15451.4,15505.92545,2244.38
15135.45,14336.06574,2373.3
15014.4,12896.1356,2440.69
14612.27,11748.64401,2613.56
13553.48,10761.00007,2616.49
13176.8,10147.42425,2572.54
13081.8,9616.04072,2563.75
12615.05,8294.95001,2584.26
12567.27,7631.22177,2625.28
12231.32,7265.10207,2575.47
12071.4,7075.39509,2710.25
12035.17,6816.68457,2698.53
12169.78,6824.24612,2856.75
12578.13,7201.4092,3014.97
13173.48,7276.95436,3073.57
13435.1,7349.01769,3146.82
13012.05,7258.49011,2997.39
12928.3,7591.47967,2733.69
13268.17,8614.99701,2540.31
13125.27,9681.07005,2408.46
13538.45,11242.68839,2349.86
13927.63,13152.77109,2385.02
13936.78,14169.11375,2279.54
13837.9,14944.82327,2218.01
13689.4,15245.45643,1883.99
13540.55,14463.02944,1963.1
13407.85,13077.15559,1998.26
13282.3,11975.24432,2232.66
14066.48,10847.4831,2185.78
14388.6,10041.87908,2174.06
15493.25,8033.1797,2229.73
15279.45,7628.68953,2115.46
15120.35,7425.51244,2071.51
15057.6,7347.85708,2036.35
14903.05,7350.95204,2012.91
14827.77,7239.53348,2036.35
13080.48,7306.98954,2188.71
12799.62,7659.00607,2326.42
13447.47,8292.98049,2472.92
14038.25,8205.68855,2522.73
14172.75,8229.99102,2405.53
14637.22,8853.48478,2106.67
14501.45,9445.29037,1995.33
14520.2,10423.22739,1872.27
14777.32,12324.6231,1804.88
14981.88,13298.37489,1684.75
14778.5,14293.82657,1758.0
14989.72,14726.31206,1743.35
15609.25,15357.6839,1819.53
15128.15,14554.57695,1930.87
14001.4,12728.33953,1986.54
13627.82,11896.07665,2118.39
13133.85,10776.26385,2065.65
12678.77,9669.60463,2068.58
15086.7,8580.98762,2062.72
15739.25,7803.62511,2027.56
15216.02,7284.34006,2045.14
14985.33,7199.79138,1966.03
14920.38,7119.21691,2009.98
14900.02,7041.70223,1974.82
14839.92,7242.5581,2053.93
14518.33,7735.60633,2323.49
12983.42,8044.32859,2426.04
12894.2,8279.58072,2379.16
13827.6,8529.11187,2396.74
13755.57,8556.47413,2144.76
14244.05,9289.94448,1974.82
14613.6,11275.8537,1787.3
14837.0,13141.76288,1722.84
14837.75,14092.90036,1693.54
15752.95,15265.25714,1670.1
15575.15,15672.70159,1614.43
15117.85,15682.16232,1790.23
14189.15,14875.22184,1728.7
13855.15,13304.811,1837.11
13447.72,12328.31595,1898.64
12909.27,11261.01196,2062.72
14198.73,10169.65169,1989.47
16264.75,9065.91158,2039.28
15814.88,8074.46928,2015.84
15297.9,7429.94386,1986.54
14599.15,7101.20987,1960.17
14624.77,6946.39153,1998.26
14649.7,6763.78889,2100.81
14485.13,7090.20166,2223.87
14846.98,7367.62262,2402.6
13413.08,7558.13851,2487.57
13508.85,7633.6485,2613.56
13821.35,7824.76228,2622.35
14434.5,8547.22442,2179.92
14483.45,9997.03733,2033.42
14494.02,11730.32044,1837.11
14780.0,13914.20159,1801.95
14703.83,14869.80566,1799.02
14464.4,16161.52942,1804.88
14406.0,16573.93284,1760.93
14319.28,16813.51088,1725.77
13843.83,16201.13084,1869.34
13471.25,14163.80308,1936.73
13173.07,12466.14718,1983.61
12895.72,11513.6029,2092.02
12820.17,10365.44308,2176.99
13979.07,9366.22821,2156.48
16108.98,8009.22893,2176.99
15443.88,7336.14547,2144.76
15291.6,7106.94258,2168.2
15733.13,7104.34,2191.64
15727.85,6980.57677,2250.24
15636.3,6765.68807,2294.19
15931.52,7065.82885,2578.4
14276.83,7080.52991,2733.69
13876.05,6972.90971,2783.5
13825.25,7162.44084,2806.94
14326.7,7910.75293,2423.11
14078.8,9238.4556,2273.68
14079.05,10349.61658,2370.37
14449.1,12749.75806,1977.75
14870.38,14184.13134,1936.73
14676.88,14991.59937,1851.76
14477.4,15484.57726,1898.64
14227.28,15446.91019,1913.29
13686.93,14706.86305,1942.59
13372.03,13395.40892,2036.35
13058.42,12222.80595,2138.9
12757.03,11499.28871,2200.43
14156.85,10512.20749,2174.06
16228.38,9440.29623,2068.58
15550.13,8345.27828,2094.95
15403.38,7723.15615,2071.51
14457.65,7500.60039,2112.53
14285.45,7526.06347,2159.41
14271.92,7228.20874,2308.84
14268.45,7316.13374,2297.12
14280.13,7624.82083,2270.75
12985.67,8037.25942,2396.74
12953.67,8199.92067,2469.99
12610.52,7974.97335,2302.98
12498.33,8304.09421,2138.9
12797.83,9296.38059,1960.17
13679.42,10768.87815,2004.12
14975.42,12132.06735,1948.45
15318.9,13252.4077,1886.92
15218.2,13784.49463,1842.97
14997.17,13517.51916,1872.27
14966.23,13322.50151,1886.92
14695.95,12573.52119,1960.17
14650.75,11710.27354,2030.49
13382.15,10361.50404,2074.44
13208.2,9524.17668,2092.02
13097.3,9315.79443,2012.91
12698.4,7854.02372,2194.57
12152.95,7209.21694,2112.53
11719.55,6801.66698,1989.47
10871.78,6309.46283,1966.03
11585.48,6522.59303,2030.49
11518.33,6843.62479,2045.14
11521.98,6911.6084,2138.9
11706.05,7006.95427,2147.69
12038.17,7502.56991,2361.58
12203.2,7379.61559,2300.05
12250.95,7449.25219,2206.29
12500.3,7954.64509,1898.64
13074.88,9261.49195,1863.48
14447.17,11096.76806,1760.93
14559.77,12420.77788,1801.95
15083.92,13281.73948,1760.93
15336.6,13993.29892,1758.0
15344.97,14426.734,1749.21
15220.48,14501.75161,1769.72
15114.07,13804.54153,1749.21
14919.62,12381.45782,1863.48
14219.22,11217.40116,2089.09
13442.88,9994.89196,2094.95
13244.72,9840.28464,2083.23
13049.9,9084.09447,2156.48
12637.95,8142.62874,2317.63
12647.58,7441.69064,2191.64
12253.85,7004.38686,2153.55
12173.13,6900.7057,2297.12
11777.45,6594.86738,2323.49
11915.35,6800.57671,2428.97
12444.03,6954.83233,2733.69
13166.15,7198.03288,2815.73
13829.8,7076.83706,2938.79
13971.4,7149.14658,2962.23
14242.63,7755.02017,2719.04
14785.47,8818.73682,2449.48
14590.05,10316.73263,2344.0
14702.67,11634.79872,2141.83
14618.2,12915.93631,2174.06
14592.17,13965.09258,2094.95
14484.98,14555.13967,2074.44
14417.15,14846.20659,2112.53
14078.73,14152.61902,2218.01
13818.3,12552.59504,2294.19
13720.02,11139.92165,2358.65
13939.8,10036.92011,2519.8
14005.28,9513.09813,2505.15
15827.15,8430.49519,2519.8
14931.13,7486.84892,2443.62
14590.95,6967.31768,2379.16
14594.65,6612.87442,2408.46
14543.72,6494.4922,2352.79
14472.68,6248.26703,2502.22
13604.98,6480.00216,2622.35
12870.65,6664.22262,2912.42
13494.58,6858.60721,3114.59
13970.52,6866.02808,3102.87
13861.57,7003.61312,3199.56
13846.48,7418.0564,2733.69
14161.67,8480.40142,2478.78
14673.95,9855.47808,2396.74
14815.72,11627.41302,2206.29
14803.88,13092.80624,2256.1
14678.97,14055.37397,2209.22
14904.23,15134.21372,2188.71
15495.17,15406.39435,2133.04
14257.9,14088.50411,2364.51
13797.17,12581.68063,2352.79
13653.25,11202.62976,2390.88
13112.67,10352.67637,2607.7
13685.15,9308.37356,2651.65
15839.78,8891.71457,2487.57
14246.23,7732.1245,2531.52
13783.85,6995.03164,2496.36
13500.5,6428.44294,2472.92
13538.8,6595.04323,2493.43
13415.58,6175.25411,2549.1
13566.17,6202.68671,2724.9
14161.38,6588.71263,2927.07
13836.88,6574.25776,3102.87
13489.22,6804.48058,3179.05
13809.25,6857.0949,3091.15
14260.67,7422.48782,2748.34
14278.23,9031.656,2493.43
14686.9,10262.74668,2437.76
14828.98,11859.49985,2288.33
14692.85,13016.45217,2294.19
14721.1,13992.17348,2244.38
14613.07,14398.07045,2238.52
14303.15,14629.13735,2317.63
13854.25,13868.33991,2329.35
13639.95,11870.89493,2475.85
13252.1,10595.6659,2572.54
12901.95,10006.2167,2707.32
12309.63,8935.07918,2839.17
13947.03,8289.07662,2707.32
15145.28,7441.65547,2751.27
14471.18,6881.96009,2742.48
14426.4,6801.73732,2680.95
14259.25,6427.88022,2748.34
14274.17,6014.31619,2792.29
14280.97,6052.4053,2915.35
14444.5,5754.93744,3199.56
14960.4,6264.09353,3428.1
14312.67,6393.34328,3369.5
14354.17,6288.85321,3521.86
14277.92,6997.14184,3105.8
14342.77,7801.65559,2859.68
14676.55,9161.82017,2751.27
15015.6,10735.11495,2499.29
15078.73,11874.30642,2458.27
15017.95,13122.17319,2402.6
14883.77,13808.97295,2426.04
14673.32,14136.65184,2399.67
14011.12,13428.08185,2426.04
13517.42,12105.19747,2610.63
13265.45,10727.76442,2619.42
12895.13,9830.015,2842.1
12410.27,9107.79905,2830.38
12412.53,8107.81044,2850.89
15432.33,7430.68243,2783.5
15101.63,6914.422,2812.8
14891.1,6752.67517,2727.83
14832.78,6493.01506,2836.24
14831.35,6117.99735,2900.7
14825.68,6168.85317,3017.9
15192.1,6578.23197,3149.75
15531.35,7454.24633,3334.34
14311.85,7017.54044,3384.15
13611.1,7407.57574,3390.01
13797.77,8178.53731,2991.53
14274.72,9447.22472,2771.78
14501.07,10679.44084,2622.35
14465.45,12231.14124,2528.59
14488.63,13458.32805,2522.73
14516.67,14575.53827,2405.53
14412.88,14971.55247,2408.46
14241.3,15001.30629,2437.76
13875.63,14378.34008,2552.03
13778.13,13327.03844,2771.78
13487.63,11965.22087,2719.04
13046.57,10279.38209,2786.43
14594.5,9500.15557,2704.39
16146.88,9160.27269,2572.54
15350.28,8042.99213,2578.4
14648.83,7170.14307,2499.29
14340.05,6891.52633,2431.9
14367.1,7087.03636,2590.12
14181.3,6691.33869,2575.47
14070.6,6730.06086,2651.65
14261.58,6684.97292,2692.67
13337.7,7436.48548,2824.52
12571.83,7187.83358,2871.4
12768.47,7636.18074,2730.76
12997.0,8871.31597,2408.46
14083.3,10720.58974,2355.72
14341.08,12215.84229,2147.69
15077.5,13414.78759,2039.28
15308.38,14763.41641,2056.86
15324.27,15104.1082,1954.31
15458.75,15660.11073,1878.13
15263.7,15874.61256,1875.2
15141.83,15118.10586,1916.22
14881.95,13726.35862,2056.86
14571.1,13043.67375,2215.08
14255.38,12297.1905,2138.9
13810.25,11483.95459,2168.2
12831.1,10791.42212,2086.16
12651.47,9868.03377,2086.16
12363.48,9220.90577,2124.25
12132.67,9281.43334,2030.49
12113.17,9357.43571,2048.07
12142.7,9270.53064,2133.04
12123.7,9169.62791,2182.85
12453.92,9607.21305,2130.11
13353.53,9774.58708,2349.86
13054.73,8969.58095,2505.15
12651.45,8782.93376,2370.37
12504.8,9102.3477,2094.95
13580.48,10843.6144,2048.07
14438.2,12695.42041,2007.05
14928.85,14011.79834,1971.89
15348.25,15015.79633,1790.23
15511.02,15872.85406,1828.32
16333.63,16679.90005,1772.65
15988.43,16602.94809,1840.04
15526.23,15731.11896,1816.6
14753.85,14142.27904,1910.36
14417.2,12505.7486,2033.42
14218.85,11729.01915,2147.69
13977.5,11123.74345,2168.2
13431.13,10248.81936,2206.29
12421.88,8326.1458,2267.82
12391.13,7709.6157,2209.22
12248.97,7456.07517,2226.8
11987.85,7141.09265,2232.66
11971.15,6896.45013,2379.16
12075.6,6902.28835,2440.69
12471.25,7109.89686,2672.16
13109.77,7378.49015,2736.62
13600.4,7075.64128,2847.96
13561.38,7403.60153,2751.27
13899.15,8314.82106,2399.67
14472.65,10138.28005,2174.06
15001.33,11848.52681,2062.72
15174.08,13481.32923,1992.4
15365.0,14772.98265,2009.98
14734.75,15188.12933,1945.52
14527.67,15239.75889,1995.33
14353.33,15078.53961,1913.29
13964.63,14650.62622,1986.54
13818.73,13139.68785,2112.53
13520.48,12329.30071,2197.5
14391.85,11284.43518,2317.63
14893.83,10356.72092,2329.35
15647.13,8881.44493,2206.29
15175.9,8072.28874,2259.03
15123.67,7453.01538,257.84
14896.55,7179.74448,246.12
14680.9,6920.82294,272.49
14438.63,6812.14764,295.93
13330.47,6938.93549,345.74
12932.4,7146.57917,489.31
13534.77,7377.08335,583.07
13751.02,7479.39288,609.44
12951.13,7477.28268,577.21
13291.95,7906.25117,518.61
13709.13,8747.72859,460.01
14019.1,9451.48029,477.59
14343.0,10368.36219,416.06
14662.08,12186.61602,413.13
14955.53,13968.29305,398.48
14836.25,15062.99447,366.25
14439.95,14179.34822,383.83
14301.95,13351.72778,442.43
14283.22,12708.11678,424.85
13665.02,11726.10004,416.06
14808.08,11031.63322,345.74
16215.2,10275.65407,331.09
16316.25,9714.48155,295.93
15170.73,8251.02268,295.93
14261.25,7526.0283,290.07
14167.7,7640.29563,287.14
13985.92,7347.92742,313.51
13835.35,7145.73509,348.67
13967.97,7169.65069,380.9
13880.08,7567.14203,553.77
12933.77,7662.59341,638.74
13355.25,7355.31312,691.48
13546.3,7300.13139,665.11
13641.48,7938.5724,612.37
13925.3,8608.9126,574.28
14412.98,9192.06637,542.05
14580.13,9493.47327,530.33
14566.1,9897.64691,509.82
14745.15,10300.9413,503.96
14676.1,10483.01639,483.45
14345.3,10448.93666,486.38
13983.85,10173.06318,489.31
13636.55,9355.9234,518.61
13468.38,8412.87502,530.33
12607.9,7642.05413,501.03
13447.38,6904.60957,451.22
14956.18,6464.87906,416.06
14301.08,6141.13921,392.62
14325.35,5770.3419,383.83
13472.52,5670.88114,389.69
13365.3,5549.57981,410.2
13266.08,5429.08739,445.36
13744.17,5408.89981,492.24
13833.83,5472.27615,665.11
13771.17,5914.25754,873.14
14281.5,5830.37709,925.88
14299.7,5903.74171,861.42
13951.38,6572.32341,788.17
14228.58,7013.67174,711.99
14453.82,7712.74583,673.9
14781.08,8093.98863,656.32
14796.92,8564.38738,609.44
14837.98,8864.98537,583.07
14530.0,9079.31135,586.0
14262.9,9211.58572,571.35
13899.8,8898.39687,594.79
13528.6,8284.39901,574.28
13113.88,7624.18777,568.42
12667.8,7288.41978,506.89
12637.47,6974.87923,460.01
14228.3,6237.71603,416.06
13967.63,5825.59397,418.99
13872.35,5579.33363,392.62
13855.32,5389.27495,392.62
13761.18,5145.05447,421.92
13821.58,5305.21865,498.1
13920.9,5371.72512,527.4
14679.03,5680.58806,709.06
14946.9,6020.08407,843.84
14189.88,5932.40526,902.44
14128.75,6142.96805,858.49
13458.8,6342.2061,785.24
13855.9,7015.14888,694.41
14308.35,7995.5478,635.81
14463.17,8825.41912,597.72
14467.7,9834.72778,568.42
14508.92,10251.59779,550.84
14247.72,11119.62856,518.61
13906.77,11178.67899,509.82
13492.85,11105.24403,506.89
13235.35,10103.32107,492.24
12888.95,9081.52706,553.77
12963.18,8061.13985,471.73
13458.17,7435.53589,404.34
14335.8,6608.90021,363.32
13993.4,6188.40769,351.6
14172.23,5902.86246,345.74
13275.88,5795.84015,345.74
13501.75,5844.37475,366.25
13504.68,5728.4896,380.9
12264.53,5710.62324,398.48
12251.7,5696.73109,418.99
12627.5,5981.74877,556.7
12740.48,5970.38886,606.51
12417.05,6216.19199,588.93
12368.38,6645.54735,542.05
12812.55,7618.20887,501.03
13134.47,8491.26895,477.59
13510.6,9253.43802,445.36
14234.6,9928.66685,445.36
14687.5,11089.03066,413.13
14554.15,11219.05415,398.48
14349.58,11197.63562,392.62
13344.65,10431.94955,383.83
13539.92,9603.97741,416.06
13346.35,8848.73683,395.55
12917.43,8404.75075,375.04
12400.45,7713.8361,386.76
12100.98,6925.3247,380.9
11671.45,6347.41126,354.53
11254.83,5665.60564,360.39
10559.15,5083.29595,354.53
10637.48,5008.38385,354.53
11058.62,5103.65938,392.62
11564.55,5598.95849,401.41
11644.23,5554.15191,448.29
11356.2,5217.50467,474.66
12121.8,5502.17065,539.12
12207.42,5877.39938,533.26
12266.4,6242.56949,492.24
12566.0,7201.0575,445.36
13274.2,8792.32415,465.87
14218.95,10932.06695,383.83
14440.08,12194.28308,392.62
14672.97,13200.0044,348.67
14774.75,14034.34231,331.09
14967.55,14491.69299,319.37
14908.35,13955.66702,336.95
14900.55,12832.23171,357.46
14628.75,11808.04614,342.81
14118.27,10721.39865,313.51
13597.25,10081.44533,319.37
12532.77,9049.76855,310.58
12226.35,8295.68858,310.58
12536.65,8012.39423,307.65
12419.27,7863.13275,310.58
12238.45,7592.64028,307.65
12102.93,7025.27784,383.83
12061.67,6898.27897,442.43
12626.73,6988.41968,632.88
13378.05,7334.0001,688.55
13675.38,7358.83012,711.99
13656.08,7664.77395,656.32
13784.73,9104.00069,571.35
14084.95,11065.99431,518.61
14367.07,12876.37006,471.73
14629.0,13786.92136,457.08
14808.5,14617.10921,413.13
14839.35,15722.32646,386.76
14738.9,16414.5424,372.11
14676.95,16595.38654,401.41
14395.9,16161.6701,416.06
14069.45,14365.92507,421.92
15315.48,12501.66888,416.06
15763.0,12660.8483,366.25
15479.97,10826.94382,348.67
15589.63,8936.13428,304.72
15018.95,7967.37663,281.28
14865.05,7438.17364,281.28
14573.83,6951.49118,290.07
14286.3,6962.07735,307.65
14251.6,6672.94478,336.95
14079.98,6834.69161,383.83
14489.88,6974.45719,562.56
13148.27,7161.13955,670.97
13501.85,7050.74092,720.78
13463.3,7493.6719,668.04
14156.73,9396.75577,542.05
14578.17,11683.86087,477.59
15090.35,13503.55667,424.85
15450.27,14882.67788,363.32
15772.0,16308.99723,366.25
15835.4,17418.96243,334.02
15681.38,18092.64378,319.37
15548.02,18649.20903,301.79
15136.1,18269.7599,325.23
14757.3,16313.39348,372.11
14468.62,14473.26391,386.76
14038.08,13193.91999,336.95
13559.78,11781.56313,298.86
15319.38,10010.82397,263.7
15171.6,9501.66788,257.84
14840.58,9140.29613,260.77
14648.15,8916.57976,260.77
14343.75,8218.03322,325.23
14149.05,8060.40128,383.83
14261.4,7890.0378,348.67
10818.42,6046.00436,427.78
3353.18,0.0,5.86
10105.48,8638.66642,445.36
14048.9,9444.79799,536.19
14733.7,12379.66415,457.08
15133.9,14985.55013,369.18
15732.35,16766.91063,342.81
16039.52,18220.83843,319.37
16038.48,19291.27255,307.65
16097.65,19957.60337,284.21
16092.38,20477.16978,243.19
15914.88,20328.18966,237.33
15520.17,19473.34764,272.49
15094.3,17773.75739,313.51
14691.4,16121.29494,357.46
14338.98,14558.05878,325.23
14242.4,12867.15552,284.21
16587.6,10991.71527,269.56
15087.13,9487.42403,266.63
14312.83,8693.95366,257.84
14120.42,8535.759,254.91
13636.33,8593.75433,260.77
13987.75,8318.30289,287.14
13727.5,8259.70967,331.09
14556.1,8911.51528,495.17
15256.2,9208.9128,542.05
15713.47,9268.10391,577.21
16319.22,10921.86765,471.73
15598.95,13624.40079,398.48
16295.53,16207.49661,331.09
16575.15,18259.31441,342.81
16881.75,19560.18237,295.93
17170.9,20478.50624,266.63
17286.88,21545.8454,251.98
17209.8,22004.39186,249.05
16899.32,21920.47624,225.61
15589.83,21144.13366,249.05
15232.73,19475.0358,310.58
14757.95,17726.24272,316.44
14260.03,15964.33123,266.63
15264.45,14558.37531,254.91
16145.63,13051.2353,243.19
15534.38,10841.5042,251.98
14794.45,9406.95507,249.05
14523.52,9159.88582,246.12
14204.9,8998.03348,260.77
14726.6,8686.00524,281.28
14786.7,8617.0017,375.04
15287.28,8534.17635,480.52
14885.67,8656.28659,547.91
14440.9,8739.11194,591.86
14329.38,8966.09912,544.98
15035.8,10700.1208,457.08
15920.68,13428.50389,401.41
15579.03,15334.26068,377.97
15902.43,17351.99875,301.79
16108.55,19117.18105,298.86
16147.75,20254.36783,287.14
16115.1,20765.63412,246.12
15784.27,20980.69867,251.98
15589.98,20539.17449,231.47
15156.42,18600.25239,293.0
14805.88,17084.00335,281.28
14312.6,16052.39691,313.51
13890.48,13935.7608,357.46
15377.58,11732.74717,237.33
15890.17,10646.24036,243.19
15223.4,9328.73699,249.05
14775.4,8680.69457,249.05
14468.9,8330.19035,272.49
14597.02,8099.2993,298.86
14524.53,8206.25127,298.86
14515.23,8478.81877,319.37
14099.95,8675.87628,404.34
12970.85,8429.75662,439.5
12541.2,8928.43205,430.71
13694.83,11759.23018,342.81
14408.72,14783.0061,298.86
15066.5,16384.85892,272.49
16133.93,17913.94501,254.91
16329.18,18832.44473,240.26
16305.33,19395.9033,243.19
16226.88,19595.84475,237.33
16227.48,19818.85772,208.03
16133.45,19291.30772,208.03
15878.23,17792.81953,231.47
15025.78,16068.85647,287.14
14412.25,14533.93216,260.77
14168.55,13120.37952,237.33
13758.0,11431.12925,251.98
12457.35,9823.64923,254.91
12100.8,8812.75792,263.7
12028.28,8909.15889,249.05
12057.78,8647.14239,266.63
11930.35,8551.83169,284.21
11959.07,8795.10258,301.79
12188.85,8472.06613,307.65
12454.13,8642.71097,377.97
13108.1,8568.43193,383.83
13017.93,9434.24699,366.25
13389.83,11068.45621,339.88
14020.75,13354.61172,310.58
14982.25,15340.0989,272.49
15950.92,17369.33756,251.98
15937.35,18212.39763,249.05
16227.9,19151.92901,240.26
16327.75,19699.87761,210.96
16135.15,19829.9011,208.03
15921.77,19339.49062,202.17
15575.42,17604.58969,234.4
15099.13,16163.56928,287.14
14114.92,14458.42217,257.84
14031.52,13331.22367,237.33
13759.5,11665.92417,254.91
13218.3,10459.45249,257.84
12720.47,9535.14972,254.91
12189.5,8649.81531,251.98
12146.25,8420.50691,281.28
12177.2,8503.43777,310.58
12322.6,8187.61117,357.46
12722.6,8132.64046,521.54
13311.9,8684.1764,565.49
14109.38,8801.96073,559.63
14935.58,10429.3118,501.03
15158.38,11788.17509,430.71
15834.8,14309.82892,392.62
15715.75,17032.33862,304.72
15798.65,18699.46696,293.0
16026.92,19959.43221,257.84
16106.02,20834.0046,228.54
15944.2,21292.72691,231.47
15814.47,21531.98842,254.91
15373.98,20854.36803,219.75
14906.48,18743.92184,301.79
14623.53,16971.35384,345.74
13977.5,15172.02147,307.65
13545.95,13203.59174,287.14
15835.4,10338.15116,278.35
15593.02,9344.03594,266.63
15576.95,9030.81192,260.77
15417.35,8465.45417,254.91
15008.75,8099.86202,287.14
14729.95,7421.18653,307.65
14712.8,7243.75388,386.76
14861.0,7723.57819,501.03
14770.55,8156.45055,568.42
14040.9,7646.59106,635.81
14064.25,7985.80571,586.0
14767.77,9995.70087,477.59
15545.82,12962.29037,395.55
15996.3,15258.18797,322.3
16286.08,17570.79132,307.65
16390.65,19167.96653,301.79
16360.17,19759.27974,275.42
16349.52,20202.52725,263.7
16024.58,19756.60682,263.7
15561.3,19275.58673,266.63
15217.33,18037.84892,307.65
14842.48,16426.42986,342.81
13956.6,14390.1572,322.3
14073.0,12837.57755,266.63
16185.97,11240.57819,260.77
15674.5,10236.15816,260.77
15346.53,9460.55415,257.84
14965.68,8924.45784,257.84
14821.45,8398.42015,260.77
14610.08,8387.41194,295.93
14571.25,8035.78228,328.16
15009.83,8318.12704,471.73
14547.02,8772.48827,542.05
13508.1,8374.46938,580.14
13878.75,8674.64533,574.28
14077.75,8999.6513,530.33
14202.77,9343.57873,498.1
14398.45,9032.32423,468.8
14846.25,10317.40086,413.13
14737.4,11079.85129,395.55
14801.52,11561.60995,386.76
14931.82,11881.16457,421.92
15164.73,12166.21742,427.78
14649.9,11677.38959,410.2
14355.1,10649.65185,430.71
14160.38,9864.34092,386.76
14063.72,9298.35011,366.25
13366.78,8658.00992,369.18
15316.47,8113.89485,307.65
14796.48,7450.72933,301.79
14433.83,7117.21222,293.0
14313.28,6846.93077,295.93
14066.67,6453.90602,310.58
13981.13,6389.61526,339.88
13284.32,6553.29644,386.76
12687.63,7024.18757,565.49
13357.53,7260.1431,656.32
13738.63,7106.73156,691.48
13628.75,7419.28735,635.81
13866.98,7987.35319,550.84
13958.63,9189.2176,495.17
14326.85,10445.10313,451.22
14742.0,11531.25824,436.57
14850.25,12271.37572,468.8
14993.38,13148.26933,401.41
14884.55,13930.80183,395.55
15376.73,14077.35522,424.85
15363.75,13800.42664,395.55
14927.6,12645.90105,416.06
13829.97,11395.57238,445.36
13274.7,10498.77255,345.74
14392.03,9657.15445,328.16
15116.78,8195.87612,304.72
14670.67,7228.20874,290.07
14290.45,6470.68211,319.37
13777.38,6155.24238,295.93
13563.17,6012.13565,310.58
13429.7,5782.79208,342.81
13576.17,5874.93748,401.41
14127.3,6092.71012,583.07
12954.67,6557.05963,720.78
13102.87,6202.47569,753.01
13030.63,6887.48178,665.11
13177.35,7908.08001,588.93
13704.55,8960.43675,518.61
14124.83,10350.21447,477.59
14260.57,11733.38023,442.43
14469.42,13265.4206,416.06
14550.6,14684.77629,363.32
14421.65,15151.13049,357.46
14081.02,15489.46589,351.6
13802.52,15099.60644,395.55
13432.68,13689.07842,363.32
13217.82,12255.05684,336.95
12907.65,10991.29323,316.44
14000.92,9950.54259,293.0
15369.88,9157.70528,269.56
14697.65,7757.62275,260.77
14357.83,7417.77504,260.77
13969.63,6802.96827,269.56
13721.27,6556.60242,284.21
13689.35,6460.30696,307.65
13656.02,6524.14051,325.23
14007.92,6661.5497,322.3
12375.3,6659.82637,471.73
12158.5,6720.95183,457.08
12051.8,7565.80557,427.78
12499.22,9139.10035,366.25
13624.27,11579.75767,334.02
14893.55,13756.42897,304.72
16149.03,15958.21165,281.28
15619.25,16357.39115,260.77
16387.3,18056.10215,240.26
16129.6,18305.59813,251.98
15551.35,17650.94375,240.26
15369.42,17063.85094,240.26
15381.88,16013.78025,243.19
15114.08,14752.79507,295.93
14552.6,13392.94702,278.35
14019.85,11981.92662,246.12
12728.8,9862.96929,260.77
12015.53,8519.9325,249.05
11751.13,7864.96159,257.84
11416.97,7209.28728,257.84
11413.13,7087.1067,266.63
11397.1,7104.93789,293.0
11313.55,7207.95082,290.07
11587.1,7224.51589,319.37
11950.43,7347.39987,366.25
12000.17,7403.6367,389.69
11923.45,7562.32374,386.76
12288.63,8359.909,342.81
13445.5,10539.92145,325.23
15283.38,13362.91184,290.07
15395.02,15196.32394,254.91
16020.42,16495.53891,254.91
16259.2,17555.8089,251.98
16196.8,17903.85122,240.26
15927.05,17722.72572,231.47
15195.18,16380.39233,240.26
14628.2,14991.38835,237.33
14527.42,14089.8054,246.12
14262.13,13073.35723,254.91
13801.1,12038.76134,237.33
13539.73,11098.06935,263.7
12732.45,9741.28109,257.84
12290.63,8744.77431,254.91
12154.85,8171.43297,246.12
12043.55,7857.78691,278.35
11846.52,7444.11737,316.44
11870.85,7377.47022,372.11
12486.17,7760.64737,533.26
13103.98,7958.83032,574.28
13613.28,7754.70364,591.86
13779.42,8368.56082,542.05
14343.3,9292.89876,498.1
15089.7,11636.06484,416.06
15645.98,13986.79247,336.95
15687.38,14895.69078,328.16
14292.75,12777.99957,281.28
15878.82,15582.91258,281.28
15822.32,15775.53867,290.07
14967.92,15588.61012,360.39
14095.25,15417.57841,357.46
13760.55,13920.53219,360.39
13638.92,12713.63847,345.74
13056.8,11299.48794,316.44
12573.15,9909.53437,304.72
13300.55,8942.39454,281.28
15065.42,7820.57705,260.77
14863.08,7386.50891,254.91
14770.18,7086.86051,260.77
15105.17,7280.64721,260.77
14060.58,6986.48533,295.93
13910.0,6805.43017,345.74
14411.7,6964.57442,489.31
14244.25,7408.94737,588.93
13333.05,7397.3061,612.37
13629.63,7857.64623,571.35
14313.9,9145.53646,483.45
14787.15,10541.78546,439.5
14889.32,10532.7116,430.71
14567.23,10760.57803,392.62
14673.22,11736.26417,377.97
14638.15,12535.25623,339.88
14537.75,12943.43925,342.81
14218.98,12487.4602,348.67
13885.23,12182.11426,389.69
13684.75,11845.15049,389.69
13527.15,11454.5173,363.32
13523.35,10248.85453,339.88
14086.42,9439.83902,331.09
15252.55,8606.4507,278.35
14906.38,7644.93807,272.49
14424.65,7094.66825,269.56
14038.55,6765.75841,269.56
14005.83,6838.38446,275.42
13853.9,6624.51569,310.58
13663.83,6748.56028,357.46
12317.63,7008.53692,498.1
13160.73,7574.14086,577.21
13613.05,7639.02951,618.23
13283.43,7621.65553,588.93
13638.9,7695.65321,580.14
14126.97,7214.14074,624.09
14337.27,6968.02108,659.25
14451.65,6829.48645,641.67
14509.88,6827.51693,644.6
14568.85,6881.88975,615.3
14486.05,7239.95552,591.86
14260.55,7541.11623,553.77
13829.73,7603.08577,550.84
13560.0,6950.75261,609.44
13237.3,6739.41608,600.65
12817.02,6534.65634,527.4
13146.45,6055.14856,480.52
13505.88,5650.16601,404.34
14161.52,5476.10968,383.83
14027.97,5365.78139,345.74
13773.0,5235.44137,336.95
12884.37,5087.30533,351.6
12356.77,5105.66407,375.04
12044.73,5283.9408,430.71
12486.02,5633.63611,641.67
13183.68,5747.34072,802.82
13353.4,5615.91043,881.93
13722.5,5915.69951,849.7
13821.65,6049.09932,773.52
14262.73,6425.69968,720.78
14611.05,6842.53452,676.83
14682.92,7153.08562,627.02
14861.48,7594.11742,659.25
14722.3,8142.48806,615.3
14601.15,8267.34156,597.72
14416.5,8345.70032,588.93
14004.63,8273.81284,565.49
13518.4,7840.20191,597.72
13152.88,7301.18649,562.56
12740.2,7174.85585,457.08
13040.95,6695.06671,410.2
14451.1,6231.94815,363.32
13984.33,5651.60798,348.67
13609.02,5295.68758,339.88
13575.77,5335.32417,334.02
13543.63,5244.65591,345.74
11779.2,5287.35229,372.11
11448.98,5248.48944,471.73
12107.65,5555.17184,635.81
12927.98,6130.55304,805.75
13170.6,6166.46161,864.35
13104.83,6149.72069,867.28
13460.83,6305.20726,747.15
14020.33,7143.97659,665.11
14407.28,8104.71548,621.16
14436.13,9023.63724,574.28
14357.95,9714.90359,521.54
14469.8,10484.59904,515.68
14140.5,10967.20178,486.38
13864.6,11338.56181,480.52
13465.72,10775.94732,503.96
13130.65,10022.21905,492.24
13046.98,9017.48249,430.71
12434.9,8324.87968,401.41
13751.85,7789.83847,357.46
14547.15,7226.83711,322.3
14019.8,6314.35146,313.51
13858.63,6011.46742,307.65
13588.4,5727.50484,310.58
13472.75,5628.74748,325.23
13370.33,5400.45901,360.39
12329.0,5551.65484,377.97
11800.03,5782.47555,380.9
12139.9,5884.39821,662.18
12126.6,6032.11221,703.2
12076.98,6177.29397,588.93
12642.4,6628.24371,556.7
13221.68,7635.0553,489.31
13485.85,8625.19631,460.01
14198.53,9764.28227,424.85
14389.67,11024.21235,413.13
13937.95,11637.4013,395.55
14791.03,12551.4696,401.41
14515.6,12772.23169,360.39
14236.35,12431.8916,342.81
14091.65,11493.76702,354.53
13900.13,10361.64472,369.18
12992.25,9450.67138,342.81
12350.58,8422.47643,313.51
12130.55,7821.66732,295.93
11747.03,7241.46783,290.07
11302.93,6500.57661,293.0
11161.6,6292.15919,293.0
11118.63,6222.17089,313.51
10912.38,6046.32089,336.95
11158.0,6004.96097,348.67
11471.5,6033.58935,360.39
11813.2,6309.81453,418.99
11797.83,6404.35149,468.8
11843.98,6366.89544,495.17
12188.18,7201.4092,439.5
12814.7,8413.96529,424.85
13332.15,9858.67855,392.62
14586.7,11717.30754,342.81
14615.58,12834.27157,334.02
14706.97,13785.90143,295.93
14834.63,14519.9345,278.35
14814.65,14497.46087,272.49
14528.63,14012.22038,272.49
14435.85,12932.60689,304.72
14136.25,11950.766,301.79
13434.18,11111.99667,293.0
12990.13,9994.18856,293.0
12749.6,9201.77329,287.14
12419.17,8873.35583,275.42
12371.2,8411.9606,260.77
12082.95,7889.58059,269.56
12058.03,7731.03423,272.49
11908.7,7616.45037,328.16
11980.8,7609.52188,389.69
12475.95,8055.3368,547.91
13085.15,8204.66862,597.72
13366.38,8399.44008,618.23
14095.97,9050.75331,565.49
14246.18,10309.10074,492.24
15733.78,13067.48384,436.57
15205.02,14339.65308,375.04
15279.5,15565.1869,360.39
15315.17,16911.1428,328.16
15573.13,17893.33539,293.0
15615.93,18566.34851,269.56
15470.73,19269.71334,257.84
14937.85,18970.17045,254.91
14614.25,17665.85583,284.21
13398.75,15895.0815,325.23
13216.97,14452.90048,325.23
15236.68,12621.84477,272.49
16400.78,11581.55134,249.05
15827.68,10516.74442,228.54
15398.92,9457.17783,4002.38
15156.63,9183.34421,4031.68
14973.45,9020.85881,3442.75
14601.53,8715.8294,3451.54
14408.4,8889.99124,3791.42
13543.7,9237.7522,3955.5
13942.08,9559.69838,4060.98
14655.92,9511.62099,4201.62
14612.35,10540.73036,4140.09
15726.28,13319.89893,3902.76
16198.23,15744.16703,3826.58
15915.8,17612.46777,3111.66
16228.15,18872.85506,2944.65
16281.38,19579.24451,3050.13
16302.88,20472.70319,2578.4
16274.23,21060.81593,2604.77
15913.58,21391.97665,3135.1
15521.13,21276.93558,2546.17
15138.8,19645.39928,3149.75
14683.13,17601.91677,3264.02
14307.63,16427.16843,3996.52
13848.05,15043.05308,3914.48
16107.25,12790.55526,3653.71
16421.08,11792.07896,3530.65
16174.35,10878.92508,3375.36
15833.35,10439.72212,3390.01
15858.02,9834.72778,3167.33
15364.75,9278.83076,3313.83
15176.65,8979.07685,3718.17
14932.23,9107.79905,3937.92
14002.9,9605.77108,4172.32
14023.15,9626.69723,4017.03
14063.88,10163.95415,4099.07
14486.55,12400.51996,3817.79
15220.43,16135.78498,3231.79
15439.52,18226.39529,2924.14
15696.6,19757.87294,3088.22
15940.02,20924.77837,3041.34
16108.9,21840.25347,2757.13
17030.33,23154.55637,2320.56
16817.75,23155.11909,2622.35
16175.58,22356.1622,3193.7
15663.1,20390.12403,2780.57
14709.3,18744.02735,3181.98
14070.43,17513.92143,3483.77
14612.13,15724.92904,3958.43
17504.15,14146.14774,3858.81
16901.57,12698.23401,3524.79
16059.77,11753.49747,3513.07
15850.13,10801.55108,3220.07
15718.6,10295.06791,3278.67
15515.33,9786.50971,3419.31
15517.0,10070.2261,3472.05
15872.6,10681.72689,3404.66
14972.45,11365.74822,3747.47
14633.33,11492.57124,3987.73
14808.02,12712.65371,3864.67
16052.2,14873.95572,3926.2
16640.6,17510.4396,2979.81
16481.0,19065.3053,3299.18
17035.63,20748.40082,3281.6
17199.27,22143.55955,2745.41
17155.28,23079.39808,2613.56
17164.4,23788.6363,2765.92
17067.85,24089.12878,2408.46
16754.28,24042.77472,2218.01
16088.37,22217.38138,2604.77
15586.4,20293.37136,2806.94
14238.48,18482.46806,2748.34
14039.48,17006.03146,2824.52
17415.25,15583.22911,3425.17
17624.03,15064.82331,3026.69
16924.95,14080.13365,3398.8
16536.7,13480.34447,3507.21
16226.78,12437.83533,3132.17
16078.1,11570.96517,2888.98
16059.22,11223.66142,3416.38
16199.35,11513.91943,4008.24
14854.45,12043.33344,3943.78
14693.98,11544.44699,3858.81
14913.95,12580.13315,3744.54
16071.27,14811.98618,3583.39
17020.63,16382.46736,3392.94
16492.92,16941.45934,3290.39
15850.0,17397.64941,3472.05
15669.88,17079.9588,3249.37
15147.65,15295.433,3419.31
14919.05,15516.61713,2748.34
14628.97,15641.71682,2511.01
13759.75,14489.19592,2935.86
13122.75,13014.93986,3536.51
12816.77,11657.30752,3492.56
12498.7,11064.16547,3864.67
12711.3,10795.92388,3791.42
15404.15,9943.2624,3973.08
15379.67,9375.23173,3592.18
14650.97,8655.26666,3568.74
14468.23,8264.5983,3557.02
14282.58,7975.00852,3366.57
14101.4,7694.28158,3513.07
14092.1,7679.51018,3498.42
13762.22,7991.85495,3756.26
13691.47,8334.86796,3914.48
12412.75,8109.8503,3844.16
12322.35,8503.57845,3850.02
12646.85,9489.42872,3369.5
13788.35,11053.08692,3146.82
14632.2,12400.76615,3041.34
14750.5,12931.90349,3574.6
14638.15,13353.27526,3583.39
14985.32,14569.34835,2903.63
14736.77,14358.39869,3431.03
14632.27,14392.90046,2686.81
14277.38,13893.48646,2950.51
14117.5,12587.65953,3228.86
13802.67,11230.34372,3310.9
13324.58,10099.0655,3510.14
12197.55,8987.79901,3589.25
12107.1,8113.68383,3782.63
11761.4,7505.9814,3542.37
11407.0,6901.37393,3809.0
11159.42,6401.71374,3398.8
11123.22,6248.12635,3542.37
10900.6,6197.51672,3741.61
11346.7,5975.55885,3647.85
11590.17,6018.81795,3580.46
11932.35,6380.33038,4081.49
11978.9,6503.77708,4034.61
11977.83,6519.74426,3521.86
12388.38,7333.57806,3483.77
12842.1,7894.32854,3097.01
13101.58,8450.75311,3354.85
13333.1,9070.02647,3357.78
14257.3,10070.36678,3472.05
13975.7,10469.4056,3384.15
13737.13,10645.81832,3217.14
13562.9,10591.7972,2824.52
12938.5,10128.53796,3568.74
12909.02,9355.25517,3598.04
12853.45,8573.17988,3568.74
12579.7,8263.8949,3551.16
12375.28,7921.26876,3366.57
12066.7,7277.05987,3351.92
11584.7,6541.33864,3211.28
11711.6,5880.00196,3776.77
11586.47,5734.60918,3580.46
11652.1,5671.47903,3946.71
11667.95,5564.17536,3683.01
11711.1,5593.89401,3794.35
11956.1,6082.86252,4017.03
12517.28,6147.716,4178.18
12875.2,6439.59183,4143.02
12962.6,6579.88496,3978.94
13464.82,7667.16551,3671.29
13413.68,8789.51055,3140.96
13739.58,9778.42061,3261.09
13811.15,11213.67314,2622.35
13790.93,12392.1495,3111.66
13873.92,12867.15552,3545.3
13724.35,13010.26225,2941.72
13462.08,12245.91264,3252.3
13229.9,11729.58187,3258.16
12935.13,11482.3016,3325.55
12821.55,10105.18508,3319.69
12319.48,9081.73808,3392.94
11926.57,8168.40835,3392.94
12559.57,7186.6378,3691.8
14980.38,6852.62831,3691.8
13962.4,6133.71834,3674.22
13950.9,5806.9187,3562.88
14328.35,5910.52952,3630.27
14107.67,5677.80963,3641.99
13964.83,5806.18013,3841.23
14176.1,6035.69955,3990.66
14285.5,6247.77465,4236.78
13565.27,6464.63287,4301.24
13466.7,6485.20732,3955.5
13853.35,7751.04596,3759.19
13673.3,8635.92316,3395.87
13967.33,9315.89994,3486.7
14233.4,10041.10534,3354.85
14214.42,10592.21924,3313.83
14142.0,11470.13278,3205.42
13933.42,12002.67692,3398.8
13634.38,12250.37923,3129.24
13128.2,11923.54442,3261.09
12818.13,11307.04949,3589.25
12705.33,9908.33859,3413.45
12436.1,8988.08037,3343.13
11999.25,8285.24309,3677.15
13422.85,7421.29204,3536.51
14344.8,6659.58018,3457.4
13965.8,6010.93987,3580.46
13903.4,5766.40286,3650.78
13865.08,5641.44385,3794.35
13784.05,5418.74741,3782.63
13612.33,5294.77316,3809.0
13310.13,5686.95383,3911.55
13395.63,6191.53782,4567.87
13070.57,6157.10639,4520.99
13439.5,6273.90596,4046.33
13993.4,7305.33655,3806.07
13868.17,8439.81524,3492.56
13943.15,9563.56708,3237.65
14225.75,11299.10107,3055.99
14288.82,12739.80495,2824.52
14306.53,13672.79471,2724.9
14110.6,14631.10687,2915.35
13790.1,15035.13983,2754.2
13419.55,14741.68135,3012.04
12952.38,13846.21798,3401.73
12921.38,12334.71689,3413.45
12515.6,11302.89943,3457.4
12360.25,10347.85808,3348.99
14600.25,8739.92085,3190.77
14629.7,7491.94857,3020.83
14590.22,6840.63534,3161.47
14304.85,6347.51677,3413.45
14108.23,6188.05599,3208.35
14155.97,5847.75107,3633.2
13979.25,5636.80141,3850.02
14515.1,5961.87772,4087.35
13807.33,6437.76299,4227.99
13460.1,6555.54732,4312.96
13154.82,7181.18645,3876.39
13929.1,8072.60527,3609.76
14608.13,10124.0362,3064.78
14113.1,12007.17868,2689.74
14191.38,13258.87898,3249.37
14091.4,14138.02347,3199.56
14176.63,14598.53945,2628.21
13929.02,14982.63102,2352.79
13671.15,14813.9557,2390.88
13276.25,14011.65766,3064.78
12945.93,13067.23765,2991.53
12771.67,11133.48554,3348.99
12429.22,9760.06187,3164.4
12163.58,8448.81876,3574.6
12872.27,7475.84071,3539.44
14555.68,6709.13471,3671.29
14717.43,5951.74876,3606.83
14869.92,5821.90112,3677.15
14919.9,5803.7534,3466.19
14838.27,5691.06872,3844.16
14856.65,5677.73929,3873.46
14975.75,5907.92694,4225.06
14731.18,6164.21073,4365.7
13598.92,6610.30701,4066.84
13694.75,6847.38798,3671.29
14191.05,8338.24428,3811.93
13872.15,8987.3418,3369.5
14157.27,9799.4171,3284.53
14216.6,10786.14662,2572.54
14270.1,12049.48819,3351.92
14190.23,13005.866,3094.08
13974.03,13542.77122,2865.54
13665.75,13763.32229,2824.52
13301.5,13839.18398,2997.39
12974.9,12799.87531,3395.87
12852.15,11459.75763,3378.29
12525.58,10597.14304,3595.11
12365.25,9783.83679,3120.45
14568.7,8857.9162,3170.26
14840.55,7540.02596,3328.48
14851.85,6830.04917,3677.15
14834.2,7127.69288,3896.9
14682.03,6768.78303,3999.45
14761.8,6474.0936,4034.61
14722.52,6624.79705,4148.88
14853.73,6587.16515,4081.49
14022.92,7101.10436,4368.63
12530.92,6999.77959,4383.28
12357.05,7504.01188,3826.58
12804.57,9243.62559,3574.6
13879.97,11515.74827,3000.32
14723.73,13490.36792,3442.75
14825.98,14729.12566,3132.17
14986.65,15906.3359,2976.88
15217.45,16834.05016,2604.77
15113.88,17041.9752,2639.93
15052.05,17068.88025,2417.25
14863.83,16762.26819,2601.84
14641.7,15909.46603,3310.9
14439.7,14636.03067,3202.49
13972.75,13381.90364,3029.62
13659.38,12227.09669,3495.49
13433.58,11346.29921,nan
12367.6,9649.73358,3252.3
11862.5,8041.12812,3234.72
11664.38,7445.66485,3428.1
11554.15,7025.98124,3694.73
11460.2,6968.05625,3671.29
11457.13,6884.45716,3785.56
11851.33,6944.28133,4025.82
12247.47,7189.20521,4122.51
12121.85,7186.74331,4119.58
12292.17,8092.72251,3348.99
13035.15,9493.26225,3392.94
14264.4,11951.15287,2827.45
14790.2,13711.41137,3255.23
14963.1,15262.3732,2795.22
15067.45,16333.51072,2733.69
15307.85,16836.40655,2806.94
15353.17,17232.77245,2845.03
15673.43,17397.61424,2695.6
15602.08,17338.59898,2760.06
14806.67,16397.20359,3208.35
14651.77,15133.36964,3431.03
14318.45,14212.02115,3272.81
14074.52,13504.85796,3650.78
13717.02,12543.52118,3533.58
12979.92,10282.72324,3688.87
12664.35,9777.92823,3445.68
12534.52,9075.44265,3516.0
12238.4,7894.2582,3542.37
12087.53,7499.82665,3516.0
12214.58,7500.91692,3542.37
12765.5,8055.86435,3932.06
13414.6,8409.95591,4140.09
13737.55,8498.05676,4236.78
14769.85,10217.65874,3873.46
14961.2,12122.7473,3559.95
15442.1,15071.61112,3442.75
15774.4,17279.05617,2637.0
16025.02,18743.42946,2900.7
16336.33,19686.7592,2572.54
16195.88,20396.41946,2757.13
16068.02,20806.07962,2619.42
15846.23,21081.39038,2308.84
15320.2,20768.65874,2059.79
14528.2,19170.18224,2713.18
13889.85,17773.26501,2862.61
13419.3,16298.8331,2880.19
14956.67,15010.13396,3307.97
17817.5,13903.08787,2727.83
16917.97,11815.50218,3091.15
16612.72,10358.02221,3401.73
15973.75,9559.03015,3477.91
15812.3,9415.46621,2862.61
15472.13,8820.24913,3331.41
15474.6,8594.21154,3334.34
16052.7,9557.41233,3718.17
15740.08,10313.98937,3993.59
14367.1,10058.69034,3882.25
15575.17,12621.56341,3504.28
16471.55,15317.34391,3214.21
17424.52,17961.24866,2944.65
16793.8,19946.13795,2921.21
16714.97,21337.14662,2780.57
16809.78,22131.95345,2572.54
16791.0,23194.615,2411.39
16690.38,23882.85673,2247.31
17384.08,24308.83577,2417.25
17171.4,23853.3491,2434.83
15560.98,22377.65107,2552.03
15219.75,20435.80986,2554.96
14671.45,18041.5066,2727.83
15301.35,16849.80632,2713.18
17852.58,15145.29227,3258.16
17252.0,12741.10624,3179.05
16716.4,11379.57003,3340.2
16520.03,11210.96505,2938.79
16449.98,10891.65662,2830.38
16086.25,10484.00115,2976.88
16018.3,10332.13709,3220.07
16039.85,10830.70701,3369.5
15885.95,11247.08464,3457.4
14669.02,10795.25565,3952.57
15202.92,12284.1776,3486.7
16491.9,15363.10008,3017.9
17941.4,18148.24755,2654.58
17462.27,19679.76037,3041.34
17968.55,21484.61443,2894.84
17752.68,22924.82593,2320.56
17623.32,22909.738,2387.95
17729.17,23595.97504,2387.95
17357.78,23525.213,2434.83
15718.6,22978.17882,2511.01
15113.7,21713.64147,2569.61
14619.45,19875.93863,2487.57
13719.7,18625.36377,2900.7
16307.48,17113.93302,2979.81
18487.3,15803.07678,2622.35
17920.57,14843.77986,3094.08
17549.3,14126.3822,3214.21
17127.45,13142.04424,3111.66
16933.75,12490.73101,3102.87
16348.75,11783.32163,3041.34
16147.2,11646.51033,3140.96
16701.13,11929.73434,3486.7
16205.73,12329.96894,3557.02
14830.13,11847.78824,3600.97
15448.25,13547.02679,3138.03
16495.6,15761.01346,3111.66
17316.22,17772.8078,2704.39
17516.42,19008.89262,3281.6
17728.28,20061.63623,3053.06
17789.65,20762.9612,2979.81
17564.48,21441.95322,2502.22
16493.42,21958.70603,2270.75
16019.85,22234.61468,2261.96
15351.63,21889.4563,2672.16
14690.38,20354.10995,3012.04
15239.58,18624.6252,2997.39
14767.17,16855.50386,3082.36
14301.85,15475.96061,3094.08
17722.18,14021.47009,3082.36
17127.05,12180.49644,3164.4
16418.45,10996.85009,3237.65
16148.88,10539.3939,2862.61
15958.13,9782.74652,3296.25
15574.72,9238.59628,2985.67
15534.58,8953.68411,3223.0
15866.98,9424.36422,3521.86
15129.5,9837.33036,3829.51
14005.45,9776.59177,3926.2
15380.7,11943.52098,3313.83
16517.13,14968.66853,3495.49
17398.9,17489.02107,3184.91
17143.95,19406.66532,3255.23
17187.55,20499.22137,2944.65
17228.47,21305.986,2701.46
17128.1,21920.23005,2516.87
16164.55,22489.63235,2273.68
15959.05,22838.37807,2534.45
15654.97,22259.12817,2279.54
14940.4,20800.34691,2762.99
14163.28,18711.07306,3017.9
13565.58,17296.18396,2839.17
15773.7,16025.14016,3146.82
17769.13,14772.03306,2856.75
17178.65,13054.11924,3346.06
16639.57,11340.88303,3044.27
16262.8,10362.98118,3208.35
15818.32,9707.65857,3237.65
15610.25,9150.1789,3097.01
15475.35,9140.40164,2654.58
15598.2,9088.80725,3425.17
14655.33,9411.77336,3571.67
13823.8,10161.42191,3709.38
13817.4,11142.5594,3460.33
14357.7,13181.3643,3269.88
15308.2,15836.27726,3014.97
16593.35,17737.9895,3070.64
16935.53,19369.66648,2839.17
17112.63,19900.83899,2724.9
17344.17,20611.76537,2689.74
17373.53,21474.62615,2575.47
17263.95,21245.07156,2554.96
17094.22,20655.6927,2294.19
16714.35,19839.43217,2859.68
16367.08,18309.74819,2994.46
15684.75,17227.21559,2938.79
14803.6,15690.56795,2900.7
14065.88,13897.0738,2891.91
13721.17,12505.43207,3064.78
13189.48,11454.02492,2721.97
12382.3,10387.35399,3094.08
12409.53,10061.0819,3158.54
12413.23,10132.1253,3375.36
13032.9,10536.2286,3392.94
13422.55,11129.68718,3287.46
13589.0,11319.99205,3548.23
13557.0,11671.19967,3217.14
13893.45,12707.90576,2953.44
14529.92,14012.29072,2748.34
15114.15,14655.93689,2762.99
16119.82,16119.85297,2642.86
16168.55,16181.82251,2897.77
15929.48,16071.14252,3097.01
16026.05,16243.15899,2472.92
16121.2,16362.56114,2625.28
15702.6,16267.07459,2721.97
15300.88,14709.04359,2994.46
15254.82,13815.86627,2976.88
15228.1,13094.35372,3340.2
14850.63,12133.2983,3624.41
14459.73,11364.41176,3779.7
13619.92,10501.65649,3770.91
12942.05,9670.80041,3633.2
13117.7,9475.04419,3627.34
12992.47,9565.07939,2979.81
12975.13,9256.18128,3120.45
12804.15,8771.89038,3419.31
12833.17,8719.97946,3474.98
13360.73,9489.81559,3794.35
14457.43,9863.25065,3899.83
14945.25,10092.52388,3905.69
15083.9,10867.63551,3750.4
15923.2,12564.86937,3653.71
16283.48,14451.07164,3981.87
16497.63,16016.91038,2973.95
16767.47,16984.08538,2742.48
16669.4,17820.11145,2932.93
16778.53,18617.73188,2839.17
16552.17,19515.09443,2346.93
16319.17,20036.31383,2531.52
15820.02,19814.46147,2845.03
15265.1,18585.62167,3223.0
14984.52,17109.22024,3085.29
13972.3,15435.58545,3243.51
13536.58,14062.97069,3433.96
16487.5,12489.64074,3000.32
16812.07,11573.21605,2733.69
16449.0,9801.1756,2868.47
15660.6,9273.09805,2464.13
15664.13,9217.38877,3346.06
15411.9,8706.65003,3527.72
15247.47,8491.76133,3606.83
15433.08,8645.63008,3814.86
15515.25,9246.65021,3785.56
14667.72,9733.05131,3934.99
15072.33,12125.80709,3577.53
16200.22,15335.98401,3700.59
16616.85,17178.96235,3003.25
16353.98,18890.65108,2719.04
16568.28,19992.66786,3023.76
16744.67,20496.33743,2428.97
16669.1,20772.17574,2176.99
16662.6,21757.63914,4069.77
16377.15,21988.45985,2124.25
16827.2,22035.4118,2203.36
15310.45,20790.14761,2595.98
14961.02,18653.64045,2888.98
14563.58,17171.71733,3170.26
14659.42,15824.49531,3032.55
17271.33,13590.95412,3020.83
17413.9,12876.61625,3088.22
17398.15,12452.78258,2971.02
16477.95,11990.61361,2877.26
16460.45,11983.1224,3135.1
16456.2,11385.02138,3278.67
16516.33,11406.29923,3633.2
16650.45,11172.20771,3765.05
15420.1,10609.31186,3882.25
14849.5,11124.83372,3803.14
15425.98,12753.76744,3533.58
16623.45,14795.84315,3111.66
17781.22,16682.5378,3328.48
17215.47,17799.1853,3302.11
17460.43,19074.55501,2859.68
17543.97,20133.20718,2757.13
17713.72,21099.39742,2440.69
17699.92,21933.34846,2481.71
17260.1,22417.0063,2461.2
15510.75,21985.29455,2165.27
14043.32,20652.91427,2484.64
13888.85,18879.74838,3463.26
13487.78,17134.64815,3181.98
15101.08,15282.34976,3641.99
17444.42,13560.35622,3747.47
16992.88,11634.34151,3527.72
16815.03,10224.83342,3562.88
16087.53,9789.04195,3372.43
15518.63,9083.88345,3293.32
15759.73,8580.49524,3586.32
15020.75,8271.984,3934.99
15502.7,8851.86696,3852.95
15206.25,9344.80968,3943.78
14799.52,9831.21078,3952.57
15048.42,11357.16674,3850.02
16334.62,14300.71989,3747.47
17081.72,16965.09358,3650.78
16780.53,18952.47994,3357.78
16939.68,20373.66447,2973.95
17484.75,21638.79971,2824.52
17553.82,23025.13077,2308.84
17496.25,23889.50386,2695.6
17284.8,24609.53927,2613.56
16600.5,24118.91777,2440.69
15477.2,23110.59387,2452.41
14781.25,20878.21329,2464.13
14222.75,18927.57958,2358.65
14151.63,17361.28363,2938.79
17319.97,15528.50459,3214.21
16850.33,13363.43939,2607.7
16398.55,12148.45657,2768.85
16534.63,11754.93944,2947.58
16630.63,11531.82096,2798.15
16021.75,11357.83497,2836.24
16036.47,11286.43987,3017.9
16389.38,11865.12705,3413.45
16077.05,12017.83519,3413.45
15293.92,12877.31965,3516.0
16524.23,15782.43199,2742.48
17353.35,18319.45511,3058.92
18382.92,20804.49697,2639.93
17302.98,21993.17263,3053.06
17607.33,23382.84484,2390.88
17896.15,24877.95671,2103.74
18124.72,26812.16603,2103.74
18067.38,27737.45356,2133.04
17879.7,27945.27309,1482.58
16963.67,27553.40895,1315.57
16322.8,25050.11386,1382.96
15973.95,22775.66996,1397.61
14743.7,21209.16299,1406.4
14265.88,19693.82837,1350.73
18349.88,17743.51119,1412.26
18298.65,16088.37582,1447.42
17811.0,14426.94502,1462.07
17584.92,13615.18625,1479.65
17029.17,12954.90467,1479.65
16992.75,12867.36654,1514.81
17638.55,12804.16605,1588.06
17309.98,12874.40054,1667.17
15999.7,13492.68914,1722.84
15016.8,13917.26138,1725.77
15176.33,16118.79787,1482.58
16091.3,18590.1586,1423.98
17515.75,20391.49566,1394.68
18057.55,21431.96494,1415.19
17803.33,21568.95209,1415.19
18146.88,22735.61133,1292.13
18491.82,24077.66336,1339.01
18764.22,24728.76557,1315.57
18901.98,25015.0142,1333.15
18639.53,24637.04221,1344.87
18076.25,23181.88346,1344.87
17302.78,21574.86065,1423.98
16195.5,19561.51883,1321.43
16014.33,18455.03546,1321.43
15507.95,16666.7113,1467.93
14683.77,14726.87478,1456.21
13621.27,13171.72772,1435.7
13311.33,12818.19888,1435.7
13395.88,12261.38744,1467.93
13291.9,11749.52326,1558.76
13249.4,11229.60515,1664.24
13244.42,11068.56172,1711.12
13551.58,11180.05062,1840.04
13474.43,11450.15622,1925.01
13945.23,13312.79459,1570.48
15582.23,16788.01263,1482.58
16449.97,19034.14468,1450.35
17289.5,20576.52503,1409.33
17891.93,21552.10566,1400.54
19231.45,23467.74522,1353.66
18979.9,24425.14296,1344.87
18994.08,25205.2839,1333.15
19214.08,25457.38246,1388.82
18847.35,25131.28622,1350.73
18237.1,23843.29048,1412.26
17603.4,21709.87828,1400.54
16597.97,19753.89873,1447.42
16008.38,18228.92753,1421.05
15684.88,17166.89904,1541.18
14559.27,15579.9583,1523.6
14457.63,14584.89349,1482.58
14325.57,14568.53944,1520.67
14303.42,13892.29068,1494.3
14131.35,12828.46852,1561.69
14241.52,12713.32194,1599.78
14809.85,14011.90385,1790.23
16121.35,15143.00622,1775.58
15857.58,15545.63238,1752.14
16179.58,16220.36883,1719.91
17083.72,17635.6448,1687.68
17614.55,19131.24905,1567.55
16373.1,20074.82498,1564.62
17436.13,21059.0926,1473.79
17580.57,21259.73745,1467.93
17652.38,22238.87025,1385.89
17519.95,21695.81028,1400.54
17274.75,20082.03483,1593.92
15356.8,17136.54733,1508.95
15309.7,17661.38924,1637.87
13896.08,17209.24372,1743.35
13532.27,16600.02898,1722.84
15565.5,15564.06146,1749.21
18427.32,14226.19466,1796.09
17734.08,12339.11314,1784.37
17072.58,11674.08361,1722.84
16843.7,11034.34131,1629.08
17363.92,11540.61346,1681.82
16731.35,11003.07518,1769.72
15501.58,9687.33031,1834.18
15618.75,10206.65053,1907.43
15714.88,11087.72937,2144.76
15099.9,11470.02727,2385.02
15655.9,12449.4766,1828.32
16196.35,13348.49214,1784.37
15878.1,13590.70793,1740.42
15982.18,14714.74113,1614.43
16329.67,15176.80459,1588.06
16637.0,16195.74983,1544.11
16561.72,16373.35833,1573.41
16379.58,16589.61866,1620.29
16016.08,16368.29385,2018.77
15472.58,16365.76161,2097.88
14957.73,15746.52342,2191.64
14101.98,14534.21352,2048.07
13398.9,13356.47573,1696.47
14395.38,12276.05333,1790.23
16874.08,10982.39522,1951.38
16429.25,10334.03627,1936.73
15973.5,9260.54236,1834.18
15406.75,8828.58442,1763.86
14909.95,8688.67816,1746.28
14911.18,8514.76251,1696.47
14875.15,8597.83405,1784.37
15400.68,9142.12497,2004.12
15352.62,9631.62103,2385.02
14447.38,10085.06784,2311.77
15316.3,11350.94165,2062.72
16422.7,13392.66566,1778.51
16434.47,15097.91828,1837.11
16524.17,16529.68898,2174.06
16701.47,18220.48673,2270.75
16761.18,19126.99348,1784.37
16823.35,20321.71838,1415.19
16624.6,20891.78891,1547.04
16265.5,20879.86628,1705.26
15809.78,20944.89561,1397.61
15265.35,20381.78874,1470.86
15038.9,18731.50683,1547.04
14440.77,17247.93072,1629.08
14782.45,15535.78478,1699.4
17489.0,14121.24738,1655.45
16879.8,12970.37947,1561.69
16483.95,11569.83973,1549.97
16515.6,10859.75743,1462.07
16015.0,10273.47353,1473.79
15907.3,10060.69503,1532.39
15509.85,10194.13001,1602.71
16187.03,10924.1537,1927.94
15391.48,11487.50676,2094.95
15026.52,11921.85626,2138.9
15636.65,13849.91083,1731.63
17342.5,16626.47682,1547.04
18181.53,18540.39305,1491.37
17596.67,19977.93163,1450.35
17860.48,20844.5556,1394.68
17982.25,21661.5547,1365.38
17396.48,22403.39551,1327.29
17225.23,22713.41906,1256.97
17122.15,22958.41328,1336.08
16072.72,22277.62759,1309.71
14660.7,20908.45949,1418.12
14155.35,19252.37453,1382.96
14699.9,18252.8783,1406.4
14578.13,16783.40536,1467.93
17444.38,15111.31805,1500.16
17345.17,14236.74566,1412.26
17163.08,13755.79591,1415.19
16925.45,13429.6645,1459.14
17137.63,12351.28196,1465.0
16890.28,11310.95336,1544.11
16649.7,10951.938,1558.76
16583.23,11936.66283,1781.44
17132.53,12285.19753,1804.88
15290.67,12894.41227,1752.14
16163.63,14758.52778,1643.73
17820.35,17506.07852,1558.76
18049.17,19395.58677,1453.28
17457.78,20971.41379,1441.56
17787.78,21796.36131,1300.92
18040.5,22826.20925,1286.27
18114.15,23978.09709,1318.5
17698.8,24362.75138,1248.18
17504.9,24633.73623,1327.29
16279.65,24131.82516,1318.5
14840.78,22839.71453,1374.17
14578.5,20554.78997,1327.29
14541.2,19061.92898,1344.87
15488.75,17446.50054,1476.72
17817.63,16136.31253,1441.56
17666.5,14423.28734,1400.54
17396.8,13643.56844,1385.89
17186.33,13012.61864,1374.17
16439.73,12703.93155,1403.47
16360.1,11836.35799,1491.37
16116.15,11210.75403,1552.9
16232.98,11624.98629,1637.87
15884.8,11929.17162,1763.86
14277.9,12552.77089,1629.08
14788.95,15139.94643,1371.24
16665.08,18051.31903,1321.43
17023.5,19510.48716,1306.78
17649.1,20470.03027,1327.29
18034.13,21354.37992,1289.2
18461.97,22381.69562,1262.83
19542.67,23358.71822,1239.39
18872.95,23819.9376,1271.62
18607.28,24133.40781,1239.39
17693.25,23438.13208,1295.06
17238.15,22244.46228,1289.2
17178.72,20744.70797,1315.57
16515.88,19410.25266,1306.78
15874.08,18168.29445,1324.36
15286.57,17012.32689,1374.17
14587.27,15772.3382,1374.17
13806.8,14459.23108,1356.59
13827.2,14204.49477,1385.89
13736.07,13675.18627,1429.84
13649.15,12793.01716,1479.65
13501.5,12603.59154,1514.81
13549.55,12089.37097,1626.15
13706.23,12126.51049,1643.73
13733.03,12609.04289,1617.36
14437.73,14121.31772,1526.53
16126.65,17321.99874,1368.31
16448.7,18886.07898,1292.13
17179.03,19847.94331,1365.38
17303.22,20316.02084,1254.04
17551.45,21027.26375,1297.99
18105.25,21942.77402,1242.32
18824.4,23055.41214,1207.16
18294.33,23172.21171,1242.32
17772.8,22546.64292,1262.83
17231.9,21491.19122,1295.06
16579.88,19523.32421,1391.75
16395.3,18470.51026,1385.89
15325.88,17292.10424,1356.59
14935.7,16369.55997,1397.61
14645.65,15159.43061,1356.59
17352.47,14245.15129,1421.05
18153.47,14239.06688,1368.31
17908.05,13478.26944,1450.35
17606.25,12913.61509,1523.6
17648.38,13170.03956,1523.6
18113.78,13617.15577,1787.3
18694.5,13528.87907,1758.0
19028.82,14367.92976,1719.91
20374.8,16576.85195,1541.18
21929.6,19232.53865,1479.65
22348.43,20934.83699,1359.52
21172.88,21906.26756,1333.15
22012.47,23162.99717,1248.18
22198.88,24277.28828,1341.94
22395.7,25322.50551,1213.02
22542.75,26420.4074,1192.51
21645.9,26606.59738,1286.27
21382.63,26182.34167,1186.65
21171.72,25095.69418,1295.06
20446.97,22954.61492,1312.64
18945.5,20670.92131,1318.5
20453.6,18717.474,1394.68
23265.0,17849.1267,1465.0
22839.3,16754.03841,1265.76
22415.65,15722.81884,1286.27
21933.88,15103.47514,1303.85
21733.7,14572.51365,1292.13
21287.53,13861.79829,1374.17
21434.2,13893.9085,1400.54
21186.45,14101.86871,1655.45
21246.93,14847.33203,1661.31
19398.15,15451.20093,1646.66
20459.45,18083.28856,1397.61
22370.77,20816.63062,1295.06
23396.63,22568.76485,1300.92
21945.57,23614.15793,1262.83
22302.98,25174.86185,1245.25
22463.93,26727.89871,1207.16
22893.95,27982.83465,1172.0
22975.1,28768.7083,1166.14
22767.73,28996.85609,1192.51
22184.22,28442.96376,1198.37
21668.85,27445.82392,1239.39
21017.15,24873.56046,1333.15
19822.9,22825.15415,1312.64
19010.33,21066.97068,1321.43
23334.35,19278.57618,1289.2
24160.13,18414.6603,1297.99
24371.22,17705.45725,1265.76
22977.47,16586.98091,1324.36
22075.27,15915.30425,1312.64
21502.1,14995.04603,1356.59
21488.05,15020.12224,1403.47
21808.45,15742.19751,1573.41
21875.2,16204.2258,1590.99
19619.53,17006.1018,1520.67
20785.42,18934.64875,1415.19
22390.78,21641.71882,1426.91
24678.35,23989.52734,1330.22
22853.65,25689.32861,1321.43
20627.05,26717.98077,1265.76
19783.03,28058.20396,1318.5
19995.57,28993.05773,1315.57
19875.2,29989.63485,1289.2
19382.55,29735.5316,1280.41
19251.95,29346.5514,1289.2
18531.65,27893.71387,1353.66
17632.02,25793.25596,1394.68
16668.33,23039.37462,1508.95
17252.13,21125.42322,1503.09
20203.68,19546.04403,1482.58
19390.6,18163.75752,1555.83
18928.65,16937.872,1547.04
18825.85,16482.03363,1593.92
18444.53,15806.87514,1593.92
18081.3,15300.81401,1585.13
17839.22,15304.11999,1728.7
18373.85,16015.74977,1842.97
17495.55,17161.5532,1828.32
16371.1,18612.70257,1755.07
17517.88,20260.48741,1702.33
19374.08,22668.08493,1696.47
20098.78,24263.39613,1599.78
18489.27,25558.039,1570.48
18895.2,27043.9715,1529.46
19241.45,27792.07257,1459.14
19686.55,29088.79047,1438.63
19795.67,29681.12361,1391.75
19561.7,29690.09196,1368.31
19323.97,29911.06507,1397.61
18593.83,28625.63674,1418.12
17869.88,26184.20568,1465.0
16759.08,23566.99496,1901.57
15983.63,21332.53935,2185.78
19529.75,19095.12946,2086.16
20655.4,18277.35662,1488.44
19885.08,16851.88135,1511.88
19316.57,16048.49304,1453.28
19311.65,15442.86564,1494.3
18413.85,15232.30285,1544.11
18007.17,15334.08483,1523.6
18421.52,16892.81923,1646.66
18830.95,18437.23944,1667.17
14985.1,19496.10263,1661.31
15139.58,21486.33776,1623.22
16678.5,23720.58235,1570.48
17120.97,25478.48446,1503.09
15620.6,26775.09685,1447.42
16234.98,28324.30018,1412.26
16457.65,29141.05309,1394.68
16803.97,29739.08377,1418.12
16892.4,30324.80495,1371.24
16659.08,30443.04649,1350.73
16246.58,29957.59498,1341.94
15431.25,28206.62136,1476.72
14160.32,25273.79506,1673.03
12848.85,22863.3136,1898.64
13864.97,21136.53694,2033.42
17997.28,19492.58563,1927.94
16861.67,17118.11825,1388.82
15876.82,15610.5562,1465.0
15717.08,15071.18908,1845.9
16008.2,14275.22164,1872.27
15594.97,14212.86523,1573.41
15158.52,14369.0552,1482.58
15224.88,14523.31082,1614.43
15328.5,15058.35203,1614.43
12503.33,16057.03935,1646.66
12957.13,18409.3848,1602.71
13823.95,20320.69845,1702.33
15937.63,22453.33691,1883.99
16332.48,23467.25284,2045.14
16830.3,25010.19591,1664.24
17581.92,26257.81649,1459.14
17878.05,27453.98336,1473.79
17636.63,27644.95646,1760.93
17693.85,27150.43109,1380.03
16892.77,25963.40842,1881.06
16640.7,25147.32374,1878.13
15898.27,23441.89527,1960.17
15122.5,21723.34839,1939.66
13788.8,19742.18712,1573.41
13067.9,18016.00835,1593.92
12652.08,16657.5671,1831.25
12284.8,16089.43092,1582.2
11756.88,15517.46121,1333.15
11166.1,14392.40808,1391.75
10769.83,14001.24734,1403.47
11048.27,14256.93324,1435.7
11338.08,14248.94965,1544.11
11620.52,14348.3049,1643.73
12225.22,15565.85513,1585.13
12632.38,17784.23805,1406.4
13611.23,19804.15666,1675.96
14886.95,21108.04924,1869.34
16115.65,22029.0812,2009.98
15956.33,21975.30627,2036.35
16540.75,23074.96666,1980.68
16843.7,24020.61762,1807.81
17100.35,24078.68329,1444.49
16717.8,23734.96688,1933.8
17471.4,23161.80139,1842.97
15068.15,21878.65911,2097.88
14801.95,20219.47919,1845.9
14596.95,19267.84933,2282.47
14241.75,18784.08598,2045.14
13674.8,17672.43262,2030.49
13000.42,15924.87049,1989.47
12491.6,14974.92879,1781.44
11454.4,14258.6214,1467.93
11672.7,14087.44901,1447.42
11567.73,13519.98106,1535.32
11554.45,13827.57788,1465.0
12564.08,15529.06731,1500.16
13614.67,16331.78739,1549.97
13701.92,17678.13016,1435.7
14634.63,19650.81546,1406.4
16181.38,21308.62375,1327.29
17284.08,22938.15536,1315.57
15373.48,23281.73109,1292.13
15970.4,24056.24483,1312.64
16072.75,25360.87598,1256.97
16138.07,26116.78479,1254.04
16224.0,26728.32075,1233.53
16086.92,26812.48256,1210.09
15358.33,26251.41555,1259.9
14470.38,24489.71508,1292.13
13821.6,22373.28999,1371.24
13111.55,20161.87073,1397.61
12330.13,18573.277,1412.26
15177.53,16795.39833,1421.05
15793.7,16288.6338,1341.94
15340.97,14853.73297,1336.08
15519.6,14096.31185,1315.57
15089.5,13357.03845,1292.13
14911.23,13068.96098,1339.01
14954.1,12978.36306,1289.2
15118.47,13901.68107,1479.65
14832.63,14762.00961,1506.02
12533.92,14292.34943,1426.91
13721.65,15653.49877,1590.99
14605.35,16773.03021,1429.84
15308.57,17442.73735,1423.98
14971.13,18243.94512,1391.75
15181.55,19137.68516,1465.0
15223.38,19389.81889,1508.95
15114.48,19780.59276,1611.5
14948.88,20120.15911,1637.87
13794.13,19492.72631,1696.47
13137.22,18952.30409,1690.61
12330.5,17171.26012,1822.46
11994.13,15174.90541,1936.73
11525.65,13673.81464,1916.22
11666.27,12037.77658,1910.36
12633.4,10504.01288,1925.01
13493.0,9796.92003,1854.69
12874.73,9077.86938,1752.14
12489.75,8599.02983,1889.85
12450.55,8281.09303,2018.77
12001.58,8088.95932,2071.51
10660.2,7889.19372,2212.15
10131.49,8062.26529,2467.06
9874.55,8140.0965,2472.92
7921.6,6568.63056,1752.14
11337.15,10530.35521,2156.48
12821.22,12293.70867,1948.45
13229.3,14440.0986,1930.87
12952.97,15931.06041,1822.46
13248.1,16978.3175,1743.35
13575.3,17842.23338,1822.46
13508.38,18784.26183,1775.58
14544.87,19454.91856,1807.81
14558.48,19711.06167,1775.58
14179.63,19566.16127,1758.0
14041.13,18847.56783,1772.65
12706.23,17231.57667,1860.55
11840.45,15692.60781,1878.13
12451.95,14297.6601,1804.88
15247.7,12869.7581,1790.23
15550.4,11405.45515,1749.21
15006.67,9681.17556,1813.67
13850.85,8994.0241,1649.59
13918.88,8708.37336,1749.21
13502.23,8355.86445,1860.55
12699.9,8388.3967,2133.04
14885.9,8908.59617,2294.19
14578.03,9578.1978,2379.16
12357.3,10024.99748,2285.4
13122.67,11795.13875,2012.91
15383.25,14554.15491,1787.3
15970.77,17336.6998,1690.61
15182.45,18846.86443,1760.93
16357.28,20132.82031,1684.75
16018.5,20438.6938,1664.24
15825.35,21519.29205,1678.89
15523.75,22008.15505,1558.76
14976.77,22648.28422,1555.83
13801.75,22798.63597,1561.69
13542.48,21663.6649,1555.83
13823.72,20009.79565,1567.55
11544.38,17995.22288,1520.67
12605.13,16569.9938,1634.94
16656.7,15486.0544,1775.58
16718.67,13870.6963,1626.15
15802.38,11772.4541,1614.43
14545.3,11361.00027,1544.11
15089.33,11039.89817,1593.92
14552.83,10302.91082,1605.64
14088.17,9867.71724,1743.35
14418.38,9789.11229,1787.3
11198.15,10287.26017,1968.96
12812.78,11855.20911,1825.39
13743.43,14578.21119,1760.93
15340.33,17188.56376,1640.8
16655.95,20180.44049,1658.38
15486.1,21157.07622,1585.13
15164.45,21410.68709,1558.76
15740.35,21720.32377,1500.16
16683.83,23160.35942,1497.23
16637.88,23779.52727,1491.37
15221.9,23562.59871,1409.33
14829.88,22839.78487,1441.56
15368.77,22079.05777,1564.62
14747.15,20633.81696,1731.63
13086.17,18636.54783,2133.04
12075.55,17250.42779,2179.92
16305.65,16303.82724,2203.36
16397.75,15135.0578,1936.73
15844.82,12823.93159,1532.39
14712.67,11471.18788,1450.35
16030.93,11286.51021,1473.79
16085.92,10691.01177,1538.25
13750.4,10364.14179,1623.22
14280.25,10124.7396,1640.8
14235.78,11060.57813,1687.68
12670.72,11864.91603,1684.75
13038.25,14677.95331,1511.88
14122.25,17494.68344,1426.91
14472.43,18909.74839,1793.16
16155.55,19857.93159,1538.25
16181.9,20469.9951,1500.16
17576.7,21044.42671,1465.0
16334.03,22131.03903,1377.1
15808.88,22802.71569,1362.45
16583.85,22705.82234,1353.66
17847.13,23074.3336,1397.61
16406.97,22133.21957,1488.44
15110.03,19967.52131,1579.27
14680.2,18730.02969,1523.6
13904.63,17665.71515,1388.82
13016.53,16226.41807,1511.88
12165.15,15034.36609,1409.33
11908.47,13975.1512,1391.75
12447.92,13468.73837,1350.73
11902.05,13138.4569,1406.4
10989.08,12309.53517,1406.4
12032.35,11586.19378,1447.42
11193.65,11159.47617,1605.64
11693.85,11415.02139,1599.78
12459.7,13134.37718,1585.13
12758.73,15896.55864,1456.21
14026.45,17584.50762,1406.4
15380.25,18738.9277,1400.54
15384.1,20052.35135,1429.84
16425.53,21170.51116,1456.21
16930.3,22594.40378,1368.31
17448.6,23205.20117,1333.15
17529.38,23515.29506,1268.69
17063.72,23965.08419,1286.27
16963.78,23553.56002,1245.25
16613.42,22392.42247,1330.22
15097.53,20715.51687,1450.35
14966.1,19583.21872,1339.01
15624.18,18530.08824,1333.15
14036.38,17147.97758,1409.33
12762.1,15378.61005,1438.63
12364.25,13583.99046,1365.38
12760.42,12744.58807,1380.03
12547.9,12581.99716,1415.19
12605.65,12281.99706,1394.68
13243.52,12642.87643,1532.39
12905.08,13592.92364,1652.52
14249.93,14703.02952,1722.84
14473.72,15509.12592,1620.29
16841.4,17998.63437,1541.18
16873.88,20269.94814,1488.44
17627.25,22456.67806,1435.7
17738.8,24495.41262,1429.84
17408.95,25824.10005,1292.13
17769.13,27050.79448,1312.64
17753.78,27578.87203,1312.64
17647.82,28491.39285,1394.68
18021.6,28138.1102,1362.45
19523.53,28883.96039,1309.71
16057.65,26681.33363,1453.28
15897.38,24725.35408,1365.38
14819.05,22580.37095,1479.65
15883.38,20755.46999,1403.47
15025.58,15096.75767,1116.33
17826.55,17547.68463,1453.28
17164.07,15422.7484,1438.63
15595.33,14387.3436,1380.03
15558.52,13839.395,1380.03
16395.55,13153.54483,1479.65
15992.1,13621.58719,1403.47
16395.55,15115.89015,1590.99
16906.4,16875.37491,1599.78
14679.15,17447.76666,1585.13
15664.38,18832.90194,1588.06
17180.32,20859.64353,1549.97
18251.67,23074.54462,1435.7
18655.95,25867.74602,1421.05
18705.72,27026.49201,1333.15
19398.97,28445.17947,1233.53
18812.5,29633.96064,1292.13
18983.95,29068.18085,1356.59
19220.15,29855.56681,1306.78
17788.02,29259.25946,1356.59
16564.92,27776.80879,1450.35
16024.83,25997.87502,1494.3
14480.83,23181.2504,1382.96
15688.55,21409.59682,1491.37
20470.3,20292.31626,1327.29
17441.65,17824.47253,1453.28
16079.65,16282.16252,1344.87
15728.55,15330.32164,1423.98
15587.17,14706.6872,1406.4
15478.92,13820.96592,1382.96
14812.67,14225.63194,1374.17
16274.72,15639.18458,1573.41
16058.7,16872.38546,1617.36
14545.48,17563.1946,1438.63
15895.78,19172.15176,1459.14
17455.2,21828.57703,1453.28
18065.05,22482.7742,1506.02
16802.3,23450.26573,1470.86
17145.35,24924.02941,1318.5
17814.13,26100.29006,1315.57
17879.4,26834.81551,1271.62
17812.72,27379.00092,1347.8
17205.88,27304.26467,1333.15
17834.13,27283.69022,1374.17
16091.58,25883.29116,1303.85
15586.75,23979.46872,1347.8
13909.7,22168.3544,1324.36
14464.33,20473.89897,1297.99
18781.3,19130.89735,1324.36
17497.28,17339.68925,1380.03
17436.45,15692.36162,1333.15
16794.33,14819.05535,1356.59
16293.43,13888.70334,1377.1
16644.38,13493.95526,1382.96
16172.42,13395.58477,1444.49
16242.88,14383.15837,1526.53
18114.72,15557.66052,1652.52
13671.95,15654.8704,1497.23
16437.9,18929.47876,1418.12
17290.63,21286.2908,1523.6
19288.05,23479.77336,1409.33
16886.58,24280.98113,1465.0
17134.75,25507.53488,1418.12
17655.6,27205.43697,1406.4
18138.55,27688.53209,1277.48
17576.7,28349.30605,1286.27
17387.58,28661.82667,1277.48
17471.67,28214.95665,1254.04
15743.37,26969.90348,1362.45
16296.35,24983.64256,1312.64
13531.75,23057.20581,1359.52
16470.05,21127.6741,1371.24
18857.33,20026.71242,1292.13
19153.97,18069.6426,1327.29
16775.3,16071.49422,1312.64
15822.98,14490.84891,1344.87
16625.8,14189.6882,1297.99
15920.77,13875.23323,1388.82
15963.7,13601.82165,1382.96
15543.8,14436.65194,1549.97
17034.55,17469.18519,1374.17
16169.2,18495.16443,1382.96
15638.03,19461.46018,1462.07
16754.88,18767.48574,1579.27
17372.85,19349.90094,1435.7
16019.65,20550.14753,1412.26
15823.17,20904.83698,1388.82
16206.78,21175.71632,1456.21
14962.93,21583.51247,1412.26
14604.97,21426.51359,1356.59
13796.45,21113.21923,1397.61
14350.05,20672.60947,1423.98
13445.27,19206.58319,1482.58
12489.68,17478.29422,1538.25
11401.7,16177.42626,1520.67
13513.1,15313.86208,1549.97
16092.3,14431.27093,1567.55
15791.95,12782.95854,1538.25
14964.95,11613.8374,1494.3
13985.43,10754.07158,1506.02
14571.3,10953.06344,1573.41
14569.7,10626.65067,1564.62
13593.48,10356.1582,1620.29
14216.63,10041.3867,1760.93
13981.1,10826.13491,1722.84
11765.32,10980.074,1623.22
12761.85,12882.59515,1532.39
12459.63,14900.72009,1485.51
14441.08,16515.44513,1453.28
16392.45,18345.51608,1432.77
15280.38,18810.11178,1517.74
16000.75,19303.65239,1409.33
15759.4,19829.16253,1459.14
16339.4,20211.00322,1418.12
15447.15,20628.50629,1385.89
15156.32,20159.65502,1409.33
15260.3,19375.46953,1453.28
14460.38,18107.59103,1555.83
13660.65,17178.18861,1588.06
14233.63,16188.64549,1590.99
12865.48,14831.71655,1605.64
12603.3,13290.46164,1517.74
11867.02,12478.10498,1494.3
11288.23,11824.92774,1508.95
10806.78,10746.26384,1532.39
10115.41,9812.00796,1620.29
11260.1,10206.08781,1652.52
11263.35,11104.25927,1658.38
11578.92,11750.08598,1664.24
11926.95,13104.51785,1576.34
12942.63,14986.04251,1517.74
14345.73,17124.20266,1506.02
14957.85,17943.0306,1585.13
14407.08,18843.91015,1479.65
15380.35,19676.5599,1523.6
16410.05,20480.51093,1441.56
16204.2,21413.00831,1453.28
16298.98,21931.94166,1476.72
16423.88,22080.74593,1523.6
16617.33,22037.1703,1394.68
15120.83,20463.98103,1447.42
15424.6,19055.95008,1421.05
14251.35,17755.18763,1555.83
13352.58,16478.69248,1599.78
14116.5,16083.55753,1582.2
12838.05,15049.48919,1632.01
12222.27,12617.72988,1532.39
12471.5,12413.39218,1485.51
11844.63,11723.84916,1640.8
12410.4,11815.99456,1608.57
11938.4,11209.45274,1790.23
13004.17,12431.15303,1939.66
13420.95,13149.74647,1772.65
13920.73,15127.28523,1737.49
14941.9,18356.2781,1632.01
16359.02,20190.42877,1623.22
17456.13,21644.46208,1555.83
17198.48,23317.78034,1485.51
17132.67,24723.20871,1544.11
16844.85,25620.9933,1465.0
17851.78,26486.94904,1421.05
16652.03,27054.62801,1441.56
17144.02,27114.6632,1397.61
15746.52,26757.89872,1418.12
15438.3,25440.64154,1365.38
14932.2,23446.95975,1450.35
13412.53,20828.0257,1482.58
14724.3,19565.17651,1544.11
18585.78,18560.72131,1473.79
16660.65,15936.16006,1494.3
16714.08,14858.05888,1514.81
15263.18,13667.30819,1494.3
15454.55,12929.08989,1456.21
14909.1,12602.67712,1541.18
15596.5,12679.45323,1555.83
16516.83,14118.78548,1816.6
16589.17,15573.87389,1801.95
14237.1,16443.66316,1722.84
15931.85,19079.65466,1573.41
16635.47,21040.27665,1444.49
17954.8,23559.64443,1426.91
18145.03,25771.5209,1268.69
18365.07,28029.50524,1242.32
18997.38,28893.9135,1195.44
18549.8,30080.93617,1215.95
18672.03,30510.92459,1245.25
18903.55,30084.10147,1274.55
17682.15,29003.81975,1239.39
16515.25,28091.3341,1327.29
15792.88,25638.93,1406.4
14088.45,23598.61279,1356.59
16531.45,21146.63073,1432.77
18629.13,20257.53313,1371.24
17661.3,18441.21365,1479.65
17545.88,17339.30238,1333.15
17277.67,15951.10731,1388.82
16044.3,15014.38953,1368.31
15498.85,14907.64858,1374.17
15020.05,14627.9064,1555.83
16249.35,15393.97934,1593.92
17001.6,17184.69506,1599.78
15113.4,18637.84912,1523.6
16158.57,20892.0351,1500.16
17692.88,22343.95821,1535.32
17944.42,24305.56496,1397.61
17548.13,25589.3403,1412.26
17963.95,27194.11223,1344.87
17850.28,27491.54492,1385.89
16815.22,28307.48892,1286.27
17103.78,28681.02949,1330.22
17256.67,28578.64962,1336.08
17102.35,28003.4091,1280.41
16030.92,26863.33838,1365.38
15332.4,25002.81021,1341.94
15155.1,22893.17293,1312.64
14392.2,20831.8944,1277.48
19733.25,19762.83191,1254.04
17972.6,17548.38803,1412.26
17394.08,16235.31608,1397.61
17302.63,14887.84787,1359.52
16537.95,13706.1007,1423.98
15528.63,13021.3408,1503.09
16096.5,12501.21167,1535.32
15620.23,13413.73249,1678.89
15632.02,15389.19622,1658.38
14602.8,16889.82978,1549.97
15980.52,18893.78121,1438.63
17703.65,20427.82627,1400.54
19321.65,21621.8126,1397.61
17986.07,22730.19515,1365.38
18224.05,24238.35509,1344.87
18561.18,25152.77509,1397.61
18200.55,25849.63347,1359.52
16972.08,27664.75717,1385.89
16807.95,27356.87899,1277.48
18292.45,27093.13916,1359.52
17833.42,25947.61709,1292.13
16690.75,23798.37839,1394.68
15257.45,22021.94169,1362.45
15448.3,20536.60708,1274.55
20015.72,19122.91376,1192.51
19412.6,17241.14291,1271.62
18750.4,15769.20807,1309.71
18285.13,15069.18439,1300.92
18187.35,14280.81367,1388.82
17575.88,13489.84037,1465.0
17172.5,13064.70541,1538.25
17920.65,14038.94958,1778.51
18187.17,14995.99562,1807.81
15876.38,15771.91616,1658.38
16244.6,17836.78203,1473.79
17009.5,19662.70292,1350.73
18780.5,21720.04241,1435.7
17123.35,22605.1658,1441.56
17119.3,23984.84973,1359.52
17139.53,24670.03167,1312.64
17186.28,25427.69898,1289.2
16998.2,26224.33465,1297.99
16747.6,26141.64998,1274.55
16467.85,26124.06498,1341.94
15972.4,25192.90406,1295.06
15514.0,23282.85653,1394.68
15004.28,21634.8255,1315.57
15617.83,19874.46149,1303.85
19477.72,18758.20086,1341.94
18753.58,16948.91538,1382.96
18657.4,15523.93249,1429.84
17847.9,14231.50533,1403.47
17832.22,13561.552,1321.43
17389.4,12646.0769,1435.7
17260.72,12541.86819,1500.16
17558.1,12746.48725,1605.64
14385.2,13619.26597,1658.38
15013.32,15625.96066,1432.77
15326.32,17793.76912,1353.66
16641.18,19791.24927,1306.78
17087.47,21143.78196,1403.47
17665.7,22555.29474,1271.62
18031.42,23748.82386,1339.01
18498.1,24810.35997,1394.68
18875.58,25836.33921,1406.4
19629.03,26869.45796,1336.08
19223.0,26690.05579,1339.01
18323.35,26005.89378,1268.69
18365.17,25224.41638,1362.45
18081.75,23748.68318,1347.8
17278.35,22132.26998,1380.03
16357.75,20680.94476,1438.63
15077.43,18720.14692,1344.87
14651.7,17276.62944,1435.7
13845.4,15478.56319,1447.42
13460.75,14097.5428,1432.77
12958.0,13363.50973,1467.93
12904.83,12908.12857,1488.44
13000.65,12393.5563,1523.6
13243.85,12942.27864,1719.91
14239.9,14552.46675,1673.03
14573.88,16195.53881,1517.74
15156.58,18050.93216,1441.56
16491.88,20480.22957,1315.57
16961.92,22382.43419,1382.96
17672.97,23672.71598,1385.89
18103.13,24573.06798,1362.45
18537.95,25545.55365,1359.52
18855.28,26340.00878,1333.15
20104.5,27283.33852,1327.29
19286.85,27134.18255,1339.01
18826.67,26445.97599,1315.57
17717.27,25192.16549,1394.68
17548.0,23923.40774,1318.5
16974.47,22353.7003,1406.4
15500.95,20489.65513,1450.35
15317.45,19410.78021,1385.89
14801.88,17803.89808,1388.82
14951.02,16617.89534,1432.77
14528.3,16345.46852,1409.33
13687.58,15477.50809,1418.12
14174.98,15062.18556,1453.28
14386.28,15465.72614,1547.04
14954.4,16813.82741,1637.87
15517.52,18023.60507,1620.29
16492.6,19047.29826,1523.6
17691.28,21720.6403,1347.8
18110.08,23121.98895,1330.22
18655.7,23878.21429,1268.69
17968.52,25451.75526,1344.87
18425.2,26353.26787,1397.61
18622.97,27436.117,1254.04
18795.45,27977.13711,1327.29
18620.3,28561.24047,1251.11
18393.48,28953.38597,1277.48
18026.28,28687.21941,1254.04
17356.45,27553.54963,1292.13
16772.8,25591.27465,1274.55
15750.25,23396.80733,1312.64
16981.88,21669.08108,1306.78
19585.85,20337.82624,1336.08
19065.25,18431.61224,1265.76
18672.78,16936.99275,1254.04
17605.17,15762.06856,1289.2
17602.35,15080.82566,1262.83
16790.9,14782.58406,1371.24
16448.28,14650.97792,1444.49
17665.5,15805.53868,1564.62
16994.92,17570.89683,1508.95
16849.8,19042.90201,1432.77
17550.2,21320.89808,1382.96
18428.72,22989.5739,1426.91
18990.3,24186.90138,1353.66
18746.42,26086.78478,1265.76
19012.83,26904.52245,1221.81
18899.35,27617.45352,1274.55
18975.6,27959.4466,1230.6
18685.6,28310.86524,1251.11
18324.53,28106.98475,1315.57
17730.55,27471.95523,1300.92
17170.78,26242.0955,1394.68
16658.75,24722.89218,1315.57
14476.35,22442.89142,1380.03
16979.75,21091.37866,1344.87
19914.42,19663.75802,1218.88
18266.15,17565.83235,1236.46
17072.85,16498.247,1295.06
16666.58,15617.76605,1371.24
16521.45,14807.66027,1280.41
16318.45,14566.39407,1297.99
16320.98,14704.08462,1409.33
16785.4,15723.31122,1532.39
16993.63,17797.88401,1523.6
16184.52,19372.58559,1365.38
16809.78,20610.25306,1470.86
18031.0,22551.98876,1380.03
18571.4,23950.84034,1374.17
18175.08,25261.69658,1394.68
18179.43,26117.80472,1406.4
18120.97,26958.71942,1388.82
18374.03,27404.95638,1377.1
18111.47,28176.90271,1315.57
17964.9,28400.1267,1350.73
17480.53,27640.24368,1359.52
16779.03,27088.49672,1397.61
16429.17,24941.79026,1377.1
14343.48,22594.57963,1517.74
16095.85,21070.31183,1365.38
19453.97,19916.87651,1403.47
18154.8,17986.71174,1321.43
17859.22,17049.25539,1327.29
17686.22,16145.24571,1336.08
17227.03,15274.96406,1344.87
16741.72,14326.46433,1456.21
16628.58,14419.62966,1532.39
17292.97,15828.53986,1599.78
18297.97,17931.31899,1567.55
16469.7,19889.90112,1479.65
17184.4,22031.36725,1508.95
17946.2,23044.36876,1573.41
18541.35,24339.29299,1456.21
18374.95,26076.62065,1356.59
18507.95,27661.38085,1321.43
18750.9,28730.09164,1344.87
18714.03,29310.678,1233.53
18843.55,29408.48577,1289.2
18512.55,29455.2267,1300.92
18268.97,29275.61351,1262.83
17482.35,28150.7714,1306.78
16444.03,25955.98755,1286.27
15320.45,23918.87081,1321.43
15421.55,21651.17955,1339.01
19749.3,20565.12995,1280.41
18956.32,18300.77984,1347.8
18590.47,16564.75347,1324.36
18040.47,15618.32877,1318.5
18134.65,15475.43306,1324.36
17836.05,14429.68828,1421.05
17856.47,14695.22178,1426.91
18236.1,15676.60546,1561.69
17022.95,18271.58874,1605.64
16734.7,19438.07213,1397.61
17405.03,22110.42941,1385.89
18503.03,24129.18741,1397.61
19355.85,25868.27357,1330.22
18888.97,27744.59307,1215.95
18990.95,28953.13978,1180.79
19103.97,30088.18119,1207.16
19221.9,30948.75592,1142.7
19044.92,31466.9507,1154.42
18888.38,31605.02812,1166.14
18506.15,31592.12073,1218.88
17552.03,29800.73678,1224.74
17090.35,27603.80756,1218.88
15752.45,25572.8104,1227.67
16748.13,23945.74069,1183.72
20321.95,21863.81737,1213.02
19459.82,19412.15184,1180.79
18979.0,17441.57674,1227.67
18426.38,16154.31957,1274.55
18199.42,15109.70023,1295.06
17793.08,14626.35892,1277.48
17977.58,14884.04951,1377.1
18017.53,15151.55253,1479.65
17549.9,16717.77814,1406.4
16499.38,18122.50311,1362.45
16686.35,20891.47238,1834.18
17394.15,23019.15187,1459.14
18723.43,25496.38599,1254.04
18892.63,26671.23984,1174.93
19297.13,27447.65276,1136.84
20578.13,29313.66745,1227.67
20005.25,29340.53733,1204.23
19718.68,29134.23011,1172.0
19445.83,29536.53974,1207.16
18641.7,28499.05991,1142.7
19373.38,27817.7115,1192.51
19525.17,26978.27394,1227.67
17893.08,24862.79844,1224.74
17154.7,23715.51787,1268.69
16443.55,22140.35908,1227.67
15442.63,19941.84721,1256.97
14677.4,18247.6028,1256.97
14377.65,17552.92496,1183.72
14274.2,17097.64931,1230.6
14069.08,16376.66431,1303.85
14132.67,16467.86012,1280.41
14467.82,16979.97049,1324.36
14879.72,18338.41174,1268.69
15570.52,19867.60334,1145.63
16862.67,21800.26518,1180.79
17074.88,23227.3231,1265.76
17466.92,23601.46156,1256.97
17994.67,24194.39259,1204.23
18597.35,25389.75055,1157.35
18931.65,26396.94901,1040.15
19492.65,27248.69607,1069.45
19532.47,27529.17682,1107.54
19166.65,27598.6024,1160.28
18731.05,26669.51651,1160.28
18375.72,25995.79999,1230.6
17078.38,24072.28235,1207.16
16504.47,22638.99934,1251.11
15786.5,21403.96962,1286.27
15105.95,19600.38168,1286.27
14955.1,18229.56059,1236.46
15013.52,16898.97398,1213.02
14809.1,16405.57405,1265.76
13784.92,15355.50336,1224.74
14633.38,15120.9898,1394.68
14982.17,16231.62323,1362.45
15287.15,17255.24608,1514.81
15878.2,18657.43881,1421.05
17094.95,20390.08886,1368.31
17316.7,21464.03998,1324.36
18008.5,22708.14356,1186.65
18424.8,23726.24472,1189.58
17705.15,24616.57327,1169.07
17786.6,24970.17245,1277.48
17838.35,26232.21273,1248.18
18004.0,26604.13548,1210.09
17712.88,27014.60455,1230.6
17499.78,27300.07944,1248.18
16848.8,26228.51988,1292.13
16099.42,24605.00234,1277.48
15767.55,23283.77095,1256.97
14739.8,21564.16897,1268.69
15424.83,19117.42724,1382.96
17451.53,18130.69772,1380.03
16569.95,16281.5998,1415.19
16001.15,15102.59589,1409.33
16179.58,14443.82662,1400.54
15875.03,13689.53563,1423.98
15588.45,12996.54595,1447.42
15854.43,13798.87916,1535.32
16968.9,14383.26388,1649.59
17402.18,16449.78274,1564.62
15733.42,17289.85336,1488.44
16539.67,20052.31618,1397.61
17744.42,21759.89002,1362.45
18868.1,23946.30341,1265.76
18572.58,24844.51004,1221.81
17518.38,24982.34127,1256.97
17821.63,26050.98172,1286.27
17929.4,27044.11218,1262.83
17915.53,27864.4876,1254.04
17611.47,28180.98243,1262.83
17205.5,27390.53668,1245.25
16287.5,25142.22409,1280.41
15612.35,23599.66789,1315.57
13735.8,21585.65784,1324.36
16982.88,20369.79577,1333.15
18249.65,18779.93592,1315.57
16832.13,16827.05133,1341.94
16234.88,15455.13997,1415.19
16204.0,14585.80791,1339.01
15617.05,14294.07276,1418.12
15182.05,13851.17695,1517.74
15464.92,14495.10448,1549.97
16678.15,15343.12352,1714.05
16613.17,17129.33748,1552.9
15758.2,18343.2652,1476.72
16630.03,20000.75696,1459.14
17751.95,21945.93932,1423.98
18444.9,23128.67125,1426.91
17456.6,24012.56369,1397.61
17829.75,24502.65764,1429.84
17023.47,25663.02145,1333.15
16664.13,24652.72803,1297.99
16455.83,26181.70861,1286.27
16462.67,26528.48481,1309.71
15734.3,25323.03306,1371.24
14613.05,23537.20597,1421.05
14226.85,20927.41612,1491.37
13674.78,19300.55743,1485.51
13989.75,17272.02217,1456.21
17919.7,16565.10517,1517.74
16174.6,14553.09981,1588.06
15701.52,13182.73593,1541.18
15575.38,11986.14702,1678.89
15695.67,11587.67092,1661.31
15550.88,10827.71756,1693.54
15781.75,11111.32844,1763.86
16056.42,11381.7154,1951.38
16337.75,13010.12157,1916.22
15582.7,14433.45147,1860.55
15843.13,16116.93386,1702.33
16469.92,17419.73617,1570.48
17025.42,18191.3308,1561.69
17229.03,19664.63727,1549.97
17109.95,20018.23645,1549.97
16255.67,20689.98345,1470.86
16321.7,21720.71064,1444.49
16131.25,22763.11427,1456.21
15819.0,23068.49538,1380.03
15532.18,22077.12342,1435.7
14984.83,20684.39142,1438.63
14757.65,19162.33933,1374.17
13902.3,17379.43135,1479.65
14599.8,16008.3289,1441.56
17401.7,14899.34846,1529.46
17152.35,13653.87325,1476.72
16999.55,12516.40511,1479.65
16326.95,11547.61229,1488.44
15984.58,10904.49367,1532.39
15962.77,10070.9295,1629.08
15995.75,10743.80194,1722.84
16207.13,10889.47608,1898.64
15591.23,12280.13305,1722.84
15412.88,14217.43733,1696.47
15724.85,16192.47902,1585.13
17217.55,18491.64743,1517.74
17598.63,20074.96566,1453.28
16630.83,21035.91557,1327.29
16335.85,22263.24306,1330.22
16280.05,23529.53891,1353.66
16521.0,24725.28374,1262.83
16696.85,25422.2828,1242.32
16642.55,26314.40502,1230.6
16110.1,26077.95711,1303.85
15638.33,25188.47264,1321.43
15220.5,23626.18607,1277.48
14887.13,21580.03064,1300.92
17120.03,19690.66307,1336.08
19664.7,18484.54309,1286.27
18708.17,16203.41689,1277.48
17958.55,14102.85347,1353.66
17442.78,13127.94107,1336.08
16978.6,12567.75331,1409.33
16419.78,12180.84814,1514.81
16626.6,12169.98061,1491.37
16956.27,12542.04404,1670.1
14333.2,13440.39135,1555.83
14742.95,15716.17171,1459.14
15171.38,17343.90965,1409.33
16366.93,19398.78724,1347.8
17027.08,20981.57792,1245.25
17964.95,22091.12108,1215.95
18550.88,23277.44035,1148.56
18980.8,24689.97306,1154.42
20341.28,26337.47654,1315.57
19955.17,26979.43455,1274.55
19705.0,27043.16259,1201.3
19509.42,26913.66665,1295.06
19129.78,25824.45175,1172.0
18182.2,23890.55896,1286.27
17574.7,22073.07887,1271.62
16641.72,20059.70188,1174.93
15235.27,18193.01896,1300.92
15034.92,16807.98919,1324.36
14414.28,15357.05084,1333.15
14056.8,14917.95339,1341.94
13769.42,13918.56267,1344.87
12969.5,12989.72297,1467.93
13448.53,13393.61525,1441.56
13878.58,14003.70924,1547.04
14164.52,15121.02497,1585.13
14916.72,17162.99517,1382.96
16056.15,19019.61947,1409.33
16574.0,20735.1769,1300.92
17679.57,21969.25703,1236.46
18700.97,23511.53187,1174.93
19660.47,25650.14923,1198.37
19884.17,26712.56459,1239.39
20261.83,27483.2448,1236.46
20364.72,28152.00235,1262.83
20541.2,28556.56286,1183.72
20944.38,28267.67648,1230.6
19976.85,27270.39596,1163.21
18952.7,25326.44455,1189.58
17609.95,23340.99254,1224.74
17039.22,21820.55827,1180.79
16248.65,20576.98224,1265.76
14930.63,18233.04242,1306.78
15708.95,17726.0317,1195.44
15365.33,17633.32358,1259.9
14867.45,16233.27622,1207.16
14117.5,15228.99687,1315.57
14432.13,16030.94321,1388.82
15172.6,17784.02703,1508.95
16139.38,18816.44238,1529.46
16934.52,20047.6034,1435.7
17686.55,21783.48909,1289.2
18860.58,23907.47573,1295.06
19341.92,25866.16337,1207.16
17977.13,27092.89297,1122.19
18081.3,28248.57917,1198.37
18293.75,29442.07312,1242.32
18602.8,30061.41682,1122.19
18481.8,30335.14493,1151.49
18127.35,30595.96565,1183.72
17814.48,30127.71227,1236.46
16996.42,28945.12102,1227.67
16578.65,27611.89666,1215.95
14821.02,24756.19817,1292.13
15999.5,22670.40615,1259.9
19405.28,20948.58846,1145.63
18222.5,18892.6206,1236.46
17659.75,17405.73851,1280.41
16659.2,16079.97019,1227.67
16770.7,15594.94072,1259.9
16593.5,14758.84431,1374.17
16787.58,14941.93933,1339.01
17607.8,16822.1627,1465.0
18439.17,19595.14135,1371.24
16969.32,20874.4501,1300.92
17300.9,22478.97584,1289.2
18018.7,23615.67024,1189.58
18632.3,25270.7001,1075.31
17822.8,26182.51752,1057.73
18269.78,27356.35144,1110.47
18187.6,28075.12073,1139.77
18222.65,28807.36013,1215.95
18377.58,29302.83509,1130.98
18256.2,29985.41445,1195.44
17494.22,29469.9981,1163.21
17076.05,28891.13507,1110.47
16151.13,26846.24576,1198.37
15318.45,24926.91335,1201.3
15114.75,22807.92085,1207.16
19477.5,21148.91678,1130.98
18418.75,19324.08616,1110.47
17542.73,17638.84527,1098.75
17439.58,16802.8192,1204.23
17070.9,16086.54698,1136.84
16729.65,15590.54447,1163.21
16745.13,16008.36407,1192.51
17630.55,17658.32945,1280.41
18709.03,19844.84835,1274.55
16726.55,21345.48191,1365.38
17479.55,22869.57386,1151.49
18531.72,24479.58612,1133.91
18327.13,25449.08234,1048.94
17947.07,26649.99716,1069.45
17966.1,28196.28138,1101.68
17771.53,29304.27706,1110.47
17546.55,29124.52319,1154.42
18080.55,29681.93252,1122.19
17805.2,29634.69921,1125.12
17578.45,29507.77068,1151.49
16782.8,28697.38354,1136.84
16671.0,27228.68434,1221.81
14590.45,24653.22041,1204.23
18026.28,23291.50835,1160.28
19817.93,21344.60266,1154.42
18722.55,19063.33578,1133.91
17531.58,17784.83594,1233.53
16947.32,16733.35845,1107.54
16984.95,16203.03002,1262.83
16424.78,15749.58321,1151.49
16361.45,15881.11901,1192.51
17379.15,17427.40323,1380.03
17658.57,19312.51523,1368.31
16229.9,20596.99397,1397.61
17084.97,22023.38366,1239.39
17147.4,23254.29849,1172.0
18064.17,24514.43959,1119.26
17407.65,25553.67792,1230.6
17575.93,27030.64207,1057.73
17950.55,27867.37154,1078.24
17829.48,28684.68717,1054.8
17980.7,29410.63114,1063.59
17323.6,29109.68145,1104.61
16974.78,28921.52195,1180.79
16371.2,27742.096,1142.7
15713.35,26342.43551,1227.67
14173.67,23715.72889,1195.44
14032.43,21745.50549,1195.44
18597.25,20415.37609,1300.92
17330.85,18023.2182,1394.68
16566.02,16020.14602,1295.06
16394.95,14965.5384,1300.92
15866.9,14291.99773,1327.29
15586.78,13973.81474,1327.29
15963.65,14311.90395,1368.31
16708.9,15475.57374,1582.2
17318.58,17637.0516,1462.07
16193.05,19142.36277,1374.17
16287.07,20928.92843,1321.43
16955.22,23123.11439,1180.79
17302.05,23168.62437,1259.9
17291.42,25332.28277,1180.79
17343.17,25769.12934,1195.44
17300.9,26308.9185,1092.89
17435.33,27482.75242,1142.7
17429.83,28301.01764,1078.24
17183.67,27819.15347,1101.68
16774.13,27651.60359,1145.63
15859.9,25731.21608,1195.44
15095.98,23870.65274,1189.58
12965.08,21887.87365,1145.63
13506.55,19960.83901,1245.25
17449.53,18976.50105,1172.0
16739.05,16961.18971,1160.28
16608.6,15482.04502,1201.3
16456.55,14769.50082,1157.35
16368.37,14028.85579,1251.11
16286.58,14026.21804,1192.51
16273.52,13910.93078,1201.3
16312.38,14684.70595,1242.32
16500.72,16228.87997,1251.11
14921.4,17990.8618,1256.97
15235.22,19429.6665,1125.12
15908.33,20504.32102,1248.18
16364.35,21122.60962,1189.58
16379.85,21318.36584,1119.26
16662.65,22483.65345,1160.28
17144.53,23037.7568,1133.91
16931.07,23616.61983,1101.68
17612.85,24482.08319,1078.24
17213.72,24484.72094,1066.52
16646.63,24076.60826,1169.07
16531.2,23646.23297,1183.72
15936.75,22426.1505,1081.17
15138.88,20880.88621,1174.93
14844.75,19985.03597,1101.68
13821.82,19463.11317,1186.65
13224.25,17660.43965,1104.61
13361.45,16849.27877,1154.42
13037.58,16238.09451,1201.3
12732.03,15369.53619,1251.11
12511.22,14703.83843,1359.52
12774.77,14412.34947,1347.8
12762.45,14975.24532,1350.73
13090.0,16411.16608,1242.32
14458.05,18172.90172,1262.83
14621.95,19504.15656,1163.21
15196.75,20883.87566,1204.23
15469.0,21940.27695,1139.77
16167.92,22814.88451,1262.83
16645.08,23530.4885,1130.98
17497.67,24795.48306,1163.21
17256.65,25333.93576,1236.46
17190.0,26111.01691,1081.17
16939.33,26166.05796,1110.47
17123.15,25929.39903,1142.7
15970.38,24912.03644,1113.4
16027.98,23902.76295,1148.56
15777.15,22461.53152,1227.67
14953.97,21531.4257,1256.97
13641.0,19666.85298,1388.82
13020.33,17759.86524,1321.43
13491.75,16764.4839,1306.78
13295.38,16222.23284,1254.04
13150.2,15550.38033,1341.94
12934.05,15155.84327,1297.99
13237.77,15543.41667,1362.45
13970.45,16701.63511,1371.24
15449.58,18650.47515,1412.26
15864.5,20140.27635,1292.13
16547.9,21107.09965,1344.87
17132.33,22014.27463,1315.57
17919.95,23245.2598,1318.5
17047.38,23746.11577,1333.15
17291.47,24649.45722,1318.5
17399.45,25393.61925,1265.76
17239.8,26332.93961,1356.59
17216.55,26487.54693,1213.02
17009.8,26686.96083,1189.58
16465.8,26628.57863,1166.14
16195.85,26072.11889,1157.35
16168.05,24722.25912,1280.41
15582.3,22813.09084,1186.65
16299.97,20968.95189,1242.32
18542.18,19624.61381,1242.32
16653.22,17721.28375,1215.95
16670.88,16247.27388,1145.63
16350.05,15690.88448,1166.14
15836.98,15051.45871,1256.97
15648.85,15081.10702,1289.2
16568.67,14971.09526,1315.57
17092.47,17442.10429,1382.96
16686.35,19981.23761,1259.9
16652.48,20348.69377,1289.2
16494.23,21561.81258,1341.94
18008.5,23076.40863,1330.22
18095.97,24098.27298,1201.3
16891.97,25002.03647,1204.23
16498.85,25827.51154,1277.48
16832.97,26615.28437,1277.48
16765.68,27323.18613,1268.69
16746.6,27917.91083,1233.53
16646.67,28194.55805,1303.85
16193.35,28111.97889,1248.18
15942.33,27689.02447,1233.53
15463.83,26258.20336,1280.41
14968.42,24611.40328,1300.92
15150.6,22678.42491,1230.6
18737.4,21063.10198,1215.95
18474.3,18378.85724,1277.48
17398.2,17050.48634,1207.16
17236.03,16536.33611,1151.49
17600.45,16218.36414,1095.82
18225.55,15949.80602,1142.7
17723.92,15924.90566,1303.85
18419.7,17240.40434,1391.75
18004.55,18161.36596,1306.78
16674.23,18744.23837,1382.96
19812.82,20946.65411,1242.32
19232.53,23117.34651,1110.47
18940.75,25284.94395,999.13
17893.93,26437.32417,1072.38
18063.72,27354.62811,1069.45
18397.28,28440.53703,1125.12
18446.85,29295.06252,1204.23
18629.88,30194.95731,1098.75
18263.93,29870.9361,1172.0
17830.75,29832.67114,1157.35
17352.03,29309.41188,1163.21
16633.45,27544.51094,1201.3
15889.4,25305.97561,1157.35
17765.77,23352.31728,1087.03
21014.25,21605.14202,1136.84
19745.9,19969.45566,1095.82
19298.2,18279.43165,1148.56
18824.53,17542.90151,1125.12
18390.08,16985.3515,1125.12
18254.55,16407.68425,1142.7
18505.9,16591.37716,1160.28
19336.58,18748.56428,1265.76
18348.05,20981.50758,1192.51
17556.65,21889.49147,1207.16
17772.35,23341.23873,1207.16
18739.55,24943.47842,1183.72
19379.8,26204.92081,1034.29
19166.6,27707.20736,1046.01
18576.95,28803.80796,1063.59
18697.28,29547.68863,1084.1
19027.85,30215.6021,1069.45
18987.65,31110.43241,1043.08
18543.7,31366.57552,1022.57
18003.2,31028.7325,1022.57
17567.38,30302.43683,1075.31
17211.82,28783.86657,1174.93
15850.13,26359.38745,1116.33
15723.12,23842.65742,1160.28
20878.78,22638.04975,1066.52
20589.05,20739.60832,1028.43
19645.75,19212.35107,1072.38
19631.03,18755.94998,975.69
19723.13,17813.00711,1142.7
19256.22,17421.07263,1054.8
19504.42,17885.77384,1051.87
20060.92,19593.13666,1189.58
19180.9,21852.63331,1172.0
17861.52,22796.52577,1139.77
18150.0,24288.96472,1128.05
18936.82,25850.16102,999.13
20050.67,29128.07536,1148.56
19102.1,29914.8986,1013.78
18485.53,30480.71356,1046.01
18616.33,31622.15591,993.27
18662.8,32249.41286,1046.01
18622.78,32698.39308,996.2
18388.8,33005.07548,1060.66
17868.22,32525.98974,969.83
17471.2,31721.2298,1136.84
16431.33,29612.15524,1183.72
15628.2,27559.24717,1218.88
16647.02,25572.38836,1233.53
20856.83,23645.31855,1289.2
19850.42,21386.91217,1213.02
19611.47,19457.97835,1248.18
19320.2,18626.17268,1265.76
18583.72,17553.03047,1227.67
18796.35,17565.19929,1221.81
18146.35,17283.06555,1289.2
18266.35,18107.76688,1242.32
15868.63,19214.4261,1371.24
16483.6,20857.74435,1274.55
16354.38,21776.70128,1192.51
16997.35,23080.10148,1218.88
17560.1,23810.7934,1154.42
17977.03,24630.00821,1101.68
18249.75,25749.11761,1128.05
18613.47,26710.80609,1092.89
18771.3,27271.24004,1139.77
19048.47,27771.81465,1172.0
19658.85,28278.86054,1089.96
19616.07,28105.64829,1157.35
18604.8,26652.42389,1224.74
17508.97,24996.97199,1259.9
16962.47,23492.8566,1277.48
16279.15,22021.27346,1300.92
15412.33,20668.21322,1210.09
15046.95,19153.30064,1254.04
14425.8,17543.8511,1242.32
14325.0,16986.37143,1125.12
13455.45,15832.51407,1104.61
13583.35,15268.17625,1122.19
14620.92,15820.27491,1186.65
14493.63,16713.03019,1142.7
14972.17,18156.93454,1174.93
15562.23,19378.00177,1180.79
15879.9,20406.26706,1142.7
17128.47,21917.45162,1098.75
17091.4,21978.85844,1048.94
17293.0,23345.38879,1054.8
17541.22,23812.76292,1037.22
17800.75,24732.45842,1054.8
17967.63,25313.22063,1101.68
17803.75,25090.41868,1087.03
17668.43,24984.87351,1101.68
17471.75,24405.62361,1104.61
17090.88,23847.86258,1101.68
16322.65,22445.31815,1130.98
15621.75,21224.88398,1148.56
15213.7,20030.82731,1186.65
14819.2,18975.19976,1245.25
13867.33,17286.65289,1207.16
13789.75,15568.03567,1113.4
13908.5,15343.68624,1098.75
14139.9,15425.70268,1113.4
14023.0,15006.96866,1087.03
14448.55,15724.82353,1248.18
15692.45,17839.52529,1315.57
15732.0,18474.76583,1215.95
16748.03,19758.61151,1160.28
16548.1,20779.66695,1201.3
16927.98,21913.30156,1098.75
17009.55,22374.23958,1113.4
16381.52,23330.3712,1092.89
15685.53,24087.65164,1130.98
15422.42,25748.76591,1139.77
15485.1,26251.06385,1092.89
15281.25,26205.27251,1230.6
15223.17,26588.02762,1133.91
15319.35,26662.76387,1189.58
14988.35,26202.56442,1130.98
14869.67,24847.32364,1166.14
13710.75,22719.60898,1303.85
14188.58,20937.19338,1318.5
17727.72,19156.0439,1130.98
17114.28,17528.48181,1169.07
17301.08,16323.31142,1218.88
17155.28,15903.62781,1292.13
17262.4,15927.57858,1230.6
17076.17,15281.92772,1242.32
17154.75,15710.96655,1204.23
17558.2,16938.50506,1391.75
18551.92,19450.97952,1289.2
16872.33,20829.92488,1268.69
17464.9,22397.06491,1254.04
17959.08,23275.68185,1139.77
18196.2,24503.00934,1081.17
17795.6,25084.05291,1092.89
17796.43,25592.40009,1119.26
17011.07,26199.39912,1095.82
16846.4,27207.8637,1107.54
16844.85,27323.573,1043.08
16748.65,27801.99051,1119.26
16384.95,27695.03854,1066.52
15858.13,27351.11111,1104.61
15124.75,25073.85361,1218.88
13951.3,23130.11322,1195.44
14948.45,20826.75958,1189.58
19010.72,19234.43783,1198.37
18288.22,17693.81598,1177.86
17754.63,16311.67015,1213.02
17601.65,15781.02519,1166.14
18150.6,15222.73661,1286.27
16891.13,14542.795,1242.32
16847.58,14862.20894,1283.34
18176.4,16167.12145,1318.5
17712.98,18442.93698,1271.62
16193.23,19824.76628,1297.99
17109.18,21590.1596,1289.2
18062.88,23306.49077,1274.55
18579.33,24455.63535,1236.46
17214.92,25542.66971,1122.19
17473.2,26624.85061,1201.3
18003.68,27510.25536,1128.05
18213.9,28875.94163,1122.19
18023.9,29288.06369,1116.33
17703.28,29371.38142,1133.91
17095.35,29171.93235,1207.16
16735.67,28270.73627,1172.0
16032.05,26401.09907,1213.02
13970.6,24106.18623,1242.32
14852.27,21969.46805,1192.51
19398.08,20678.09599,1224.74
18325.4,19087.70859,1245.25
17855.75,17320.13473,1195.44
17534.33,15768.1178,1174.93
17594.42,15487.32052,1251.11
17525.92,15022.44346,1221.81
17401.72,15674.53043,1283.34
18003.45,17072.43242,1409.33
18326.03,19383.66414,1295.06
16860.65,20780.30001,1344.87
17458.55,22502.36389,1201.3
18723.75,24482.5404,1148.56
19377.73,25878.12117,1169.07
18260.15,26159.48117,1095.82
18345.8,28165.96484,1136.84
18348.42,28852.37773,1084.1
18522.63,30289.07223,1172.0
18737.78,31005.44996,1136.84
18743.53,31347.30236,1107.54
18084.83,31371.14762,1136.84
17707.75,30532.69482,1198.37
16619.02,28419.71639,1259.9
15255.45,25749.15278,1230.6
15118.13,23533.3021,1201.3
19280.15,21926.34963,1163.21
18557.8,20163.6644,1160.28
18906.27,18706.5713,1204.23
18581.25,18047.69652,1198.37
18199.1,16891.62345,1174.93
17834.88,16649.40766,1136.84
17809.05,16786.67617,1245.25
18295.9,18698.1305,1330.22
18551.08,21000.7104,1309.71
17525.4,22500.74607,1280.41
17796.03,24204.13468,1245.25
18245.82,25247.34722,1195.44
18932.85,26841.07577,1110.47
17803.33,27808.2156,1075.31
17940.22,28888.2863,1218.88
18033.45,29617.3604,1192.51
18230.35,30759.36547,1251.11
18285.83,31350.32698,1172.0
17966.13,31473.10545,1148.56
17603.07,30728.52138,1133.91
16932.72,29429.48226,1145.63
16562.82,28544.14785,1154.42
15212.67,26199.04742,1210.09
16377.9,24297.40552,1189.58
19754.63,22387.67452,1110.47
19034.45,20534.49688,1198.37
18871.15,19020.14702,1192.51
18592.05,17886.30139,1227.67
18384.85,17405.10545,1207.16
17532.4,16324.99958,1157.35
17494.08,16484.63621,1277.48
17516.15,17081.7173,1312.64
17839.85,18612.80808,1169.07
16157.08,20540.65163,1251.11
16172.58,21638.37767,1230.6
17423.53,23592.00083,1262.83
17690.08,24184.6505,1133.91
18007.75,25337.59344,1107.54
18367.0,26441.22804,1054.8
18717.25,27411.42766,1101.68
19412.4,28654.26512,1130.98
19637.17,29095.19141,1098.75
19735.42,29897.41911,1174.93
19088.35,28950.29101,1136.84
18446.08,28185.83589,1101.68
17958.1,26782.23636,1221.81
17208.08,25182.24755,1139.77
16071.75,23024.0405,1107.54
15813.72,22195.75183,1092.89
15363.85,20200.06535,1069.45
14881.6,19057.04035,1022.57
14468.3,18380.82676,1119.26
13874.1,17269.03272,1066.52
13925.63,16842.35028,1092.89
14063.23,16777.00442,1084.1
14503.38,17425.92609,1130.98
15544.9,19652.996,1130.98
15781.15,21134.60259,1224.74
17086.75,22909.3863,1125.12
17441.97,24346.92488,990.34
18554.53,26979.01251,1025.5
18533.53,27819.08313,1025.5
19014.97,28847.98148,996.2
19384.65,30150.74862,1048.94
19790.77,31282.02684,1040.15
19702.4,31227.33749,987.41
19678.8,31653.56272,984.48
19255.17,31169.30699,1034.29
19147.8,30478.35717,1043.08
18754.8,29071.80336,1051.87
17722.63,27311.72071,1031.36
17305.72,25799.41071,1066.52
15924.35,23933.04432,993.27
15658.42,22506.47878,1013.78
16203.97,21130.59321,1057.73
15940.18,20552.04671,1051.87
15652.15,20228.48271,1116.33
15371.27,19768.21292,1046.01
15782.98,20741.33165,1078.24
16787.65,22907.59263,1221.81
18129.3,25221.28625,1215.95
18900.6,26108.59018,1218.88
18852.52,27567.3011,1218.88
19438.07,28873.97211,1048.94
20975.72,30983.04667,984.48
20272.03,32454.98151,958.11
20546.92,33200.23381,1043.08
20929.8,34186.47095,1031.36
20999.15,35045.88507,1075.31
20926.78,35722.45036,990.34
20652.47,36029.02725,955.18
20068.13,35411.40688,1016.71
19729.4,34135.50962,969.83
19105.67,32411.65207,1028.43
16942.38,29569.66988,1113.4
17016.9,27499.14164,1048.94
22795.5,27040.34899,999.13
21441.32,24728.80074,1007.92
20988.97,22733.50113,1060.66
19898.43,21784.15732,1057.73
19727.07,21817.42814,1095.82
19641.05,21341.75389,1151.49
20193.63,21907.14681,1007.92
20829.33,24191.86035,1142.7
21966.97,26319.22331,1189.58
20606.03,28218.96603,1213.02
20430.97,29265.94176,1101.68
21284.05,30864.52377,1069.45
21922.58,32081.22992,1069.45
20776.22,32943.3873,1037.22
21440.42,34121.19543,1007.92
21512.9,34998.82761,1066.52
21356.13,35793.38825,1063.59
21159.9,36369.22666,999.13
20381.53,36619.07434,961.04
20599.8,35995.01786,1034.29
19888.45,35162.79015,966.9
19264.45,33337.22096,996.2
16128.65,30283.55054,1051.87
17498.52,28105.26142,999.13
22998.3,27939.99759,1075.31
22054.42,25754.991,1019.64
21170.9,23186.49073,1022.57
20876.1,22308.50685,1089.96
20622.03,21929.5501,1057.73
20064.35,21193.12547,1128.05
20303.98,22064.14569,1057.73
21238.92,24880.3131,1174.93
22135.98,28480.03294,1180.79
20421.17,29802.49528,1104.61
20741.5,30701.26463,1057.73
21612.17,31435.01634,1022.57
22418.22,33042.88323,1046.01
21273.08,34309.91765,1057.73
21423.48,35039.65998,1046.01
21344.05,35799.50783,955.18
21923.03,37073.0487,1043.08
21506.35,37224.38521,1013.78
21262.8,37011.07916,975.69
20953.83,36052.83734,1004.99
19774.38,34742.05144,1019.64
18467.4,32917.50218,1031.36
17139.07,30526.39939,1016.71
19263.02,28556.49252,1048.94
22856.53,27119.97387,1037.22
21743.08,24885.16656,1037.22
21434.45,23428.70652,999.13
20978.3,22464.94301,1060.66
20602.98,22423.61826,1022.57
20591.63,21658.56525,1075.31
21268.58,22783.86457,1157.35
22516.2,25532.57592,1163.21
22904.63,28527.75863,1148.56
21062.95,29560.80704,1040.15
20927.97,30638.73237,1084.1
22965.63,33263.61015,1040.15
22748.22,34137.51431,969.83
21287.18,35450.26973,949.32
21829.75,36497.59716,902.44
22386.92,36853.86926,925.88
22242.7,38017.7149,899.51
22171.6,38698.43025,887.79
21762.03,38329.77831,1004.99
21291.83,37216.71815,922.95
20864.3,37029.19171,937.6
19892.65,35069.65999,999.13
18749.17,31800.78434,981.55
19065.83,29949.33003,1016.71
23641.85,29192.57714,1040.15
22780.25,26801.43918,996.2
22523.35,25174.75634,999.13
22209.7,25128.965,1037.22
21944.42,24316.81936,1002.06
21848.85,24445.71741,1025.5
21794.0,24860.47722,1081.17
22749.23,28092.98709,1101.68
23001.7,30430.06876,1148.56
21920.67,32067.58396,1031.36
21474.22,33140.26896,990.34
23635.0,35090.93784,1002.06
23582.83,36031.06711,1019.64
22546.38,37656.23764,949.32
22322.1,38593.4478,952.25
22406.85,39373.76459,943.46
22560.6,40158.58314,972.76
22683.88,41197.4346,990.34
22159.38,41025.4533,952.25
22437.15,40788.23165,987.41
21449.42,39041.26741,1060.66
20425.65,36940.52814,1063.59
18648.38,34471.98101,966.9
17606.22,32110.17483,984.48
22366.93,30866.49329,925.88
24017.72,29378.5561,963.97
23371.13,27928.00462,1051.87
23063.12,26988.19188,999.13
23001.53,26820.32547,969.83
23231.83,26935.85892,1019.64
23238.97,28368.61438,1019.64
23569.0,29484.10127,990.34
24120.78,31468.81471,1078.24
24795.6,34012.97734,1031.36
22040.2,35734.44333,993.27
23309.42,37396.85889,1019.64
24071.73,38645.74559,990.34
23849.0,38473.27191,922.95
23606.4,37852.48624,1028.43
23788.07,38639.45016,981.55
23952.3,38425.08901,1046.01
24448.55,39416.95335,1022.57
23135.8,38672.75615,1016.71
23082.7,37717.7148,937.6
22361.95,36413.6112,925.88
21879.28,34984.58376,1019.64
21049.82,32957.20911,949.32
19837.72,31184.74662,969.83
19309.5,29858.16939,984.48
19084.4,28805.17959,981.55
18613.85,27464.07715,1025.5
18294.5,26589.18823,1016.71
17547.45,24873.38461,1084.1
17690.3,24886.96023,996.2
17907.3,25063.1971,1104.61
18218.25,25312.97444,1092.89
19361.55,27946.75023,1069.45
20445.53,30504.31263,1048.94
21183.0,33223.93839,1010.85
22603.67,35886.23705,990.34
23457.57,37744.0923,922.95
23378.85,38345.851,946.39
23135.53,37177.57394,972.76
23446.15,37533.24815,993.27
23730.15,38369.66109,958.11
23594.52,38330.97409,963.97
22813.08,38469.6494,917.09
22868.38,37349.23871,958.11
22734.6,37011.60671,1025.5
21980.3,34901.23086,978.62
21223.07,33255.55622,955.18
20722.45,32426.81034,981.55
19492.18,30363.38644,984.48
18915.17,28767.61803,1031.36
19462.95,28311.60381,1004.99
19738.05,28981.55714,1025.5
19424.88,28186.22276,1002.06
19126.25,26345.24911,1066.52
19517.03,27102.17785,1025.5
21010.8,30351.46381,1066.52
21925.37,32700.57362,1113.4
23174.25,33858.26451,1101.68
23194.9,34828.00692,1107.54
23293.13,35206.50646,1060.66
23732.95,35646.27214,1157.35
22219.35,36632.26309,990.34
22442.88,37476.37826,972.76
22971.9,37996.43705,955.18
23005.88,38675.14771,940.53
22209.75,38891.58389,905.37
21657.6,39439.81385,984.48
21186.3,38733.00236,975.69
20800.25,37544.25636,905.37
20155.67,35471.54758,969.83
18309.47,32232.56643,963.97
19311.13,29311.24072,996.2
23245.47,28316.94965,958.11
22156.4,25701.46226,961.04
21808.5,25012.97434,969.83
21501.17,23679.71481,1046.01
21254.88,23039.48013,1037.22
21134.65,22592.01222,1002.06
21385.2,23434.33372,1110.47
22283.52,26105.6359,1204.23
22110.72,29218.8843,1119.26
21613.58,30058.84941,1092.89
21790.47,32040.11619,1063.59
22580.05,33444.34878,993.27
22635.08,33419.30774,1004.99
21312.0,34194.48971,1004.99
21611.25,35212.83706,949.32
21719.18,35313.17707,925.88
21770.52,36179.55485,1031.36
21606.17,36973.5176,981.55
21487.45,37114.09209,955.18
20818.0,37092.28669,969.83
19722.25,35998.6052,943.46
19270.05,34297.784,1016.71
18479.05,31468.56852,1028.43
19740.55,28391.08801,1060.66
22938.33,27814.58137,1002.06
21713.35,24974.70938,1019.64
21233.3,22953.3488,1031.36
21237.65,22606.11539,1089.96
21141.25,22140.28874,1075.31
20740.6,21068.5885,1034.29
20734.67,21772.97326,1110.47
21425.95,23961.77821,1183.72
19385.05,27083.32673,1239.39
20064.88,28313.29197,1198.37
20773.75,29571.42838,1160.28
21584.28,31041.3937,1139.77
22138.63,32551.45282,978.62
20735.95,34189.74176,1110.47
21446.45,35065.65061,1048.94
21278.63,35828.20655,1048.94
21555.38,36502.16926,1119.26
21483.3,37242.46259,1013.78
20388.8,37440.46969,1081.17
20507.7,37579.21534,1133.91
19895.63,37245.7334,1101.68
19404.75,35162.68464,1078.24
17477.03,32170.73757,1092.89
17201.48,28833.80797,1075.31
21983.35,27950.93546,984.48
20902.63,25696.22193,1060.66
20352.68,22817.17056,1142.7
20115.65,21242.08211,1218.88
20707.28,21458.16659,1142.7
20671.4,20952.24614,1213.02
20893.6,21831.56648,1186.65
21279.25,23962.69263,1242.32
21385.22,27159.46978,1201.3
20875.3,28441.45145,1289.2
20943.33,30282.84714,1277.48
21957.35,32583.38718,1286.27
22531.63,34511.16039,1183.72
21533.13,36075.20546,1122.19
21815.35,37530.36421,1125.12
22131.8,38943.741,1172.0
22198.2,39959.0989,1148.56
22334.8,40915.19535,1095.82
22256.15,41552.12405,1063.59
22053.1,41191.27985,1069.45
21585.05,40183.37799,1060.66
20644.9,38553.10781,1163.21
19322.9,35153.8218,1125.12
19664.88,32435.1808,1169.07
23147.65,31233.56258,1125.12
22992.05,28722.31907,1098.75
22714.2,26474.67471,1151.49
22414.33,26081.40377,1139.77
22209.22,25698.22662,1107.54
21968.5,24909.22284,1116.33
22037.2,25732.65805,1119.26
23129.22,28812.77631,1239.39
23910.47,31337.41959,1201.3
21533.6,32374.96976,1095.82
22369.9,34598.8392,1095.82
22727.35,35915.07645,1078.24
23094.95,37048.7814,1010.85
21746.45,37942.4511,1034.29
22237.45,39009.68475,1078.24
22284.9,39150.08339,1022.57
22185.58,40666.64896,1072.38
22317.97,41134.4803,1031.36
22239.35,41323.16735,1116.33
21832.42,41392.6281,1104.61
21288.65,40042.97935,1034.29
20438.32,37999.00446,1031.36
18349.63,34481.65276,1087.03
18630.9,32518.5337,1051.87
24337.83,33400.31594,1078.24
23881.92,32069.4128,1087.03
23039.97,30074.60557,1084.1
23050.4,29801.47535,1101.68
22974.4,29383.02269,1154.42
22757.33,29039.06009,1166.14
22947.0,29526.90316,1157.35
23516.68,31200.50278,1186.65
24111.95,34126.89297,1242.32
24861.83,36169.42589,1104.61
19182.13,37434.948,1151.49
19727.85,39417.37539,1098.75
21460.95,40965.13675,1031.36
23696.28,42480.15484,1133.91
25115.95,42601.31549,1089.96
24352.22,42850.60045,1046.01
24826.6,43553.4729,1104.61
24761.2,43377.20086,1107.54
24071.92,42588.51361,1133.91
23775.1,41895.2074,1160.28
22983.72,40755.52355,1210.09
22348.07,38312.15814,1204.23
21455.85,36660.04739,1183.72
20790.57,35060.51579,1198.37
19961.6,34069.49553,1160.28
19041.47,32150.69067,1224.74
18580.05,30351.92102,1259.9
18590.5,30376.75104,1172.0
18645.6,30583.51547,1218.88
18677.72,30758.38071,1201.3
18629.13,30765.16852,1207.16
19285.83,32110.87823,1271.62
20493.05,34048.14734,1262.83
21253.55,36111.25471,1251.11
20681.15,35132.61429,1215.95
19847.72,30942.31981,1195.44
19615.58,29172.42473,1186.65
20233.23,29627.06732,1148.56
20431.8,29907.09086,1218.88
20241.58,30876.48157,1154.42
20801.88,31292.75369,1163.21
20859.2,32310.679,1174.93
20758.3,31889.13138,1145.63
20394.65,31204.86386,1192.51
20036.72,30202.90573,1242.32
19345.22,28941.21715,1289.2
17714.9,26554.89748,1327.29
17683.4,25583.08004,1324.36
17141.55,23675.52958,1277.48
15565.9,21462.38699,1365.38
16064.52,20617.74427,1412.26
16239.83,20375.70433,1374.17
16071.4,19952.82025,1382.96
15902.85,18838.28295,1336.08
16110.7,19673.07807,1368.31
18107.93,22578.99932,1415.19
19045.03,24724.61551,1312.64
19716.95,26682.24805,1265.76
20103.67,28496.80903,1248.18
20749.13,29775.76608,1128.05
21459.88,30825.48507,1092.89
20779.2,32120.93685,1089.96
20666.4,32862.39079,1201.3
20348.25,33475.57974,1198.37
20082.88,34401.1838,1183.72
19952.25,35206.01408,1254.04
19589.13,35290.14072,1248.18
19008.28,35004.41964,1177.86
18457.38,34034.50138,1192.51
17955.83,32257.50196,1280.41
16282.83,29224.79286,1259.9
16344.48,26980.48965,1239.39
22002.38,25180.62973,1183.72
21552.2,23413.7241,1251.11
20907.1,21642.38705,1377.1
19380.0,20089.20951,1347.8
19184.5,19464.59031,1330.22
19146.1,19159.77192,1415.19
19650.0,19956.68895,1421.05
19976.32,22313.57133,1353.66
18943.03,25633.33797,1423.98
19502.43,26802.7053,1341.94
19660.3,28504.30024,1280.41
20534.1,30596.31735,1227.67
21442.45,32348.6626,1136.84
20500.35,34179.82382,1136.84
20325.88,35407.67886,1160.28
20766.38,36954.5258,1081.17
20842.92,37972.6973,1081.17
20809.28,38296.01511,1037.22
20780.5,38888.5241,1072.38
20313.4,38395.26485,1057.73
19836.2,37431.7827,1022.57
18866.35,35269.98831,1013.78
17692.95,35029.56619,1066.52
17850.85,32735.14573,1075.31
23444.45,32269.35425,1107.54
23212.2,29635.08608,1133.91
22451.33,27695.91779,1098.75
21810.63,26628.12142,1101.68
21493.8,26651.43913,1169.07
21736.43,26688.78967,1172.0
22120.15,27871.55677,1154.42
23032.55,30937.81805,1195.44
24535.65,34488.65159,1172.0
22080.68,35396.00242,1172.0
22903.0,36705.10016,1160.28
24150.78,38655.52285,1148.56
24529.97,40267.36395,1098.75
22193.38,39980.65811,1063.59
22327.55,40624.33945,1116.33
22682.5,41002.5928,1087.03
22282.97,41927.2121,1046.01
21838.7,42495.38345,1037.22
21779.68,41956.86041,1051.87
21541.45,41637.23545,1022.57
20783.45,40107.58664,1025.5
20347.38,38130.36441,1034.29
18905.67,35073.2825,1116.33
19186.55,32649.85848,1040.15
23847.8,31473.633,1069.45
22722.82,29644.4413,1066.52
21848.72,28331.5452,1166.14
21959.12,28472.75275,1101.68
21633.07,27191.96686,1075.31
21540.58,27389.62226,1110.47
21964.75,29404.96877,1157.35
22981.25,32145.80204,1169.07
24404.45,35494.40808,1148.56
23866.57,38712.56859,1101.68
23422.22,38659.39155,1078.24
24097.2,39656.81275,1034.29
24715.82,41935.47705,1004.99
22712.75,42817.3648,1016.71
22901.93,43584.70386,1002.06
23181.18,44650.14384,1040.15
23045.52,44351.40986,1013.78
22697.02,43916.779,1022.57
21453.88,40028.55965,1087.03
21034.08,40658.2785,1356.59
20330.2,38973.52999,1089.96
19747.55,35728.00722,1148.56
18257.95,33116.14234,1089.96
19129.2,31797.86523,1078.24
23823.73,31580.76082,1160.28
22831.3,28984.82795,1128.05
21606.72,26372.33001,1113.4
21605.45,25899.08249,1186.65
21974.75,26205.94074,1122.19
21304.15,26587.78143,1186.65
21495.78,28369.1771,1183.72
22401.52,31342.58958,1204.23
23257.7,33662.2621,1207.16
22719.42,34458.26471,1215.95
21939.7,35905.29919,1169.07
22461.32,36549.89495,1087.03
22873.83,37940.97396,1142.7
21929.17,39087.2346,1060.66
21930.5,40604.99595,1081.17
21881.47,40337.1764,990.34
22319.68,41953.34341,1031.36
22204.05,42278.31421,1040.15
21909.17,41526.90716,1022.57
21669.05,41326.68435,966.9
20690.63,39921.8187,1007.92
20352.28,38678.48886,1013.78
18638.15,36793.4472,1057.73
19109.7,33919.81201,1089.96
21965.75,30969.26003,1084.1
23187.42,31643.67995,1040.15
22277.5,29092.9757,1110.47
21679.42,29837.10256,1160.28
21284.67,29480.93597,1160.28
20740.08,29311.52208,1189.58
20743.97,29967.93496,1242.32
21098.88,30743.25761,1186.65
23207.77,33725.11089,1254.04
24959.72,36320.059,1142.7
25213.55,36541.80585,1169.07
25663.8,37527.86714,1098.75
24661.5,37895.675,1066.52
23413.13,37200.78614,1057.73
23393.9,33844.75923,1101.68
23657.82,32554.82914,1022.57
23428.17,38232.07605,1060.66
23519.08,39386.35545,1010.85
23454.47,40273.09666,996.2
22120.15,37045.15889,1092.89
21018.03,34410.99623,1128.05
19871.78,32195.04004,1119.26
19662.33,31341.88618,1087.03
18360.47,29488.11065,1095.82
18480.33,29147.8409,1081.17
18398.22,27810.95886,1089.96
17966.65,26576.28084,1163.21
17622.22,25826.66746,1084.1
17510.15,25604.67442,1122.19
17352.5,25037.66368,1116.33
17350.82,25591.87254,1130.98
18159.9,27373.8661,1133.91
19405.95,30122.7533,1242.32
19635.65,31622.08557,1145.63
20290.55,33007.67806,1092.89
23026.97,36629.37915,1060.66
22522.08,37260.1531,1022.57
22776.58,37888.57066,1025.5
23384.95,38909.34474,1022.57
23720.4,40135.82815,1043.08
23892.75,39937.46935,1016.71
23801.5,40204.86686,1060.66
23646.13,40138.8176,1037.22
22917.72,38744.15125,1101.68
20757.43,35218.32358,1180.79
20898.28,34730.65636,1180.79
21721.95,36161.37196,1207.16
20516.35,33947.42046,1177.86
19241.93,32814.10238,1174.93
19160.97,31173.42188,1172.0
19298.97,30406.36418,1163.21
18950.28,29345.28528,1163.21
18764.58,28619.76335,1189.58
18730.2,28512.14315,1204.23
19106.33,29894.95721,1215.95
20584.45,33223.97356,1277.48
22555.4,36408.6874,1195.44
23293.38,38294.67865,1204.23
23521.25,38492.5099,1174.93
24537.5,40076.9184,1201.3
24199.7,41085.594,1224.74
22112.22,40949.20474,1028.43
22436.78,41197.0829,1016.71
22514.27,41907.79826,1089.96
22532.1,41779.07606,987.41
22550.3,42590.06109,1034.29
22750.75,44471.65609,1034.29
22440.97,44099.83885,984.48
21677.53,43041.3977,1013.78
21162.67,41481.85439,1119.26
19585.32,38884.12785,1098.75
21860.55,36545.4987,1136.84
25001.53,34400.37489,1198.37
23684.9,31763.99652,1145.63
22917.0,29719.45891,1133.91
22334.25,28681.80323,1169.07
22856.52,29386.75071,1151.49
22575.0,29441.05319,1145.63
22618.1,30902.8239,1183.72
23859.6,33942.98904,1213.02
25377.23,37684.12745,1204.23
24856.03,39857.73896,1198.37
24679.0,41627.73955,1198.37
25078.15,41768.13819,1213.02
25853.2,42765.6649,1119.26
24169.65,43956.94314,1057.73
24044.32,44425.26686,1154.42
24099.85,44731.56239,1075.31
24227.63,45003.1803,1107.54
24032.53,45224.29409,1046.01
23852.93,44811.67965,1098.75
23174.35,43750.31939,1098.75
22567.33,42568.25569,1051.87
21682.92,40855.5822,1119.26
19960.7,38262.21674,1133.91
19741.88,35990.5161,1089.96
25848.15,35679.01541,1107.54
24441.55,33445.33354,1136.84
23510.33,31526.24732,1154.42
23261.42,31870.63196,1110.47
22980.25,30983.67973,1113.4
22962.4,31292.36682,1163.21
23278.45,33274.05564,1151.49
24787.53,37040.37577,1142.7
26745.55,40720.98661,1183.72
27980.78,44444.85655,1101.68
26572.4,45814.79839,1172.0
27088.1,45125.39605,1078.24
27346.97,45607.92845,1119.26
25971.8,47236.22911,1072.38
26144.75,48129.72296,1072.38
26314.95,48516.59296,1060.66
26351.42,49073.93195,1051.87
25480.7,47287.01459,1048.94
25282.55,47316.13535,1081.17
24635.43,46237.40111,1028.43
23762.17,43774.79771,1101.68
22832.45,42462.8512,1095.82
18609.8,37784.60814,1195.44
22714.53,35831.5477,1145.63
25703.0,34568.90953,1133.91
24122.6,32633.85613,1130.98
23494.38,30880.80748,1098.75
23118.2,29798.31005,1145.63
23059.75,30243.0347,1163.21
22668.47,29189.44701,1163.21
23077.92,31088.62701,1215.95
23922.03,31701.39392,1166.14
25325.23,36013.27109,1177.86
24075.2,39606.16795,1142.7
24632.97,41151.11571,1101.68
25122.47,41546.6727,1128.05
26162.53,42819.475,1084.1
24644.4,44133.14484,1113.4
24464.7,45488.28011,1107.54
24477.32,45755.1149,1145.63
24413.05,45449.76896,1075.31
24325.7,44872.76994,1066.52
24069.92,44250.64781,1046.01
23523.78,44469.47555,1092.89
22651.25,43216.08709,1043.08
21323.35,41185.4768,1078.24
19739.6,37780.6691,1128.05
21794.35,36118.5349,1107.54
25626.63,35531.16073,1113.4
24645.2,33631.24216,1157.35
24176.83,32189.6942,1119.26
24031.7,31106.56371,1113.4
23896.65,30893.04664,1210.09
23494.03,31001.79228,1180.79
23943.0,32742.17973,1110.47
25015.63,35747.8431,1254.04
25989.8,39166.78914,1213.02
24873.55,41241.22125,1154.42
25088.67,43300.42475,1130.98
26201.75,44610.26106,1107.54
26796.95,45503.2977,1098.75
24369.7,45176.32221,1043.08
24844.67,45889.21811,1084.1
24807.87,46289.6989,1078.24
24383.87,45843.49711,1084.1
23929.95,43338.5842,1104.61
23341.43,42037.6459,1087.03
22911.92,41192.44046,1063.59
21536.15,39634.30395,1025.5
20701.92,38311.48991,1072.38
20327.17,38174.50276,1142.7
21977.25,35812.76692,1113.4
24966.83,33451.5938,1145.63
24142.7,32091.39405,1119.26
23919.0,31055.39136,1142.7
23632.35,31066.78644,1139.77
23500.33,31269.36564,1148.56
23397.0,31225.40314,1154.42
23411.1,31481.3704,1201.3
23927.0,32818.92067,1183.72
24916.15,35585.49838,1215.95
23433.48,37535.5342,1186.65
22782.95,37787.52725,1177.86
22887.63,38172.35739,1119.26
23969.22,40284.4214,1110.47
23875.03,39018.12555,1092.89
23664.43,38880.36466,1133.91
23459.2,38608.64124,1078.24
23444.3,38044.54961,1101.68
23267.88,38043.10764,1066.52
23244.32,37919.9423,1028.43
22888.93,37918.00795,1145.63
22646.4,37388.1719,1025.5
22559.15,36943.79895,1060.66
22171.03,35668.46441,1128.05
21219.88,34634.50158,1081.17
19756.0,32070.04586,1136.84
19325.27,30498.57992,1069.45
18904.65,29585.004,1180.79
18693.78,29571.35804,1110.47
18755.28,29999.41211,1154.42
18902.63,30383.0113,1157.35
19057.58,30732.21423,1180.79
19486.38,31840.52644,1177.86
20686.88,33027.33809,1186.65
20720.33,31629.40093,1207.16
21193.83,33357.47888,1160.28
21991.45,35100.7151,1110.47
22345.95,34705.82634,1113.4
22491.0,34752.07489,1063.59
22716.45,35023.13008,1095.82
22884.95,36045.3813,1098.75
23072.13,36474.52564,1051.87
23186.55,36472.52095,1028.43
23145.35,36722.22795,993.27
22584.8,35948.48795,1063.59
22250.25,35115.34582,1028.43
21223.8,33246.23617,1078.24
20267.15,30923.82039,1148.56
19623.27,29355.87145,1089.96
18913.05,27585.2378,1125.12
17614.47,25380.74703,1084.1
18065.68,23848.31979,1160.28
18008.03,23591.19192,1125.12
17795.7,23341.66077,1125.12
17708.38,22934.25149,1148.56
18128.75,24298.21443,1172.0
19549.5,26766.23401,1215.95
20376.38,28833.91348,1400.54
21037.13,30184.93386,1163.21
21180.0,31784.85233,1136.84
21201.13,32149.53006,1125.12
20933.63,32525.28634,1078.24
20809.65,34109.30797,1104.61
20249.85,35401.91098,1054.8
20279.33,37343.96321,1028.43
20247.38,37798.00791,1054.8
20486.17,38670.64595,1010.85
20562.13,40034.60889,1037.22
20676.75,41892.3938,1040.15
20218.5,41484.17561,1048.94
21223.35,40866.55524,1139.77
20739.92,38411.44305,1054.8
22410.4,33250.73793,1122.19
23213.53,28580.26744,1210.09
21714.1,26057.66402,1092.89
21332.97,23798.23771,1133.91
21282.65,23706.16265,1151.49
21011.9,23352.70415,1189.58
21365.9,22969.28081,1239.39
21981.53,24460.77017,1119.26
22828.07,27612.24836,1204.23
22622.98,30198.15778,1224.74
21469.03,30988.60353,1119.26
21887.52,32028.65077,1198.37
21770.2,32327.49026,1125.12
22536.38,34140.64444,1101.68
22563.1,37380.15314,1034.29
23102.63,39993.14346,1072.38
23405.55,42774.63325,3179.05
23813.78,45300.82401,955.18
23834.2,46471.28161,1936.73
24467.35,45269.0655,1690.61
23329.5,42884.29331,3237.65
22525.72,39833.11996,nan
20811.38,36849.54335,2273.68
18252.83,33109.60072,2402.6
18755.23,30577.11453,1889.85
24254.82,29442.10829,2880.19
22540.9,26744.6748,1840.04
21328.05,24472.37627,nan
20541.63,23380.87532,1582.2
20521.1,23684.39242,2411.39
20391.63,22962.45783,nan
21136.63,24392.36452,2686.81
22154.58,27279.85669,1916.22
21629.8,29738.66173,nan
20818.7,31848.61554,2839.17
22199.35,33534.9467,2223.87
22699.72,34392.70783,2256.1
23190.17,35484.56048,2666.3
21411.95,36448.4295,2546.17
21643.22,37370.48139,1936.73
21668.17,37870.88015,1857.62
21661.5,38563.5533,2847.96
21495.7,39131.9005,2637.0
21209.83,39729.50914,2144.76
20886.7,39602.1234,1526.53
20265.88,38714.50294,4465.32
19944.53,36706.2256,nan
18981.42,33608.52234,2850.89
20427.18,30665.74293,1532.39
22830.88,28934.53485,1889.85
21982.67,26810.89991,2156.48
21835.65,25511.86079,1365.38
21756.22,24442.62245,2267.82
21783.47,23972.08302,2344.0
21670.2,23601.63741,2021.7
21738.65,24647.94491,2094.95
22212.7,27346.25765,2396.74
22885.33,29043.35083,2420.18
22668.78,31457.59548,2452.41
21671.17,32762.64867,2253.17
22348.17,34054.4076,1629.08
22807.5,35201.72334,nan
22362.78,36671.23145,1488.44
21600.53,38125.61646,2097.88
21795.63,39099.82546,2783.5
21977.5,40258.3956,2915.35
22065.2,40519.18115,2379.16
21984.75,41319.93171,1810.74
21626.72,40901.3032,2669.23
20894.55,40408.39565,1426.91
20029.72,38481.71271,1939.66
19287.97,35049.26139,1883.99
19997.2,32619.1199,1593.92
24093.58,31103.15222,1558.76
23014.55,28779.82202,nan
22658.93,27447.96929,2288.33
22838.65,27137.31268,1922.08
22594.2,26428.95371,1913.29
22416.72,25804.05315,1752.14
22218.72,27359.86844,2206.29
23078.6,30074.42972,1831.25
24285.53,32178.86184,2121.32
25244.6,33690.50361,1851.76
22927.47,35307.5147,3099.94
22994.12,36335.77999,nan
23191.7,37447.08165,1608.57
22406.1,38609.45015,2420.18
22502.35,39772.3462,1084.1
22816.05,40841.61971,1007.92
23037.45,41875.23084,996.2
23140.77,42915.66495,958.11
22824.75,43270.45991,981.55
22253.32,43295.95816,961.04
21703.88,41696.67275,1013.78
20883.17,39903.63581,1040.15
19846.28,36723.28305,1013.78
20747.4,34216.893,1022.57
24431.2,32755.54433,1040.15
23528.6,29891.86225,984.48
23243.73,28249.31774,1031.36
22857.57,27683.46761,1022.57
22707.5,27516.90249,1034.29
22158.68,26364.76846,1081.17
22133.75,26875.71822,1022.57
22414.53,27830.68923,1133.91
23195.65,30010.52583,1060.66
22546.92,33960.92574,1043.08
22351.35,36188.10116,1025.5
22685.22,36928.5,1031.36
23165.1,37311.853,1034.29
23478.52,38081.54845,1013.78
23713.8,38855.00709,1040.15
24082.03,40131.53741,1078.24
24343.25,40990.03711,1066.52
25162.97,42117.1301,1025.5
24757.55,42411.25681,993.27
24454.0,41424.03491,1010.85
23968.38,40469.69696,1004.99
23450.4,38892.56865,1022.57
22884.33,37743.56475,1051.87
22358.1,37889.97746,996.2
21409.88,35729.83606,999.13
20794.03,34077.09225,1040.15
20524.58,33553.2351,993.27
20336.7,33070.87855,1025.5
20221.3,32625.59118,1022.57
20100.95,32250.36245,1019.64
20126.7,32656.96282,1043.08
20693.8,34127.06882,1034.29
21476.4,36450.50453,1075.31
23431.9,39129.96615,1069.45
24099.8,41623.695,1025.5
24657.72,42884.71535,1040.15
25267.67,43582.3123,987.41
26733.7,44806.68551,981.55
26128.85,44948.59646,1034.29
26311.22,44842.87544,999.13
26290.5,44715.66555,984.48
26081.97,44909.03021,972.76
25815.33,44242.91041,963.97
25204.22,43128.79515,975.69
24518.25,41546.56719,963.97
23692.08,39638.17265,1010.85
22870.72,38068.18385,1007.92
22353.32,37876.50735,981.55
20884.38,34910.48057,1031.36
20008.2,31879.63548,1002.06
20201.35,30541.83902,1031.36
20182.5,30642.28454,1031.36
20124.2,30485.53185,1057.73
20186.55,30127.18472,1043.08
20609.78,32401.4176,1051.87
23065.93,36943.30657,1075.31
23577.75,38765.0774,1066.52
24841.3,40363.2022,1004.99
25210.35,41687.17685,966.9
25886.63,42649.00601,934.67
26542.47,44102.30075,928.81
24922.98,45108.40894,920.02
25151.5,45821.48069,922.95
25365.42,46706.35789,922.95
25023.63,46755.63106,911.23
25426.43,47351.72739,972.76
25206.35,47782.3137,905.37
24795.15,47117.70621,855.56
24082.7,45589.99175,899.51
22804.75,42989.94399,943.46
20390.45,40436.10961,949.32
23665.05,38088.16041,981.55
27296.1,36789.05095,1004.99
25203.7,34401.32448,920.02
24671.6,34455.52145,961.04
25296.35,34265.4276,990.34
25253.7,33243.3874,987.41
25250.25,33319.84698,987.41
24152.83,35200.35171,999.13
25466.55,39281.19715,966.9
26406.68,43083.70721,1007.92
27505.3,44864.2588,978.62
26573.17,44354.9972,958.11
26731.45,43525.16105,949.32
27527.33,43638.65464,966.9
25305.4,43185.41885,905.37
nan,42300.0,914.16
nan,43700.0,937.6
nan,45200.0,914.16
nan,46900.0,890.72
25430.47,48561.50505,905.37
25059.65,48074.47089,893.65
24405.62,46832.54785,911.23
23199.15,45734.25909,952.25
21959.98,42275.21925,969.83
23870.42,40058.9817,987.41
27804.4,39449.1339,1002.06
25448.45,37818.01964,952.25
24966.58,36406.15516,975.69
24811.85,35858.45275,1007.92
25283.45,34730.30466,990.34
26322.07,34706.35389,1051.87
25998.35,36730.70392,1019.64
25717.63,40577.98539,1066.52
25292.8,44578.57289,1060.66
26129.15,45526.22854,999.13
27837.9,47430.71921,1025.5
27720.43,47479.67585,1013.78
28417.15,48737.42539,937.6
25789.25,49386.24155,993.27
26100.08,49082.72445,1019.64
26268.3,49213.27549,981.55
26246.2,48808.11709,925.88
26075.7,49402.2439,952.25
25893.97,49968.4809,931.74
25699.18,50284.13165,920.02
25163.45,49855.2335,969.83
24476.1,47961.78621,984.48
23615.13,45413.08665,1054.8
24508.42,42544.55111,1043.08
28426.25,41107.22355,1002.06
26967.08,39192.3929,1040.15
26692.97,37637.28101,1028.43
26722.8,37092.21635,1043.08
26426.55,37065.48715,1054.8
26044.17,36724.514,1057.73
26473.88,39598.6064,1054.8
28664.92,43376.5678,1101.68
29990.77,45665.00936,1110.47
28508.13,48533.12286,996.2
27487.53,47805.8776,1054.8
27564.38,47389.53514,1037.22
28342.15,48817.7185,940.53
26404.95,49173.2872,1007.92
26558.97,50598.90315,946.39
26803.05,50222.23245,920.02
26935.13,52136.008,949.32
26874.07,52179.37261,940.53
26432.55,51554.57756,934.67
25874.72,50550.64991,955.18
24913.08,49457.98835,946.39
23492.27,47548.0815,955.18
22105.93,45424.76309,1031.36
26414.35,45395.92369,1048.94
29237.88,45000.89425,975.69
27335.6,40395.83996,1078.24
26826.78,38590.81005,1075.31
26551.73,39151.49019,1092.89
26355.23,39489.47389,1087.03
26811.65,40175.85161,1087.03
27031.92,41682.88611,1139.77
28501.97,45717.30715,1128.05
29609.48,47716.36995,1113.4
28457.85,49678.43391,1166.14
27948.93,49735.23346,1104.61
27807.15,48586.47575,1060.66
28076.1,48712.80639,996.2
26052.05,48681.6106,961.04
26171.9,48646.19441,1034.29
26802.75,49264.55335,969.83
26464.7,50058.05889,1010.85
26426.65,50149.6064,996.2
26069.95,49644.74105,999.13
25570.35,49109.03161,996.2
25103.15,46983.07545,1010.85
23253.37,45421.10541,993.27
21655.25,42207.34115,1060.66
22629.8,40697.42271,1066.52
27033.32,40000.42365,1034.29
25815.27,37578.72296,1043.08
26044.38,35803.34136,1051.87
26259.07,36619.60189,1066.52
25820.03,36673.09546,1054.8
25695.7,37251.81781,1022.57
25839.8,37812.21659,1063.59
26335.13,39537.51611,1040.15
26976.92,42228.19696,1046.01
27283.38,45298.43245,1025.5
26759.2,46619.2418,981.55
27108.85,47456.81535,1028.43
27151.35,47257.2256,1010.85
27558.55,48187.8238,1037.22
27493.28,47407.4015,1040.15
27088.35,46705.65449,1037.22
27425.37,46810.74245,990.34
27620.93,47313.8493,990.34
27607.55,47878.6795,975.69
27134.05,47037.87031,1002.06
26588.2,45743.68465,1007.92
25124.68,42642.9216,1034.29
22880.7,37377.37471,1069.45
22429.8,37818.01964,1025.5
22384.05,37618.07819,1034.29
21748.2,36737.35105,1066.52
21586.95,37101.29021,1025.5
21498.35,37103.04871,1066.52
21218.83,36283.4822,1057.73
20982.15,35245.50999,1075.31
20807.72,34984.02104,1113.4
21735.0,37361.61855,1092.89
23280.22,40367.52811,1104.61
24547.92,42670.28386,1087.03
25236.95,44493.567,1040.15
25604.38,45341.62121,1016.71
26085.63,46136.006,999.13
26599.82,47141.27011,1034.29
27116.28,48021.8214,990.34
27440.45,47578.96076,1002.06
27865.13,48212.37246,1037.22
27999.22,48750.47346,996.2
28718.25,48754.13114,1002.06
27903.2,48171.36424,990.34
26945.2,46912.5596,1004.99
26040.35,44788.57296,1028.43
25397.07,44316.3102,1054.8
23968.82,41585.18385,1210.09
23510.9,40814.0816,1089.96
22482.15,39266.2499,1119.26
22476.65,38644.97185,1119.26
22189.33,37779.08645,1166.14
22241.3,38439.93075,1151.49
22758.3,39931.59596,1207.16
22799.63,40927.92689,1207.16
25560.43,46411.66846,1230.6
27560.82,49930.91934,1221.81
29119.53,52062.8544,1128.05
29628.17,53144.85945,1136.84
29104.95,51689.59519,1116.33
28908.38,50369.34856,1078.24
26753.8,49112.16174,1048.94
27549.08,50816.7813,1046.01
26776.17,49407.8711,1054.8
26933.3,50634.9524,1019.64
26947.78,50654.6476,1007.92
26733.67,51366.8401,1025.5
26514.1,50621.9395,996.2
25417.88,49042.98235,1025.5
24282.83,47230.95361,1019.64
22885.05,44358.05699,1066.52
22362.42,43027.85725,1087.03
28012.13,42585.06695,1075.31
27264.23,39481.41996,1081.17
26051.13,36380.9031,1063.59
25377.15,35243.857,1113.4
25247.7,34580.23427,1101.68
24872.02,33879.40168,1101.68
24989.13,35341.80545,1128.05
26137.9,39269.23935,1101.68
27697.22,41840.76424,1183.72
29975.35,44626.5096,1101.68
28114.03,46974.1071,1051.87
28426.82,47351.19984,1037.22
28507.18,48326.11224,999.13
27800.07,50104.16676,1025.5
27898.58,51433.73344,1054.8
27908.18,51968.07125,1010.85
27942.73,52337.95414,1016.71
27768.25,52480.07611,987.41
27399.08,52542.5732,972.76
26936.83,52053.0068,990.34
25681.25,50427.20321,990.34
24320.47,48313.97859,1043.08
22336.48,44548.95975,1063.59
22229.15,42565.30141,1066.52
26961.15,40564.90215,1104.61
25771.75,36849.50818,1098.75
25519.82,36040.98505,1104.61
25491.75,36420.9969,1072.38
25623.2,37096.78845,1060.66
25584.03,36803.89269,1104.61
25994.7,37679.83671,1084.1
27673.75,41121.22121,1130.98
28783.47,41983.20274,1151.49
29369.47,42507.27091,1095.82
27582.2,45392.23084,1092.89
27645.77,46140.75395,1048.94
27950.6,46432.4891,1069.45
26182.05,47317.19045,1013.78
26602.15,48673.06429,993.27
27508.05,49702.9474,993.27
27305.35,51169.1847,1043.08
27177.7,51016.5469,981.55
27221.7,51221.48249,1004.99
26406.35,50453.54554,981.55
25540.45,49233.95545,1007.92
24166.47,47182.06731,1037.22
21710.65,43956.1694,1057.73
21279.0,41856.41489,1069.45
27624.7,41560.7407,1101.68
27528.2,40253.22561,1054.8
27018.57,39618.6533,1084.1
27659.98,39618.6533,1069.45
26961.0,39208.2194,1060.66
26821.9,39323.40115,1101.68
27258.72,40843.72991,1113.4
28674.4,44369.17071,1151.49
31001.68,47670.4731,1116.33
30661.72,50320.63811,1087.03
29247.05,51463.38175,1101.68
28993.0,51060.79076,1019.64
29053.58,51817.0161,1098.75
27498.45,52619.77135,1002.06
27763.4,52636.23091,1028.43
27774.77,51940.00559,1013.78
27666.2,52792.87809,996.2
27412.88,53549.31445,1037.22
26919.58,52751.94021,993.27
26357.68,50554.4131,996.2
25100.93,48716.0772,1019.64
24222.58,46788.0578,1046.01
22119.8,43379.62759,1107.54
23081.57,40947.90345,1078.24
27799.62,40058.9817,1081.17
27019.1,38252.05261,1078.24
26627.97,37872.4628,1081.17
26466.55,37340.3407,1072.38
26212.02,36667.01105,1084.1
26140.75,37152.00535,1101.68
26484.45,38971.06809,1110.47
28054.6,43713.32055,1078.24
29447.07,46363.5559,1125.12
28915.72,46033.94266,1092.89
27313.88,47004.59949,1060.66
27959.15,48266.14739,1022.57
28624.58,49620.82545,1007.92
26736.7,50396.8515,1031.36
26901.75,49994.8584,1019.64
27241.13,50733.7801,1043.08
27203.72,50866.30066,1016.71
26956.28,50719.3604,1031.36
27023.05,50081.44694,990.34
25890.45,49033.59196,1016.71
24858.55,47019.65225,1019.64
23600.4,45410.27305,1075.31
22018.82,43207.4001,1139.77
23623.9,41556.44996,1063.59
27581.1,40994.08166,1116.33
26943.67,40382.5457,1004.99
26183.2,38144.85445,1113.4
26003.95,37645.15909,1089.96
26063.17,38631.7831,1087.03
25991.98,38502.28716,1113.4
26487.63,40055.57021,1040.15
26900.38,42351.99536,1128.05
27414.95,43969.81536,1113.4
28084.75,45330.78885,1236.46
26368.03,46325.5723,1145.63
26162.35,46150.4257,1110.47
26856.85,46904.4705,1066.52
27272.83,47983.59161,1046.01
27420.83,48228.2693,1054.8
28085.6,49410.26266,1022.57
28300.53,49937.46096,1025.5
27585.6,48924.987,1060.66
27620.33,49962.1503,1043.08
27150.25,48958.57435,1034.29
26423.8,47781.6103,1040.15
25920.6,46403.6497,1054.8
25044.32,44543.68425,1116.33
24145.95,42503.22636,1107.54
23417.4,40972.6983,1066.52
22636.32,38790.0481,1095.82
22929.47,39764.78465,1098.75
23424.13,41228.84141,1043.08
22921.02,40160.623,1110.47
22287.5,38137.92596,1107.54
22433.9,38210.72786,1128.05
23051.27,40203.28421,1136.84
23715.75,41279.7324,1256.97
23528.33,41020.10746,1242.32
23926.17,42361.9133,1210.09
24335.13,43872.8165,1245.25
24859.68,45227.10769,1160.28
25239.22,45150.8943,1151.49
25233.3,44516.60335,1174.93
26722.55,46431.25815,1051.87
27318.2,48447.44874,1078.24
26522.45,47280.61365,1098.75
26431.7,47139.93365,1046.01
25928.97,46112.86414,1092.89
25225.82,44003.2972,1081.17
25290.1,45151.84389,1125.12
24130.78,42968.87716,1154.42
23539.13,41977.32935,1148.56
23046.97,40596.13311,1227.67
22052.6,38108.55901,1160.28
22436.55,37535.25284,1166.14
22500.7,38035.12405,1186.65
22609.3,38173.97521,1177.86
22178.92,36847.85519,1213.02
22385.93,37869.19199,1183.72
24284.97,42283.8359,1248.18
25599.1,44396.4978,1189.58
27157.52,46635.59585,1186.65
26756.55,47234.54095,1107.54
27275.43,47606.92091,1081.17
27275.55,47941.87999,1075.31
26505.45,48860.55556,1043.08
26768.7,49708.99664,1019.64
26193.95,50247.20315,1022.57
26133.1,50980.95486,1037.22
26115.0,52051.77585,1019.64
26107.3,52330.04089,1046.01
25411.88,51091.28315,1019.64
24407.73,48945.7373,1060.66
23660.98,48337.47215,1133.91
22831.65,46917.23721,1148.56
24237.25,44024.7509,1133.91
27401.2,41112.85075,1133.91
26143.2,40427.915,1113.4
25668.6,39281.65436,1215.95
26101.92,38625.1008,1145.63
26100.65,38625.03046,1204.23
25798.38,38315.53446,1213.02
26027.8,39486.51961,1215.95
27553.38,43053.42584,1274.55
29654.15,45720.47245,1192.51
29132.88,48598.67974,1248.18
27676.0,49028.14061,1259.9
29097.33,50828.3874,1174.93
28410.05,50497.4377,1201.3
27186.6,51063.04164,1087.03
26953.6,50554.58895,1110.47
26625.83,49862.6192,1087.03
26323.82,49636.65195,1095.82
25921.63,48961.31761,1063.59
25771.4,49101.99761,1034.29
25571.58,49114.13126,1078.24
24261.3,47315.78365,1051.87
23233.47,45349.78065,1084.1
22126.95,44190.50711,1087.03
22619.05,42325.3365,1084.1
27537.62,40479.19286,1104.61
26650.18,38499.01635,1104.61
25421.08,38084.29171,1078.24
25092.0,37581.9586,1101.68
24915.67,36795.13536,1107.54
24694.2,36613.09544,1110.47
25966.45,38193.45939,1154.42
27401.65,42655.05525,1128.05
29219.15,45399.5462,1177.86
27287.2,46305.34955,1122.19
26679.72,46549.2535,1180.79
27166.77,47549.31245,1066.52
27847.53,50117.35551,1051.87
26713.4,51610.9199,1043.08
26690.95,51773.58115,966.9
26933.97,51613.0301,1016.71
26844.32,52334.89435,1022.57
26324.22,51692.44396,1087.03
25648.33,50013.74469,1110.47
25203.35,49096.01871,1025.5
24058.23,47470.42614,1107.54
23283.0,45437.5298,1122.19
22335.3,42649.77975,1154.42
22353.9,39763.72955,1119.26
26194.22,38999.48545,1040.15
25655.0,37241.79436,1089.96
25453.63,37171.98191,1069.45
25612.42,37478.2071,1104.61
25004.95,36583.55264,1139.77
25533.6,36606.16695,1104.61
26162.73,38080.91539,1139.77
28087.5,43517.52916,1128.05
28724.15,46393.4504,1157.35
28510.15,47475.91266,1166.14
27831.92,48967.71855,1148.56
28293.6,50410.63814,1174.93
28965.82,51175.58564,1163.21
26947.45,51946.61755,1092.89
26145.65,51134.61259,1169.07
26010.83,50683.66285,1160.28
24908.38,48453.53315,1245.25
25002.38,48820.63761,1198.37
24490.38,47961.15315,1195.44
24198.45,47782.41921,1218.88
23224.25,46356.1702,1256.97
22617.9,44467.36535,1218.88
21852.53,42144.98474,1224.74
22393.4,41114.7851,1207.16
26808.15,40192.276,1201.3
26146.4,38160.92714,1142.7
25511.83,37041.64189,1166.14
25409.35,36901.31359,1204.23
25438.5,36882.779,1157.35
25502.77,36512.26305,1189.58
25889.95,38582.26374,1215.95
27229.18,42571.45616,1221.81
26792.2,45069.12405,1221.81
25817.45,45232.94591,1230.6
25963.52,45977.49481,1122.19
26673.4,47379.89856,1142.7
26999.38,47924.99839,1046.01
25753.95,48250.25055,1057.73
25631.13,48377.81214,1078.24
24937.48,47555.92441,1028.43
24909.22,46809.33565,1051.87
24922.3,46360.91815,1007.92
24747.2,47354.82235,993.27
24371.8,47558.10495,1034.29
23456.1,47822.51301,1019.64
22134.5,45404.54034,1063.59
21278.6,42920.58875,1130.98
22146.65,41246.84845,1072.38
26246.57,40141.34984,1075.31
25511.22,38099.48515,1107.54
25166.5,37174.05694,1116.33
25070.75,36434.95939,1157.35
24412.45,35950.0706,1116.33
24231.92,35664.94741,1166.14
24269.45,35996.67085,1163.21
25007.78,38514.42081,1160.28
24346.0,40879.77916,1160.28
24194.1,43969.534,1119.26
24736.03,45583.41496,1089.96
24961.47,46232.19595,1060.66
25563.57,46952.40721,990.34
26054.57,47065.9008,1019.64
26338.85,47425.51405,1016.71
26460.58,48183.84959,975.69
26865.92,48435.70196,1072.38
27410.58,48972.8182,1025.5
25977.95,47399.76961,1054.8
25280.42,46506.97916,1078.24
25038.5,45432.43015,1154.42
24037.42,44051.65595,1189.58
23022.35,41355.87545,1198.37
23059.8,41981.90145,1192.51
22338.3,40166.35571,1201.3
21338.67,37997.59766,1186.65
20817.38,36416.49514,1207.16
20684.58,36258.8632,1227.67
21071.82,37528.25401,1148.56
20648.85,36125.2172,1239.39
20856.3,36753.59959,1186.65
21234.75,37733.47096,1227.67
21731.32,38952.35765,1242.32
22800.28,40471.1741,1207.16
23439.35,42175.96951,1207.16
23565.15,42792.67546,1180.79
24700.08,44406.45091,1101.68
25252.9,45572.2309,1136.84
25582.38,46083.42685,1072.38
25788.33,46559.20661,1072.38
25739.48,46958.21026,1116.33
26287.0,48361.2119,1019.64
26393.75,48222.18489,1078.24
26026.65,47498.8435,1066.52
25455.17,46447.08465,1034.29
23660.38,42969.40471,1128.05
22596.32,39666.66035,1166.14
21169.15,38142.2167,1169.07
21192.98,36971.4074,1142.7
20836.25,35958.8631,1142.7
21150.65,35723.5758,1130.98
21304.75,36408.6874,1110.47
21390.7,36503.47055,1151.49
21407.5,36332.29816,1119.26
23015.17,39397.89121,1139.77
24173.3,43624.05909,1221.81
25083.2,44019.65125,1172.0
26466.05,45517.96359,1195.44
26087.55,45410.69509,1174.93
26944.45,47336.88565,1075.31
27262.68,48857.00339,1089.96
26054.7,50452.84214,1051.87
26565.25,51566.78155,1043.08
26871.97,51904.83559,1031.36
26860.22,52362.39729,987.41
26984.5,53207.74341,1016.71
26671.53,52721.5885,1046.01
26288.12,52133.5461,1016.71
25718.6,50217.66035,1048.94
24443.85,47938.8202,1075.31
21674.28,44699.3115,1125.12
23039.88,43030.67085,1130.98
28760.4,42009.1582,1075.31
26638.85,39343.79975,1113.4
26756.87,37990.56366,1130.98
25827.55,37571.82964,1104.61
25553.88,36959.62545,1157.35
25615.05,37140.9268,1066.52
25675.32,38331.25545,1110.47
26748.88,42064.55095,1142.7
28084.33,44856.97861,1081.17
27005.47,46431.96155,1081.17
26786.17,47488.82005,1075.31
27398.25,49124.22505,1060.66
28239.65,50709.26661,1013.78
27039.47,51923.68671,984.48
27411.85,51664.09694,972.76
27483.72,52191.33041,990.34
27342.97,51765.42171,1002.06
27030.22,51816.41821,1007.92
26410.22,50859.40734,972.76
25077.1,48276.4522,993.27
23318.43,46833.0754,1040.15
22804.6,45660.40209,1028.43
22115.72,42869.24055,1107.54
22630.22,40354.58555,1046.01
26554.4,39219.01659,1075.31
25093.67,36485.63936,1081.17
24679.83,34548.68678,1040.15
24377.48,34253.22361,1078.24
24141.53,34460.51559,1060.66
24191.95,33594.20815,1098.75
24164.75,34425.0994,1075.31
25184.38,38041.73601,1089.96
25256.68,40385.42964,1095.82
24432.85,42254.92616,1078.24
25238.85,43568.42015,1119.26
26130.15,44446.7909,1051.87
25450.93,44127.02526,1154.42
24175.2,44558.38531,1125.12
24375.52,45333.0749,1092.89
23550.38,45895.02116,1069.45
23576.58,46054.7633,999.13
23481.22,46620.2969,993.27
23516.15,47192.5128,1031.36
23327.13,46711.0355,1043.08
23221.92,45146.3222,1040.15
22254.4,43419.4752,1063.59
19997.8,40743.84711,1101.68
20689.18,38780.83356,1031.36
25859.65,38302.76775,1081.17
24934.92,37088.62901,1048.94
24829.98,35793.2124,1034.29
25244.72,35073.35284,1089.96
24362.83,34890.01163,1054.8
24161.95,34688.80406,1081.17
24822.73,38134.58481,1172.0
24072.85,38886.37873,1151.49
26577.05,38908.67651,1218.88
23962.1,38164.3738,1183.72
24241.23,39063.77621,1169.07
25276.7,40427.2116,1207.16
25642.38,40023.98755,1177.86
24658.67,41450.23656,1092.89
24431.9,41535.59415,1060.66
24873.95,42214.02345,981.55
24915.35,42616.82546,1019.64
25469.22,44159.452,1010.85
24991.25,44835.31389,966.9
24419.88,43900.9525,987.41
23037.3,42195.03165,1010.85
22163.78,40969.533,1107.54
20956.83,37476.55411,1072.38
20951.6,34011.53537,1087.03
24710.5,31562.82412,1116.33
24685.55,30357.82958,1092.89
24425.2,29773.93724,1130.98
24245.22,30382.76511,1104.61
24315.15,30477.02071,1072.38
24018.13,30459.3302,1119.26
24297.1,31980.081,1069.45
25715.02,36143.57594,1169.07
26325.58,38276.46059,1166.14
24868.53,39819.40366,1069.45
25408.2,41546.39134,1072.38
26111.13,42134.0117,990.34
26734.0,42807.27101,1022.57
25304.6,43680.33109,993.27
25010.5,42550.0728,993.27
25312.77,42992.05419,993.27
25017.82,43424.0473,972.76
24663.55,43126.08706,975.69
23269.58,42165.24266,1002.06
22700.75,41163.03834,972.76
21879.93,38982.88521,999.13
20740.88,37204.9362,1019.64
20012.33,35456.03761,1002.06
21101.25,33616.33008,1031.36
25510.1,33674.2199,1002.06
24998.97,31946.3178,1095.82
24440.43,30427.53652,1084.1
24168.17,29701.17051,1057.73
24026.53,30103.86701,1084.1
24077.9,29898.12251,1037.22
24194.95,30623.53893,1142.7
24323.95,31287.54853,1113.4
24532.45,32126.52888,1104.61
22587.28,34785.5919,1078.24
22893.33,36766.718,1040.15
24332.75,39360.8572,984.48
25274.55,40873.5189,1002.06
25335.65,41063.01486,955.18
25205.13,40684.93736,987.41
25185.3,40791.29144,1010.85
25321.2,41440.63515,952.25
24993.38,40667.00066,981.55
24701.0,40525.08971,961.04
24640.1,40598.8412,922.95
23655.67,38722.8734,996.2
23469.37,37918.00795,978.62
23042.65,36952.94315,963.97
22309.75,35928.37071,1004.99
21531.6,34107.61981,1010.85
20115.13,31671.11255,1025.5
20132.3,30904.47689,1066.52
19905.95,30056.14132,1063.59
20054.33,31007.31397,1040.15
20041.53,30739.21306,1069.45
19773.22,30033.35116,1122.19
20249.22,31659.99883,1084.1
21687.85,33569.16711,1101.68
21971.28,35147.10433,1089.96
22039.92,35284.83005,1081.17
22420.42,36481.24311,1072.38
24346.0,39107.45735,1034.29
24657.22,39905.11295,937.6
24788.93,40363.37805,1004.99
25074.03,41101.87771,978.62
25284.07,41794.6212,987.41
25302.17,42230.90505,978.62
25210.05,42326.7433,952.25
25063.38,41770.24839,966.9
24315.9,39967.96174,1013.78
23714.15,39076.3319,978.62
23230.25,36797.94896,1048.94
21302.65,33568.99126,1116.33
20614.83,31714.47716,1104.61
20131.03,29881.38159,1107.54
20206.5,29295.73075,1063.59
20168.7,29228.20435,1095.82
20138.98,29144.74594,1104.61
19992.47,28293.98364,1078.24
21103.25,32210.62035,1069.45
23049.57,37798.14859,1048.94
24606.4,38217.65635,1125.12
24628.2,38005.51091,1092.89
24997.48,39233.82316,1084.1
25747.02,40908.16135,1028.43
26425.58,42292.45255,975.69
25630.92,43967.59965,966.9
25488.43,44557.85776,987.41
26014.3,45609.33525,914.16
26021.98,46481.26989,952.25
26045.63,47020.35565,955.18
25715.07,47197.26075,940.53
25214.72,45801.46896,1046.01
24242.98,43761.39794,1007.92
23524.8,41652.28821,1025.5
20797.2,39037.2932,1081.17
21869.38,38008.81689,1054.8
27661.88,37727.73825,1043.08
26492.98,36383.0133,1037.22
25700.2,34969.77719,1110.47
24702.52,32969.51861,1268.69
24418.05,32750.76121,1133.91
23967.43,32096.03649,1224.74
24271.73,33775.8612,1221.81
25689.53,37966.22602,1277.48
27095.47,40508.17294,1254.04
25970.63,41662.382,1207.16
25330.05,41159.02896,1262.83
25181.85,40884.84364,1224.74
25509.42,42351.18645,1210.09
23291.4,41595.27764,1236.46
23589.7,42163.5545,1148.56
24672.75,43814.96185,1054.8
25491.85,44156.39221,1043.08
24864.45,43976.568,1040.15
24433.75,46303.4152,1025.5
24332.68,46980.89491,999.13
23815.18,45757.99884,1034.29
22457.15,43832.96889,1075.31
20505.38,41713.65986,1037.22
21370.68,40610.0956,1160.28
25280.88,38613.07266,1113.4
25037.48,37878.4417,1087.03
24520.77,37505.81555,1092.89
24112.3,37127.9139,1128.05
24201.7,37169.13314,1133.91
23730.72,36327.02266,1098.75
24624.22,37327.15195,1087.03
24354.8,38676.62485,1201.3
26159.05,42182.1946,1110.47
24714.7,43936.72039,1075.31
25256.32,43736.11071,1043.08
27421.83,46643.61461,1034.29
25985.72,45132.35971,896.58
26091.13,48727.3316,961.04
26442.98,50560.67336,981.55
26799.0,51393.74515,931.74
26874.35,51352.59625,946.39
26555.65,49826.85131,937.6
25902.25,49742.51365,1013.78
25294.8,48546.66331,955.18
24589.13,47708.63255,993.27
22428.63,45162.25421,1089.96
20670.05,42610.10799,1063.59
22413.57,39785.78114,1104.61
26378.2,39421.3496,1046.01
25008.9,37249.2504,1043.08
24828.4,36483.42365,1069.45
24480.78,35820.82085,1072.38
23952.28,34591.62935,1078.24
23638.85,33978.0887,1087.03
24359.35,35963.0835,1133.91
26041.63,41287.57531,1089.96
25187.63,44072.40625,1116.33
25429.6,45046.54491,1087.03
26006.18,46572.4657,1043.08
27035.78,46994.22434,1075.31
26764.23,46027.08451,1013.78
25020.55,45717.58851,1007.92
25419.13,46407.8701,972.76
25967.88,47119.53505,931.74
24979.28,47505.59614,996.2
24644.33,47648.14015,949.32
24303.9,47877.80025,949.32
24032.1,47747.24921,969.83
23205.6,46454.18899,981.55
22353.75,44003.47305,993.27
21782.63,42724.1643,981.55
23152.97,41693.61296,966.9
26731.5,40682.1941,1013.78
25962.13,38978.62964,1016.71
25138.7,37619.34431,1057.73
24873.55,37166.35471,1092.89
24551.33,36565.82696,1063.59
24269.4,35930.26989,1060.66
24647.17,37734.84259,1078.24
26123.02,42520.45966,1084.1
27772.8,45989.87465,1037.22
27252.08,47869.81666,1116.33
27554.03,49266.31185,1110.47
28320.55,49984.3074,990.34
29149.9,51522.74871,1048.94
27601.18,52296.3832,1002.06
27634.28,52853.8277,1022.57
27986.2,53010.26386,1022.57
27806.68,52357.68451,1002.06
26989.0,52489.29065,1037.22
24984.9,44653.5905,1274.55
24066.22,44053.41445,1254.04
22820.98,43577.91605,1151.49
22106.73,41216.53191,1183.72
21159.05,39102.60389,1172.0
21909.8,36866.88216,1198.37
25736.4,35548.4292,1166.14
25572.63,34114.05592,1169.07
24786.62,32786.03672,1198.37
24540.35,31288.25193,1180.79
24542.3,30864.80513,1157.35
24390.42,30887.20842,1213.02
24415.97,31489.98705,1166.14
24914.63,32955.3451,1183.72
25727.0,35378.06572,1195.44
23681.75,38083.30695,1163.21
23778.13,39618.40711,1148.56
24704.1,44727.72886,1119.26
25364.75,45990.12084,1092.89
25655.83,46014.3178,1069.45
26001.2,46702.70021,1046.01
25973.72,46601.12925,1081.17
26164.38,47378.84346,1037.22
26374.15,48060.08636,1040.15
26215.07,47302.84109,1078.24
25554.55,46163.15724,1025.5
25118.4,45130.42536,1051.87
24462.0,43414.12936,1098.75
24049.1,42232.24151,1048.94
24012.7,42954.1761,1095.82
23427.65,42007.92725,1119.26
21862.55,38103.45936,1174.93
21370.1,36827.2104,1177.86
21049.28,36308.91011,1139.77
20941.13,36430.4928,1107.54
20811.3,35771.23115,1172.0
20954.17,36205.47514,1125.12
21612.82,38313.95181,1174.93
22415.25,40152.60424,1198.37
24150.98,42796.19246,1172.0
24345.98,44194.02411,1148.56
24720.17,44928.2682,1174.93
24957.13,45021.71489,1142.7
25555.4,45964.27089,1125.12
25756.8,45864.24741,1089.96
26312.92,46544.92759,1066.52
27266.08,48115.79564,1019.64
27740.52,49400.30955,1054.8
27656.17,49377.37871,1069.45
25918.97,45524.7514,1136.84
24564.2,43469.4166,1245.25
25184.2,45512.0902,1136.84
25389.82,45512.0902,1177.86
23059.13,41691.5731,1154.42
22536.95,40339.04041,1172.0
21951.5,38837.8793,1198.37
21550.63,37399.67249,1186.65
21039.35,36412.9078,1163.21
21292.7,36649.9536,1195.44
21241.0,36600.25839,1174.93
22633.58,39177.79735,1186.65
23885.63,43986.52111,1189.58
25160.85,44838.5847,1180.79
26593.27,47331.25845,1151.49
26532.72,48222.74761,1169.07
27294.82,48716.71026,1195.44
28483.35,49489.18414,1172.0
26843.08,48769.71145,1148.56
26655.58,48827.9178,1084.1
26414.0,48959.8053,1104.61
26378.85,49107.09726,1154.42
26630.65,50126.92175,1069.45
26304.8,50026.33555,1113.4
25751.13,49186.6518,1122.19
25375.53,48738.30464,1110.47
23833.45,46328.91345,1207.16
22241.25,43810.2139,1166.14
22493.85,41315.42995,1177.86
26892.38,41067.48145,1166.14
25110.15,38697.1993,1189.58
24202.15,36952.59145,1210.09
24071.25,36399.36735,1201.3
24189.07,36781.8411,1139.77
23968.53,36391.98165,1177.86
24927.9,37412.0875,1154.42
25731.13,41430.71721,1195.44
26763.28,43276.61466,1180.79
26917.2,46973.22785,1157.35
26636.55,48328.8555,1166.14
27580.32,49528.5042,1145.63
28700.22,50867.00406,1119.26
27492.2,51204.95259,1130.98
27220.7,51378.7979,1072.38
27452.13,51516.91049,1110.47
27542.0,52124.22605,1142.7
27763.53,52974.39046,1075.31
27482.1,52880.97894,1128.05
26885.97,51538.39936,1084.1
25949.05,50173.76819,1154.42
24403.67,47547.0264,1125.12
22148.68,45843.67296,1145.63
23673.55,42686.11036,1128.05
28486.32,42509.02941,1151.49
26574.82,40059.15755,1174.93
26036.07,39040.28265,1198.37
25546.23,38697.9027,1160.28
25066.25,38307.5157,1160.28
24898.55,38085.87436,1157.35
25043.2,39031.24396,1195.44
26493.2,43608.76014,1113.4
27353.33,45217.89315,1207.16
26503.83,47325.4554,1148.56
24582.72,45581.97299,1204.23
23376.38,45635.1852,1075.31
24516.07,46846.36966,1072.38
22981.65,46834.41186,1098.75
22439.75,44501.12855,1089.96
26704.9,51984.95285,1113.4
28943.05,55382.26934,1092.89
29627.63,56840.94509,1075.31
29566.47,58405.16601,1101.68
27750.95,53627.9194,1139.77
25151.85,47645.67825,1163.21
24084.72,46193.86065,1130.98
22071.15,43700.65935,1145.63
24591.97,43004.4692,1172.0
28158.33,43027.15385,1213.02
27461.6,41783.78884,1265.76
26942.07,40600.70521,1163.21
26291.5,39536.95339,1177.86
26115.5,40050.47056,1151.49
25744.03,39713.78815,1157.35
25722.35,41101.24465,1157.35
27243.85,44692.45335,1233.53
28839.32,48915.8428,1236.46
27574.13,50193.74475,1256.97
28830.88,52542.5732,1245.25
29868.47,53648.74004,1160.28
31084.85,54722.65599,1145.63
28609.03,55003.13674,1169.07
28719.1,55342.8086,1145.63
28930.8,54639.4086,1122.19
28746.1,55931.9061,1113.4
28590.55,55615.90365,1157.35
28376.47,55470.29985,1113.4
27772.78,54438.06035,1128.05
26910.63,52941.85821,1113.4
25721.45,49792.6309,1245.25
23128.57,43243.6252,1271.62
24483.7,42904.2347,1259.9
28021.35,42898.85369,1224.74
27280.17,41495.43001,1227.67
26688.55,39785.81631,1195.44
26214.68,39310.5641,1201.3
26096.17,39031.38464,1160.28
25963.72,39070.95089,1213.02
26453.13,41496.0279,1192.51
27646.88,46498.257,1318.5
29346.77,50520.01684,1277.48
29256.6,50414.15514,1309.71
27922.05,49480.84885,1333.15
29320.05,51768.41116,1268.69
30270.5,53600.76816,1195.44
28516.35,54036.52446,1160.28
28727.32,53687.18085,1098.75
28821.72,53493.14796,1078.24
28999.32,53617.7201,1130.98
28188.8,53015.6097,1177.86
27483.5,51315.66775,1204.23
26050.75,49554.1783,1218.88
25268.17,49096.2649,1204.23
24996.8,48716.0772,1189.58
24409.77,47378.2104,1192.51
24213.23,45051.46871,1221.81
28335.97,43641.11654,1239.39
27356.2,41262.25291,1248.18
26990.67,39823.79991,1251.11
26468.8,38405.04211,1195.44
25944.55,36739.2854,1271.62
25940.5,38361.95886,1210.09
26365.75,39825.69909,1207.16
26801.13,41769.89669,1201.3
27731.52,44639.45216,1233.53
26825.5,48231.50494,1224.74
26659.12,49090.00464,1180.79
27241.08,49845.3859,1172.0
28345.38,51242.58449,1180.79
29023.4,51956.46515,1154.42
28927.8,51712.38535,1163.21
28456.55,51242.97136,1204.23
28885.03,51167.84824,1130.98
28571.77,50340.29814,1148.56
28465.58,50690.27481,1101.68
27615.47,49392.32596,1107.54
26925.15,48144.03715,1122.19
26814.6,47360.87159,1186.65
25889.57,45663.6729,1236.46
24928.05,43797.09549,1201.3
22890.03,38164.19795,1262.83
21457.15,34065.76751,1289.2
21617.6,35020.94954,1183.72
21542.3,35462.71991,1259.9
21378.42,35234.29076,1286.27
20777.22,34221.71129,1321.43
20662.38,34306.9282,1254.04
21667.5,36449.90664,1292.13
22671.68,38514.24496,1274.55
22679.63,39678.61815,1292.13
23906.5,42501.71405,1233.53
25845.48,45758.10435,1213.02
26096.68,46536.2406,1248.18
26960.35,48006.06524,1177.86
27695.75,48696.382,1192.51
28082.88,49368.8324,1166.14
28055.22,49259.98125,1104.61
28088.38,49861.9158,1110.47
29321.83,51375.80845,1116.33
27993.7,50064.1433,1145.63
26518.27,45867.6589,1248.18
24286.83,40271.16231,1415.19
23570.02,39770.16566,1300.92
23338.98,39516.20309,1318.5
22096.13,36533.50573,1344.87
21315.35,34651.34801,1344.87
21756.97,34402.9423,1306.78
21677.95,34681.34802,1259.9
21572.72,34904.67752,1256.97
21480.0,34414.09119,1274.55
22709.73,37451.23171,1236.46
24071.95,41647.43475,1400.54
25075.78,43748.06851,1330.22
26333.82,45909.22984,1297.99
27882.95,48763.09949,1324.36
28391.93,49866.38239,1271.62
29304.5,50687.77774,1236.46
28398.83,52690.2872,1154.42
28339.07,52133.29991,1136.84
28693.5,53666.71191,1119.26
28679.97,53304.7071,1104.61
28625.47,53447.849,1154.42
28256.7,52572.71389,1163.21
27553.43,51762.1509,1130.98
26813.9,49330.67295,1204.23
26352.33,47982.14964,1160.28
25362.5,46300.00371,1201.3
25809.35,44427.97495,1262.83
28128.33,41489.45111,1277.48
26853.65,39134.18655,1254.04
26470.05,38021.86496,1204.23
25202.72,37457.4568,1204.23
25630.65,37884.24475,1174.93
25463.92,37675.96801,1221.81
26034.7,39664.79634,1177.86
26918.6,43011.32735,1245.25
28303.43,46215.38469,1286.27
27938.25,49141.35284,1265.76
28624.97,50241.22425,1271.62
29444.88,51777.6257,1169.07
30407.5,52577.28599,1104.61
29233.92,54339.23265,1122.19
29412.15,55813.48871,1060.66
29619.85,56097.83816,1101.68
29910.4,56407.82654,1087.03
30183.78,57227.46339,1031.36
29761.57,57602.05906,1087.03
28344.65,54085.30525,1133.91
27209.95,50877.9771,1177.86
26358.18,48032.7241,1204.23
24634.18,45125.04435,1183.72
24196.65,42368.49009,1283.34
28625.75,40511.37341,1236.46
27458.03,37632.49789,1210.09
26120.13,35680.98493,1224.74
25083.55,34783.62238,1201.3
24932.45,34085.67373,1189.58
24623.28,33677.91275,1210.09
24934.38,35385.02938,1198.37
26596.98,39968.9465,1242.32
27298.9,42262.20635,1262.83
26699.6,44096.04049,1306.78
27967.03,46022.86411,1259.9
28560.0,47705.92446,1221.81
29146.6,48978.7971,1148.56
27969.47,50559.3369,1069.45
28470.22,51520.533,1125.12
28985.57,52528.5052,1101.68
28711.6,52475.57435,1098.75
28513.95,52357.05145,1122.19
28063.42,52366.44184,1087.03
27402.35,51216.03114,1095.82
26404.7,48691.4582,1125.12
25781.45,46958.38611,1189.58
25296.55,45247.6118,1268.69
24977.7,40783.37819,1268.69
27500.9,39752.2993,1242.32
26442.18,37695.73355,1204.23
26311.9,36969.22686,1204.23
26201.35,37479.86009,1192.51
25883.65,37354.7604,1139.77
25530.88,36547.9606,1189.58
25495.0,37850.12985,1183.72
25873.1,42329.31071,1204.23
26248.35,45914.50534,1286.27
27862.43,48537.16741,1230.6
28544.15,49958.56296,1283.34
29721.83,51032.30306,1210.09
30596.3,52127.81339,1142.7
29058.97,54030.19386,1104.61
29219.6,54921.472,1119.26
30274.43,55895.61066,1113.4
29807.25,56780.38235,1104.61
29163.7,55865.61065,1084.1
29128.77,56842.1057,1054.8
28666.75,56266.54865,1142.7
27699.85,54154.66049,1177.86
27004.97,52057.68441,1142.7
25368.77,48966.90964,1110.47
26813.8,46117.3659,1166.14
29399.48,43923.39096,1204.23
28362.05,41682.60475,1210.09
28031.65,40642.90921,1189.58
27491.1,40590.11904,1133.91
27137.22,39067.99661,1198.37
26722.85,38350.14174,1210.09
27184.75,40796.67245,1221.81
28480.5,45267.6587,1160.28
27730.78,49111.0363,1236.46
28567.73,50999.84115,1169.07
28941.4,52025.39835,1169.07
30478.97,53665.26994,1189.58
32532.2,56055.77484,1145.63
29575.85,57159.23359,1119.26
29706.0,57212.97335,1113.4
29619.55,57249.3743,1095.82
29671.22,57375.00154,1095.82
29310.65,56321.9414,1110.47
28581.55,54821.34301,1066.52
27734.53,53266.61799,1110.47
26857.63,51137.10966,1089.96
26092.23,48850.0749,1128.05
25259.05,47628.16359,1116.33
25171.05,44767.82266,1151.49
28407.8,41432.29986,1189.58
27357.57,38762.89686,1163.21
26853.2,36893.50585,1192.51
26640.27,36500.41076,1233.53
26386.4,36396.83511,1186.65
26081.0,36389.51975,1213.02
25828.28,37207.29259,1207.16
25770.75,39020.7633,1177.86
24234.05,41053.941,1277.48
24989.77,42624.00014,1259.9
25849.03,45380.02685,1207.16
26773.52,47914.65841,1139.77
27805.53,49339.993,1072.38
29597.13,51479.66546,1081.17
28957.77,51434.3665,1163.21
29264.6,51649.2552,1163.21
29430.22,52406.00809,1104.61
29445.38,52899.197,1098.75
29364.18,52908.6929,1104.61
27991.45,50122.70135,1163.21
26992.63,48583.90834,1139.77
26279.57,45836.95549,1151.49
25148.9,42757.2241,1224.74
24660.0,42250.95195,1213.02
23681.58,40743.14371,1224.74
23198.52,40277.28189,1128.05
22710.38,39614.01086,1224.74
22496.58,39319.7083,1254.04
22275.22,38498.94601,1242.32
22021.05,38074.09241,1242.32
21988.85,37654.0571,1218.88
22275.07,38685.2415,1295.06
23179.8,40643.78846,1236.46
24972.07,44283.42625,1201.3
25422.15,45840.40215,1183.72
26259.08,47741.62201,1189.58
26839.2,47931.50484,1136.84
27478.1,48608.1053,1160.28
27890.38,48735.7724,1157.35
28811.85,50059.50086,1136.84
28903.13,51073.5223,1130.98
28930.1,51570.29855,1128.05
28605.18,51153.11201,1098.75
28028.52,50141.869,1145.63
27171.43,48035.5377,1116.33
26535.27,46679.27699,1207.16
25804.67,45455.36099,1189.58
25317.88,44599.25285,1198.37
24913.55,43556.6382,1128.05
23293.58,39157.85596,1210.09
22451.2,36169.70725,1259.9
21988.2,35337.51471,1239.39
23061.22,37857.76174,1151.49
24288.38,40463.26085,1180.79
24266.33,42144.10549,1207.16
25526.97,44576.04065,1286.27
27023.9,46117.0142,1254.04
28211.45,47122.59484,1239.39
28842.57,49809.68835,1259.9
31152.92,52976.74685,1189.58
31811.53,54562.45664,1136.84
29569.22,55712.4453,1110.47
30184.32,56835.88061,1092.89
30676.8,57319.99566,1098.75
30529.88,58053.53635,1040.15
30175.95,57614.4389,1113.4
29667.15,56740.4644,1078.24
29031.1,56412.68,1119.26
27958.05,53988.16571,1095.82
27192.22,52073.0537,1104.61
26597.5,48845.1511,1160.28
25891.88,45501.71505,1148.56
29864.67,43693.0978,1174.93
27847.05,41191.63155,1224.74
26949.3,39230.20065,1213.02
26212.15,38246.3199,1233.53
25581.93,37379.62559,1148.56
25399.1,36997.89041,1183.72
25584.13,37399.95385,1242.32
27435.55,42383.367,1236.46
28514.7,44840.6949,1227.67
27724.3,46414.62274,1303.85
27861.75,48269.4182,1265.76
29326.13,50527.05084,1198.37
31561.08,54262.45654,1113.4
29218.2,54969.40871,1104.61
29127.05,54545.153,1166.14
29371.9,55558.11934,1125.12
29324.83,55653.008,1119.26
29009.3,54852.01125,1110.47
28774.03,54317.49759,1084.1
27800.0,52208.17684,1113.4
26618.0,49035.7725,1119.26
26065.28,47157.6945,1116.33
25735.88,45527.45949,1128.05
25166.65,43874.75085,1195.44
27576.95,39801.36145,1213.02
27042.97,38020.63401,1151.49
26158.4,36327.4447,1227.67
25423.9,35587.04586,1210.09
25230.32,34623.84507,1189.58
24710.0,33306.62306,1207.16
24555.7,33786.23635,1180.79
25551.45,37501.52481,1245.25
24908.85,40900.67014,1239.39
25441.25,42418.00945,1271.62
26685.77,43940.3429,1262.83
27700.8,46213.0283,1218.88
29156.98,48379.1486,1145.63
27624.63,49198.50409,1154.42
28121.63,49885.8314,1180.79
28515.6,50901.8927,1130.98
28778.92,52470.65055,1110.47
28412.75,51684.7769,1110.47
28428.57,52147.6141,1092.89
27973.57,50698.15289,1107.54
26695.43,49216.898,1110.47
25274.22,45589.71039,1177.86
24433.03,44141.05809,1142.7
23990.0,41990.23674,1186.65
27032.15,40021.77184,1169.07
26661.85,39269.13384,1189.58
26213.95,37578.26575,1277.48
25858.28,37028.0311,1271.62
25466.7,36380.65691,1204.23
25439.88,35956.4012,1221.81
25697.05,37005.59264,1204.23
25707.55,41072.29974,1233.53
27909.17,44133.0745,1303.85
27445.73,46275.87709,1215.95
27942.4,47254.13064,1312.64
29465.25,49889.10221,1180.79
30121.63,51965.71486,1136.84
29040.6,53816.7823,1113.4
29528.65,54692.44496,1148.56
29770.77,56129.13946,1160.28
29445.55,55905.70445,1107.54
29074.3,55262.55066,1145.63
28796.57,55016.36066,1098.75
28390.1,54462.8552,1072.38
27596.57,52106.1135,1095.82
25911.0,50283.07655,1092.89
24095.45,47384.99821,1154.42
25819.0,44059.32301,1207.16
28866.03,42729.51014,1172.0
27964.93,41575.93414,1215.95
27048.2,39000.18885,1251.11
26743.88,38605.0539,1262.83
26822.78,38998.2545,1236.46
26379.67,38627.66821,1201.3
26577.83,39681.53726,1230.6
27856.18,44654.04771,1210.09
27102.28,46746.5572,1245.25
27249.02,48404.64685,1245.25
28631.75,51009.40739,1254.04
29794.15,52445.08196,1242.32
30411.1,54316.37215,1142.7
29358.8,56918.95215,1128.05
29699.13,58443.64199,1136.84
29850.67,58540.92221,1154.42
27369.13,57645.10714,1157.35
21389.55,57456.27941,1084.1
22381.45,55730.27649,1145.63
nan,53972.40955,1101.68
17722.5,51139.74741,1122.19
17981.28,47272.98176,1236.46
nan,44100.0,1172.0
16407.08,42350.48305,1130.98
24994.1,41347.18846,1166.14
24188.77,38975.11264,1207.16
17663.15,37443.31846,1236.46
20199.75,36487.29235,1189.58
19534.48,36178.49975,1174.93
18460.35,36229.14455,1224.74
18341.32,38021.68911,1166.14
19252.92,39540.15386,1189.58
19027.65,40323.74146,1248.18
21697.3,42697.54061,1201.3
19106.7,44660.9762,1177.86
20756.07,49081.07146,1107.54
21728.83,52658.56386,1087.03
21815.17,50961.33,1133.91
21812.98,47451.53985,1177.86
16614.48,45503.47355,1201.3
24493.42,48554.47105,1087.03
24840.35,50548.53971,1151.49
20515.0,50562.43186,1104.61
20043.78,49321.59909,1169.07
23707.3,47143.45065,1177.86
19713.55,46216.5453,1148.56
20420.55,44325.52474,1180.79
18169.58,44623.97736,1119.26
19491.33,43102.87486,1154.42
14543.4,40427.28194,1145.63
16905.32,38029.25066,1277.48
15275.86,38913.1431,1192.51
17558.3,38919.22751,1186.65
18328.33,38778.01996,1154.42
17956.5,38933.36585,1213.02
16818.85,39980.30641,1218.88
15158.33,38065.65161,1233.53
19285.33,38609.90736,1248.18
19226.47,40570.0018,1157.35
19804.85,42695.57109,1160.28
nan,44900.0,1122.19
26062.1,45662.44195,1130.98
22883.65,46877.56545,1139.77
20765.4,47157.97586,1169.07
19919.3,47068.29236,1113.4
25452.27,45283.76656,1089.96
23243.23,44556.62681,1151.49
15440.89,43184.36375,1104.61
18613.78,41359.5683,1119.26
19486.9,39686.1797,1130.98
16903.65,38311.3844,1166.14
19334.08,36352.23955,1169.07
21532.9,34992.67286,1142.7
13448.7,32229.4363,1198.37
17844.63,31036.1182,1192.51
18999.15,30730.63158,1233.53
15262.36,29978.41562,1163.21
16278.75,29799.04862,1169.07
15205.08,31818.82655,1271.62
18688.83,35362.48541,1221.81
15887.85,36424.40839,1339.01
16989.28,38685.76905,1239.39
19046.1,39485.53485,1172.0
20679.24,40906.9304,1163.21
19599.73,42910.67081,1057.73
17381.1,44195.95846,1101.68
19290.75,45603.77839,1136.84
20502.88,46204.2358,1145.63
22384.8,46926.45175,1163.21
21541.65,47287.99935,1101.68
21475.13,47021.69211,1145.63
18189.65,46938.9371,1110.47
20097.57,46568.49149,1154.42
20210.53,44685.2435,1104.61
18092.88,41720.7642,1195.44
17042.25,39511.80684,1166.14
18130.7,37472.12269,1154.42
23426.47,35842.02836,1172.0
20808.35,34921.52395,1201.3
22538.17,34125.62685,1210.09
20555.45,32467.57237,1189.58
17143.7,30881.96809,1233.53
20364.8,30590.83083,1207.16
21717.78,33959.06173,1259.9
18428.05,36620.7625,1262.83
19844.2,37342.97845,1248.18
15362.4,41217.76286,1303.85
21354.8,43678.6781,1207.16
25755.38,45813.32125,1139.77
19317.3,46838.87845,1192.51
21375.53,48072.22001,1166.14
nan,49100.0,1113.4
23041.63,50267.67209,1078.24
20115.55,51067.01585,1098.75
18667.85,51375.91396,1092.89
nan,50900.0,1095.82
19599.77,49209.33645,1133.91
18234.3,45993.84886,1169.07
18964.9,43408.46699,1227.67
17989.78,38752.52171,1221.81
21701.82,36726.09665,1183.72
20994.72,33676.75214,1242.32
20205.1,31858.18178,1192.51
21311.25,34006.33021,1186.65
17348.53,37866.65975,1151.49
24875.53,41266.89535,1198.37
20718.17,35477.49131,1286.27
19666.65,36433.3064,1254.04
20328.9,41743.273,1254.04
19535.38,47201.12945,1230.6
21491.88,55386.66559,1242.32
22956.02,60600.19605,1218.88
26991.95,61949.8448,1180.79
nan,61800.0,1145.63
24950.6,59913.07976,1180.79
25687.72,56016.84165,1151.49
23931.92,53858.74011,1201.3
18833.7,52670.06445,1186.65
19087.08,52178.38785,1095.82
21260.42,50120.0636,1151.49
19512.8,46259.90991,1189.58
21316.03,43759.63944,1245.25
14666.08,40656.23864,1236.46
19636.67,37376.74165,1256.97
18727.4,36467.0696,1215.95
19938.3,40907.9855,1215.95
17842.0,44310.61266,1204.23
20169.88,43692.92195,1230.6
22708.88,43201.24535,1204.23
17901.4,43054.23475,1227.67
19595.1,44495.25516,1233.53
21155.45,48182.5483,1292.13
21115.93,51717.94221,1274.55
24912.58,53512.5618,1256.97
25110.33,54349.43195,1286.27
21815.03,55420.81566,1274.55
23609.02,56750.83955,1172.0
28204.6,59080.07831,1087.03
18367.17,59137.47575,1113.4
23102.53,57461.62525,1125.12
23346.4,55496.1498,1133.91
19933.48,54859.74865,1087.03
22619.33,54066.66515,1133.91
22385.63,51620.23995,1154.42
20756.35,49012.2086,1125.12
18243.03,46162.91105,1177.86
14002.95,45142.73486,1183.72
18991.2,43395.45409,1224.74
21539.48,38176.61296,1259.9
17959.35,35300.37519,1283.34
20065.0,34626.41248,1271.62
16953.17,33256.36513,1204.23
15768.4,33338.20572,1271.62
18675.5,34370.12869,1180.79
19904.92,36561.3252,1239.39
20689.85,39993.9172,1251.11
20766.13,41960.02571,1271.62
19250.81,44372.9339,1315.57
18756.3,45889.1126,1221.81
19342.35,47531.30541,1268.69
23036.2,49616.14784,1166.14
20338.92,51311.72871,1172.0
24870.78,52586.95774,1157.35
20718.2,53177.91925,1183.72
21106.73,54342.04625,1148.56
15790.65,53988.4119,1116.33
23653.38,53885.29346,1107.54
21092.27,53580.4399,1192.51
20796.4,50934.53046,1242.32
19758.83,49042.87684,1274.55
17304.85,46858.85501,1312.64
16826.5,45459.96826,1292.13
19188.58,45050.73014,1274.55
22947.7,42875.50081,1292.13
20564.65,41384.43349,1315.57
21952.38,41108.91171,1324.36
16512.22,40711.0335,1297.99
18831.53,39250.88061,1341.94
21547.28,39866.53146,1347.8
17398.61,41280.50614,1359.52
20002.08,43281.9605,1297.99
23717.38,46600.77755,1330.22
19372.33,47181.68044,1256.97
21504.55,48741.57545,1213.02
19647.33,50546.6757,1236.46
22047.03,50427.69559,1213.02
21029.78,49966.79274,1280.41
20232.1,50044.72946,1245.25
20997.85,49848.02365,1215.95
23520.2,49572.39636,1251.11
19727.38,49320.57916,1210.09
22322.65,49030.67285,1180.79
19400.05,47875.1625,1254.04
19312.65,45405.27891,1248.18
17678.1,44370.99955,1274.55
18585.17,43532.54675,1195.44
20258.85,41742.39375,1259.9
18948.5,39421.77164,1218.88
15972.07,38731.6659,1239.39
16367.2,38607.69165,1256.97
15973.08,38419.95419,1280.41
17795.8,38361.6775,1289.2
15348.07,39514.1984,1230.6
16364.15,41144.22239,1262.83
17455.85,43294.51619,1256.97
20214.17,45614.4349,1210.09
19076.2,46640.16795,1215.95
20485.3,46937.882,1230.6
20329.15,47762.54816,1213.02
23559.9,48828.44535,1151.49
23143.9,49666.89815,1154.42
21522.83,50080.14565,1157.35
25619.75,50878.6805,1122.19
21951.83,52157.74306,1160.28
19524.82,52150.67389,1092.89
19055.0,50521.28296,1163.21
21194.5,49797.66021,1136.84
21594.95,47905.12734,1233.53
20156.0,47113.97819,1163.21
19202.47,47960.90696,1412.26
16941.63,44739.0536,1353.66
18294.4,41723.85916,1362.45
18678.95,40407.79776,1327.29
18364.0,39201.5371,1333.15
20239.88,38299.70796,1295.06
17495.35,37742.08761,1315.57
17190.42,40749.3688,1280.41
19548.83,43963.37925,1330.22
22976.45,45921.64485,1336.08
20897.33,48276.38186,1391.75
22841.32,50895.84346,1336.08
22280.78,51083.7216,1347.8
21845.58,51534.17896,1201.3
19020.15,50896.9689,1174.93
20384.5,52119.4781,1195.44
20943.0,53525.9264,1166.14
19524.95,54936.52476,1101.68
22345.93,55752.01155,1119.26
22303.35,55443.21895,1104.61
22708.93,55143.81674,1113.4
20486.0,52702.77255,1221.81
20476.35,49570.3565,1224.74
17836.9,46721.30514,1227.67
19522.9,45675.56036,1268.69
20305.9,40054.69096,1303.85
20473.17,37626.2728,1224.74
nan,37300.0,1245.25
20445.25,38257.926,1251.11
18675.02,38539.39151,1274.55
18582.08,38105.2882,1300.92
nan,38100.0,1242.32
23207.95,40918.1848,1347.8
16416.02,41484.24595,1262.83
21565.28,41876.919,1268.69
20573.25,44640.9293,1248.18
22675.9,47965.09219,1207.16
24200.85,50218.82096,1148.56
21722.83,52016.43,1125.12
19295.33,52568.49349,1157.35
21552.05,52773.11255,1172.0
20527.32,53109.5136,1128.05
nan,53200.0,1142.7
20710.75,52576.26606,1101.68
20310.7,51030.50939,1130.98
18096.6,44224.5165,1283.34
19838.05,41201.58466,1259.9
16407.47,40122.2877,1271.62
18092.2,38889.5792,1265.76
18140.53,36187.29225,1327.29
21319.97,34655.04086,1242.32
15170.57,33340.31592,1277.48
17626.15,32934.84099,1309.71
21605.08,32340.71418,1227.67
18394.25,32241.0424,1312.64
17226.08,33133.76251,1245.25
16392.55,36277.78466,1412.26
19676.2,38602.41615,1365.38
17830.63,40920.57636,1377.1
19236.35,43402.76945,1356.59
19917.28,46461.92639,1292.13
25929.02,48401.6574,1277.48
20541.17,48099.01955,1160.28
21943.7,44399.59276,1245.25
18947.13,43856.81415,1122.19
18099.1,43897.18931,1157.35
21663.85,42340.98715,1151.49
19998.3,42607.68126,1163.21
15691.18,40759.2164,1142.7
16425.3,39056.21466,1259.9
17042.38,36657.40964,1262.83
17118.3,34924.8651,1233.53
17195.8,33297.26784,1242.32
22210.78,31680.18641,1286.27
19866.63,30700.03368,1274.55
17723.8,32849.76476,1227.67
15598.63,33397.00996,1236.46
15537.23,33198.61599,1221.81
18701.42,32205.66138,1289.2
16230.92,32843.39899,1271.62
20707.32,35292.0399,1315.57
nan,35900.0,1382.96
19033.17,35654.92396,1385.89
16965.0,36348.79289,1406.4
17005.72,39621.71309,1315.57
20074.33,42148.60725,1213.02
17973.13,44171.23395,1195.44
21607.22,45014.083,1177.86
15103.92,46272.64145,1148.56
21758.03,47501.6571,1110.47
18777.33,46967.60065,1139.77
19246.7,45995.60736,1095.82
15713.63,43895.85285,1172.0
19365.5,42066.1336,1166.14
18662.43,41164.12861,1300.92
13673.73,39654.24534,1289.2
16756.45,39039.57925,1306.78
18921.63,38352.28711,1289.2
19618.93,35593.90401,1254.04
22411.0,33330.39798,1286.27
13044.85,32434.61808,1286.27
17123.9,31413.844,1262.83
17196.6,30710.7957,1312.64
16003.49,31936.8219,1292.13
18388.63,34445.498,1371.24
16457.18,37706.4604,1377.1
18220.67,39003.8817,1403.47
19011.95,40528.74739,1397.61
22570.58,43455.62996,1315.57
14562.47,44413.90695,1300.92
19784.5,44674.86835,1189.58
17612.1,45960.61321,1186.65
23583.75,46375.79506,1204.23
20876.1,46105.30259,1128.05
19309.17,46168.3624,1172.0
19771.35,45669.47595,1160.28
17182.6,45242.44181,1145.63
17409.68,43190.34265,1180.79
17448.88,40340.44721,1292.13
17581.75,37054.68996,1239.39
18444.4,33741.67596,1256.97
17297.8,32032.51947,1233.53
16790.13,31363.26954,1245.25
16281.6,29801.82705,1248.18
18956.8,29158.18088,1265.76
18042.42,29265.62523,1300.92
20215.53,29742.38975,1283.34
17037.75,29151.46341,1356.59
14897.65,29073.56186,1353.66
18523.65,29798.34522,1380.03
17372.17,31457.03276,1306.78
nan,33166.85748,1268.69
14688.27,35121.14887,1236.46
20536.13,38140.4582,1151.49
20889.65,39459.86075,1183.72
18479.93,39677.0355,1172.0
18230.0,37044.45549,1233.53
13599.11,37162.97839,1122.19
14111.99,37731.95865,1133.91
19658.92,37865.35846,1174.93
17323.1,36691.73556,1230.6
19534.85,35486.63551,1189.58
14515.13,33696.34183,1295.06
16314.53,32262.07406,1204.23
15530.13,29302.41305,1245.25
15485.4,28046.14065,1312.64
15002.32,26306.28075,1286.27
13869.63,25336.8197,1280.41
13284.0,24483.63067,1300.92
12860.19,24011.57893,1309.71
13513.82,22594.75548,1385.89
12098.26,22278.92888,1426.91
12915.9,22700.58201,1426.91
12588.52,23682.91528,1438.63
13716.55,25391.3332,1330.22
15293.48,27138.05125,1292.13
14209.3,30074.53523,1277.48
15213.65,32430.50319,1230.6
16377.73,33966.37709,1180.79
nan,35334.38458,1233.53
20243.05,36398.66395,1186.65
17668.25,36974.29134,1201.3
18546.15,37599.26224,1218.88
17756.35,37816.36665,1157.35
18849.3,36938.87515,1192.51
13785.75,35536.78793,1207.16
15678.3,33191.3358,1233.53
15727.18,31375.157,1289.2
12550.96,29994.20695,1256.97
14298.55,28636.36359,1277.48
15214.12,27433.05721,1292.13
15558.8,26755.36648,1295.06
13626.27,26160.00872,1283.34
14265.65,24839.97311,1233.53
13618.23,24356.49112,1277.48
17684.65,25988.66048,1306.78
15575.28,28390.77148,1403.47
13506.55,30091.55751,1374.17
15831.33,31112.50744,1385.89
15650.4,32699.69437,1400.54
17529.25,34904.85337,1321.43
20752.72,37861.10289,1189.58
20927.55,40241.33815,1136.84
23183.7,43155.62986,1142.7
24418.07,45583.02809,1119.26
24365.97,45523.52045,1186.65
24583.55,47000.94181,1125.12
24305.95,47147.07316,1142.7
23935.53,47477.81184,1119.26
23183.42,44901.25764,1148.56
22852.1,42156.23914,1192.51
21093.63,39999.1927,1213.02
20425.38,35264.57213,1251.11
23344.38,31709.06098,1224.74
22830.85,30041.44026,1233.53
22638.8,28703.11625,1303.85
22126.45,28259.13017,1233.53
21892.5,28133.29191,1218.88
21694.35,27726.23433,1186.65
21883.23,29127.0906,1189.58
23179.0,33677.70173,1192.51
24709.03,39071.7598,1339.01
23586.13,39104.29205,1344.87
23807.7,39134.81961,1368.31
24841.75,41663.61295,1368.31
25895.38,44535.24345,1224.74
24920.63,46481.3754,1172.0
25652.9,48727.43711,1192.51
26218.15,51157.05105,1169.07
26563.78,52512.22149,1145.63
25990.72,51049.78255,1207.16
25586.1,49278.16414,1172.0
25252.42,49906.68721,1227.67
24433.18,47759.87524,1157.35
23629.85,44098.53756,1289.2
22798.75,40629.19291,1262.83
23042.33,38986.12085,1330.22
25417.05,37820.4112,1207.16
25615.5,38435.11246,1286.27
26539.42,40556.88339,1274.55
25697.67,40226.56675,1350.73
25144.32,39367.1878,1297.99
25016.15,38470.17695,1306.78
23099.75,38126.0385,1289.2
25797.78,42706.40345,1394.68
25250.32,45607.68226,1347.8
25689.15,45710.02696,1356.59
27012.55,48115.3736,1318.5
28956.22,52451.1312,1465.0
28865.53,54663.57039,1400.54
26917.43,56493.81719,1426.91
26790.88,55844.6845,1262.83
26658.17,56012.86744,1365.38
26689.4,55280.9094,1297.99
26618.47,55988.5298,1336.08
26463.55,55742.16395,1406.4
25874.23,53807.46225,1435.7
25402.08,52616.7819,1421.05
25007.85,51734.64796,1385.89
23390.4,50042.51375,1359.52
23271.5,47739.23045,1397.61
28597.13,46362.78216,1336.08
28606.15,44929.39364,1400.54
27756.72,42064.09374,1330.22
26240.8,39487.29335,1421.05
26007.97,39631.59586,1359.52
25642.83,39940.1071,1374.17
25792.63,40953.88235,1350.73
26694.52,44830.39009,1426.91
27887.8,48953.8264,1485.51
26674.72,49613.01771,1447.42
27461.6,51599.3138,1538.25
28372.1,52859.91211,1453.28
28552.22,53601.01435,1476.72
26545.8,55830.44065,1362.45
27352.65,57603.81756,1283.34
27690.63,57274.80221,1295.06
27607.22,56442.39865,1227.67
26978.28,55803.00805,1218.88
26478.9,53802.46811,1248.18
25721.33,52348.7865,1277.48
25159.35,50023.87365,1297.99
24348.55,48514.9048,1339.01
22266.97,46596.80334,1312.64
23397.15,45194.39959,1356.59
28480.53,44481.32784,1341.94
27217.5,41625.8052,1382.96
25992.63,41052.25284,1309.71
25748.5,41238.30214,1271.62
25566.75,40329.61485,1268.69
24816.55,38009.34444,1274.55
24528.3,37849.84849,1289.2
25552.23,40773.10855,1400.54
27247.55,43176.4505,1412.26
25085.35,44095.7943,1426.91
24320.63,44291.6912,1426.91
25390.63,46569.58176,1438.63
27249.28,50594.8586,1283.34
26387.6,53031.15484,1204.23
26656.75,53283.14789,1163.21
26840.58,53734.8362,1174.93
26848.83,53161.74105,1154.42
26319.75,52465.5509,1154.42
25928.6,52011.75239,1160.28
25486.15,51279.72401,1101.68
23772.57,46620.22656,1242.32
22082.05,44260.63609,1292.13
21430.73,43087.4704,1254.04
23222.07,40780.59976,1277.48
25663.18,39223.41284,1277.48
24565.25,36978.89861,1318.5
23769.1,34683.21203,1303.85
23002.48,33832.37939,1239.39
22810.78,33442.34409,1274.55
22372.9,32842.20321,1236.46
22244.63,32768.17036,1259.9
23277.1,33474.1026,1350.73
24040.35,34819.67163,1350.73
21632.55,35992.59113,1341.94
21986.8,39146.56639,1259.9
22764.2,40744.97255,1227.67
23547.08,42356.6378,1174.93
24353.28,44237.59974,1172.0
24716.63,44523.91871,1163.21
25076.63,44747.8461,1192.51
25900.45,45558.40909,1166.14
24760.65,44100.0147,1172.0
24576.45,43351.13989,1215.95
23765.2,42097.4349,1142.7
23351.4,41048.24346,1192.51
23050.5,40245.48821,1166.14
22420.38,39132.85009,1174.93
21945.2,37880.12986,1248.18
21165.6,36639.15641,1218.88
20363.72,34714.09129,1233.53
19896.3,33976.04884,1192.51
19492.2,33178.56909,1262.83
18764.15,29974.61726,1256.97
17818.6,26728.1449,1239.39
17483.03,25456.046,1295.06
17643.63,25886.84333,1300.92
17913.55,26488.32067,1362.45
18303.58,27846.05852,1350.73
19103.98,29479.17747,1280.41
20525.38,32836.99805,1207.16
21007.53,34567.74892,1186.65
21711.9,36164.00971,1198.37
22342.98,37578.51194,1172.0
22765.0,38671.63071,1239.39
22774.4,38924.0458,1268.69
22543.33,38980.14195,1248.18
22525.63,38802.63896,1262.83
22154.22,37542.2165,1242.32
21420.4,35519.62497,1221.81
20945.4,33687.30314,1339.01
20261.13,31912.41392,1303.85
19528.92,30283.65605,1309.71
18907.28,29169.96283,1292.13
18010.33,26284.44018,1350.73
18045.53,25194.13501,1330.22
17760.68,24895.85824,1265.76
17222.03,24032.57542,1324.36
17054.68,23674.54482,1324.36
17862.55,25252.72823,1380.03
18811.43,28065.58966,1459.14
19842.22,28990.24413,1459.14
20692.83,30311.75688,1444.49
21339.97,32820.43298,1353.66
22868.7,36322.83743,1371.24
23947.28,40140.5761,1242.32
23983.7,43448.59596,1192.51
24493.97,45644.6811,1151.49
24764.6,47739.33596,1195.44
24871.03,48904.2367,1198.37
24899.7,49729.3249,1236.46
24953.93,49387.36699,1163.21
24394.8,47898.023,1133.91
22925.5,44201.93736,1201.3
22232.68,42437.5288,1239.39
21526.25,39494.32735,1230.6
21797.6,36893.6817,1265.76
24145.78,35099.58966,1341.94
23612.6,33241.41788,1248.18
23832.83,32396.91584,1236.46
23440.78,32521.03077,1274.55
23105.95,32144.25456,1262.83
22493.0,31666.54045,1289.2
22437.43,32137.6426,1283.34
24196.45,35859.75404,1315.57
24655.03,38035.05371,1368.31
23351.7,38550.78659,1356.59
23796.02,40195.72266,1353.66
24689.52,42133.3083,1385.89
26033.15,43279.95581,1391.75
24052.88,44154.77439,1277.48
24086.68,44669.94455,1327.29
24168.15,44739.93285,1280.41
24291.35,45790.9883,1339.01
24111.15,46128.02241,1259.9
23498.85,44925.27875,1286.27
23230.15,44362.3829,1224.74
22201.53,41326.5085,1359.52
21573.42,38786.35525,1359.52
20489.97,35981.61809,1350.73
21344.25,33157.36158,1421.05
23106.6,31198.9553,1438.63
22315.05,28722.2839,1362.45
21632.28,27640.63055,1344.87
21160.55,27453.10411,1312.64
20611.57,27005.81205,1297.99
20025.33,26120.89968,1300.92
20567.7,26725.43681,1377.1
21902.38,30176.38755,1447.42
20662.1,31822.69525,1473.79
20909.65,33332.68403,1476.72
21978.15,35775.6274,1409.33
23932.42,38626.08556,1485.51
24489.83,41028.09105,1368.31
23807.88,43719.05326,1295.06
24426.15,46161.43391,1262.83
24904.88,46999.35916,1236.46
24789.45,47843.08746,1300.92
24767.2,47951.30555,1224.74
24589.0,47364.59961,1318.5
23684.93,44780.09699,1277.48
22345.72,42456.1689,1341.94
21844.92,41073.46035,1438.63
21203.9,39074.5734,1456.21
21088.27,37447.6092,1356.59
24164.55,35893.27105,1432.77
23608.35,33986.10746,1380.03
23051.1,32291.19482,1403.47
22723.68,31891.41743,1359.52
22651.8,31888.18179,1356.59
21584.67,30881.89775,1426.91
22121.93,31999.14314,1497.23
23130.1,35597.87822,1506.02
23578.88,37712.19311,1585.13
22123.92,36658.46474,1658.38
22754.12,37015.61609,1576.34
23739.63,38212.5567,1526.53
24086.3,38502.3575,1465.0
22481.85,37710.6808,1382.96
22092.27,37961.51324,1368.31
22359.85,39416.60165,1292.13
22616.5,40542.67471,1303.85
22880.38,41956.15701,1248.18
22553.1,41702.89784,1277.48
22004.27,41381.61989,1306.78
21195.2,39032.26389,1385.89
20590.28,36910.73915,1418.12
19706.63,34346.56479,1388.82
20506.8,32394.24292,1388.82
23013.13,30821.5812,1465.0
22310.15,29785.43783,1435.7
22110.47,29033.92527,1368.31
21579.78,27379.88017,1432.77
21429.67,28179.39978,1409.33
21019.55,28792.2722,1421.05
21301.3,29783.57382,1421.05
22164.13,31017.37259,1573.41
22876.38,32343.66846,1561.69
21203.53,32493.2113,1614.43
21074.25,31919.65894,1599.78
22520.25,35961.88772,1491.37
24487.25,40534.76146,1400.54
22194.85,40216.47296,1341.94
22645.53,41425.3362,1336.08
23265.72,42879.33434,1295.06
22806.5,41622.04201,1286.27
22491.3,40875.03121,1286.27
22002.65,40382.5457,1271.62
21504.32,39035.46436,1350.73
20651.67,36674.67811,1382.96
20218.55,35287.18644,1406.4
19557.08,33756.90457,1344.87
19950.05,34728.75718,1374.17
23261.78,34480.77351,1362.45
22664.72,32432.05067,1356.59
22488.92,29976.65712,1353.66
22265.7,29571.14702,1412.26
21618.65,29045.63688,1412.26
21466.42,28680.92398,1377.1
21471.45,29441.29938,1453.28
21506.05,29874.03106,1462.07
21907.47,30958.21665,1544.11
21027.63,32521.41764,1544.11
20903.33,34870.63296,1444.49
22790.38,38544.63184,1397.61
22911.27,38630.90385,1438.63
23088.47,38734.05746,1344.87
23455.97,39667.08239,1336.08
23651.93,40261.2092,1268.69
23540.22,40447.85639,1271.62
23398.75,40543.87049,1315.57
22010.9,38881.8418,1344.87
21921.15,37800.99736,1286.27
21624.6,36060.5044,1283.34
21104.78,35214.03284,1341.94
20647.35,34669.63641,1306.78
19991.45,33240.64414,1336.08
18974.55,30999.26004,1295.06
18529.75,29563.5503,1368.31
18580.92,30210.74864,1268.69
19359.7,31632.88276,1339.01
18507.9,31621.41734,1341.94
18302.6,31082.05022,1377.1
19486.33,32424.38361,1459.14
19431.85,33299.72974,1491.37
19823.77,33961.38295,1491.37
20853.28,34816.22497,1473.79
21737.4,36812.7907,1508.95
22910.3,39791.79521,1347.8
23731.28,41480.5531,1353.66
24059.95,41647.36441,1341.94
24211.65,41314.12866,1353.66
24235.92,40795.51184,1300.92
24385.6,40994.152,1341.94
24150.55,40537.11785,1289.2
23898.97,40318.71215,1280.41
22982.22,38464.83111,1382.96
21859.3,35375.14661,1306.78
21150.15,34034.29036,1359.52
20586.38,32970.53854,1400.54
19552.95,31960.56165,1391.75
19309.83,31920.39751,1336.08
18864.5,29454.45296,1374.17
19070.05,28464.34712,1374.17
19050.35,28272.77613,1409.33
18587.25,28224.03051,1336.08
18560.97,27354.41709,1324.36
19520.98,29166.37549,1400.54
20325.38,32889.33101,1544.11
20851.55,33891.78152,1532.39
22331.47,35806.43632,1535.32
23170.1,38284.47935,1500.16
23357.85,38594.60841,1441.56
23786.25,39432.32264,1324.36
23278.15,40936.57871,1324.36
23494.83,41594.60941,1251.11
23995.3,42779.27569,1259.9
23808.13,43947.13071,1215.95
23893.03,44714.54011,1248.18
23479.37,43423.97696,1312.64
21425.2,35851.98147,1538.25
19987.97,32632.94171,1549.97
19234.63,31327.64233,1491.37
18495.47,29712.10838,1538.25
18807.0,27751.9436,1479.65
21618.3,26734.01829,1465.0
21154.18,25706.59708,1341.94
20675.93,24760.20755,1394.68
20505.88,24419.37508,1397.61
20367.72,24159.57429,1377.1
20006.63,23106.02177,1374.17
19683.18,23201.75451,1374.17
21114.03,26262.00172,1476.72
19047.63,26872.65843,1506.02
18942.78,27642.60007,1526.53
20660.8,29450.90079,1503.09
22260.2,32660.2688,1447.42
22577.05,34672.55552,1403.47
21999.27,36589.95358,1295.06
22674.02,39360.78686,1327.29
22764.88,39827.98514,1300.92
22874.92,40669.1812,1309.71
22669.15,40274.99584,1230.6
22173.32,40085.18335,1309.71
21504.85,38762.36931,1297.99
20997.8,36592.45065,1400.54
20785.33,35997.23357,1327.29
19649.25,32099.55349,1418.12
20191.65,30154.19528,1374.17
22374.45,28429.59916,1391.75
21712.85,27229.24706,1350.73
20990.95,26009.51629,1400.54
20700.8,25571.08707,1391.75
20392.22,24287.17105,1353.66
19228.33,23259.25746,1341.94
19424.8,24127.78061,1380.03
20274.33,26583.45552,1488.44
20308.48,28590.81844,1491.37
20085.4,30026.21165,1514.81
21178.33,31882.58976,1476.72
22364.22,34155.83788,1465.0
23287.35,37093.51764,1421.05
21521.05,38510.97415,1289.2
22072.65,39647.07066,1318.5
22146.97,39821.30284,1236.46
22273.82,40480.84585,1195.44
21902.17,39450.47036,1239.39
21759.3,39924.10475,1265.76
21105.75,38654.11605,1382.96
19981.83,36041.23124,1268.69
19309.55,34320.85552,1324.36
18607.63,32891.54672,1309.71
18259.28,31188.96702,1359.52
21115.22,28044.59317,1309.71
20885.1,27093.24467,1292.13
20482.75,26840.97026,1292.13
20356.6,26833.33837,1303.85
19974.25,25289.93809,1315.57
19202.22,23746.4323,1406.4
19131.35,24044.00567,1315.57
19533.85,26322.21276,1456.21
19355.02,28535.35535,1400.54
19473.33,29616.34047,1453.28
20094.42,30468.68542,1450.35
21136.25,32717.27937,1418.12
21765.83,34473.03611,1333.15
20669.53,36305.39311,1251.11
20852.55,37340.93859,1259.9
20970.47,37631.37245,1262.83
21023.83,38316.41371,1256.97
20950.72,38838.9344,1189.58
20525.1,38536.1207,1256.97
19502.33,36307.67916,1283.34
18659.85,34103.43458,1306.78
17863.33,32224.37182,1356.59
17123.08,30550.94805,1286.27
18573.05,28311.18177,1344.87
21628.2,27062.43575,1265.76
20918.17,25387.00729,1330.22
20304.2,23902.86846,1353.66
19534.15,23098.67124,1344.87
19190.45,22551.98876,1324.36
18865.53,22033.79398,1327.29
19124.45,22708.00288,1333.15
20202.28,24890.26621,1447.42
19175.0,26589.18823,1432.77
18303.82,26898.64906,1435.7
19665.9,29345.1446,1426.91
20711.85,31815.97778,1356.59
21328.88,33279.04978,1347.8
20330.65,34650.99631,1262.83
20542.55,35783.18895,1251.11
20343.85,36576.8,1300.92
20227.35,36506.03796,1265.76
20476.08,36582.60305,1233.53
20236.75,36768.40616,1368.31
18219.65,34909.77717,1300.92
17484.15,32455.50906,1362.45
17009.75,31670.30364,1368.31
16703.08,30934.61758,1415.19
18642.88,29036.07064,1374.17
21679.8,27920.7596,1295.06
20927.0,25975.75309,1318.5
20544.63,25141.87239,1300.92
20211.03,25314.94396,1315.57
20090.68,25186.78448,1336.08
19836.22,24681.74328,1362.45
19749.47,24609.53927,1421.05
19809.83,24842.54052,1409.33
18714.18,25951.97817,1450.35
17624.55,26281.38039,1456.21
18258.3,27465.73014,1333.15
19776.28,30383.7147,1315.57
19882.53,31413.73849,1394.68
20069.88,32093.6801,1350.73
19998.58,32119.63556,1330.22
19791.63,31992.17948,1300.92
19597.42,31784.60614,1341.94
20003.88,33051.32403,1245.25
19891.7,32828.97929,1321.43
18944.63,31149.78764,1341.94
18697.43,29748.05212,1397.61
19338.32,29564.42955,1406.4
18433.97,28959.08351,1359.52
17729.4,28417.64136,1421.05
17005.63,26028.19156,1374.17
16927.97,25330.52427,1333.15
16641.3,25047.93332,1341.94
16406.05,24871.97781,1382.96
16264.1,24131.57897,1374.17
16084.75,23611.94222,1447.42
16071.43,23724.02901,1450.35
16363.93,23965.96344,1456.21
16819.1,24954.5218,1497.23
17086.45,24825.27205,1456.21
18063.4,26305.54218,1371.24
18224.22,27665.70676,1385.89
18737.13,28776.48087,1391.75
19184.92,29384.04262,1330.22
19575.53,30275.88348,1371.24
19738.2,31058.13462,1292.13
19811.33,31957.50186,1268.69
19639.45,32018.62732,1297.99
19283.6,31735.2978,1280.41
18860.78,30305.67247,1306.78
18661.03,28833.80797,1350.73
17775.8,27126.12862,1339.01
17724.63,26195.49525,1318.5
17348.8,25310.47737,1277.48
16879.35,24522.91556,1333.15
16339.7,23374.65023,1350.73
16331.15,22400.51157,1365.38
16146.35,22235.42359,1382.96
16018.7,21902.50437,1341.94
15906.95,21578.34248,1403.47
16094.95,22372.72727,1394.68
16733.4,23859.57419,1432.77
17697.05,24983.43154,1347.8
18032.28,24970.98136,1344.87
18436.6,26373.06858,1248.18
19617.95,28650.81846,1274.55
20432.8,30494.88707,1236.46
18970.58,31265.28592,1224.74
18953.0,32015.63787,1195.44
19221.85,32612.4376,1198.37
19316.88,33561.11318,1189.58
19133.15,33960.22234,1204.23
18831.68,33969.78858,1180.79
18253.32,32909.87029,1213.02
17113.5,30623.36308,1259.9
16734.35,29256.62171,1306.78
16174.42,27619.21202,1215.95
16400.63,26132.40027,1177.86
19049.97,24440.19572,1265.76
18832.85,23449.98437,1254.04
18759.7,22085.74007,1204.23
18426.22,21568.3542,1204.23
18148.65,21257.13487,1221.81
18099.42,20806.71268,1245.25
18191.17,21273.17239,1254.04
18590.43,22715.21273,1318.5
19504.2,24652.79837,1265.76
18153.53,25901.36854,1300.92
18437.53,27033.80737,1259.9
19217.97,28825.01547,1245.25
19688.15,31057.39605,1523.6
19422.58,32639.5185,1271.62
19564.25,33638.97956,1271.62
19732.97,34512.39134,1312.64
19707.23,35061.50055,1245.25
19594.97,34927.25666,1262.83
19309.22,34754.6423,1300.92
18926.2,33420.46835,1280.41
18447.38,32189.13148,1289.2
18040.22,30425.70768,1350.73
16515.9,29104.51146,1309.71
16863.13,27011.12272,1330.22
20079.3,26270.47769,1341.94
19563.97,24603.73622,1324.36
18565.63,22561.16813,1330.22
18341.78,21597.33428,1336.08
18240.72,21413.71171,1333.15
18044.0,21215.70461,1297.99
18043.72,21172.72687,1385.89
18695.47,22715.52926,1438.63
17254.13,23854.72073,1429.84
17635.28,24778.39044,1488.44
18910.3,26900.05586,1467.93
20695.15,29693.74964,1418.12
20609.9,31836.02468,1341.94
20020.28,33917.45562,1265.76
20273.5,34969.63651,1259.9
20429.97,36071.4071,1230.6
20660.78,36899.20339,1239.39
20878.3,37310.27035,1259.9
20485.33,36758.69924,1230.6
19769.05,35663.82197,1215.95
18783.47,33391.55861,1236.46
18381.35,31322.36683,1213.02
17772.13,29759.65822,1289.2
18139.57,27466.7149,1280.41
20742.2,26365.08499,1215.95
19909.45,24326.66696,1327.29
19367.15,22549.9489,1341.94
18819.67,21680.22997,1312.64
18628.17,20998.52986,1239.39
18419.2,20295.97394,1312.64
18283.03,20178.47097,1315.57
18698.33,21723.20771,1406.4
17343.38,23350.59395,1435.7
17721.78,24098.06196,1385.89
18658.45,26283.38508,1353.66
19852.3,29253.21022,1333.15
20519.72,31204.54733,1218.88
19873.22,33169.42489,1210.09
20295.25,34660.56255,1192.51
20465.47,36082.13395,1130.98
20627.33,36977.738,1119.26
20610.95,37436.3548,1145.63
20250.1,37066.54225,1183.72
19711.72,35908.18313,1192.51
18866.88,33073.34045,1256.97
17456.65,31215.37969,1224.74
16779.28,28910.58408,1251.11
17239.95,27246.02315,1248.18
20428.92,26218.77779,1215.95
19726.38,24015.51797,1362.45
19490.1,22306.04495,1336.08
18635.03,21424.96611,1303.85
18124.92,21016.11486,1289.2
18126.0,20186.84143,1289.2
18286.57,20668.10771,1318.5
18832.55,21693.45389,1517.74
18994.97,22756.85401,1368.31
17213.9,23169.57396,1426.91
18079.1,25648.74243,1406.4
19799.95,29067.05541,1297.99
20177.6,31213.58602,1268.69
19618.63,33467.70166,1177.86
20087.95,34722.67277,1198.37
20282.58,35924.7482,1122.19
20456.7,36680.83286,1110.47
20498.78,37270.45791,1072.38
20175.05,37357.574,1075.31
19466.9,36064.05657,1183.72
18072.85,33257.98295,1192.51
17217.32,31169.86971,1201.3
16817.28,30231.28792,1248.18
17369.5,28788.79037,1139.77
20515.9,27007.21885,1198.37
20029.65,25738.63695,1174.93
19227.97,24162.31755,1198.37
18662.88,23455.25987,1280.41
18662.15,22949.05806,1227.67
18431.3,22522.12943,1230.6
18323.28,22231.69557,1280.41
18545.78,22560.00752,1292.13
18561.78,24207.65168,1303.85
16744.2,24949.84419,1303.85
17262.25,25966.67923,1259.9
18437.13,28818.6497,1177.86
18600.2,29855.77783,1295.06
19039.02,31817.34941,1262.83
19967.83,34554.34915,1297.99
20121.27,33554.50122,1447.42
20273.6,33763.27034,1385.89
20329.75,34735.43948,1245.25
21406.0,35942.26286,1286.27
20298.4,33960.32785,1456.21
18659.22,29996.42266,1450.35
18441.03,29318.48574,1421.05
18231.13,29014.05422,1459.14
17602.78,28128.71981,1485.51
16848.8,26691.04055,1494.3
16605.22,25732.8339,1409.33
16136.9,24480.71156,1412.26
15924.05,23733.66559,1409.33
15571.38,21529.73754,1529.46
15502.13,21541.41398,1514.81
15563.52,22171.27351,1731.63
15719.35,22543.58313,1517.74
16316.67,23770.10171,1555.83
16658.95,24349.73848,1620.29
17152.18,25613.2559,1500.16
18107.03,27005.77688,1544.11
18275.55,28011.21684,1497.23
18445.2,28378.88402,1473.79
18705.05,29144.18322,1444.49
19130.35,29564.57023,1453.28
19139.15,29959.07212,1470.86
19053.4,29384.99221,1397.61
18789.47,29040.71308,1444.49
18383.53,27912.95186,1508.95
17557.97,26069.72733,1429.84
17428.42,25632.5994,1444.49
17272.15,25683.98277,1453.28
17005.7,25252.02483,1552.9
16711.23,24446.59666,1423.98
16230.1,23488.2845,1520.67
16096.37,21548.90519,1511.88
15717.4,20165.10637,1441.56
14963.85,18731.78819,1491.37
14574.95,17117.5907,1567.55
14744.2,17491.4478,1529.46
15310.3,18410.7916,1582.2
16333.58,19102.40965,1787.3
16779.85,19492.90216,1605.64
17396.03,21246.75972,1470.86
18351.8,24067.99161,1409.33
19091.0,25714.43999,1374.17
18186.97,26968.18015,1315.57
18437.47,27729.01276,1248.18
18684.57,29285.25009,1242.32
18661.18,29938.35699,1268.69
18537.68,30687.47799,1277.48
18245.98,30455.88354,1254.04
17863.78,29709.5058,1300.92
17440.8,27773.01043,1344.87
16431.5,26650.70056,1359.52
15884.92,25355.88184,1391.75
16201.15,23758.31976,1397.61
19350.92,23245.78735,1426.91
18833.58,22060.91005,1418.12
18444.22,20911.62479,1485.51
18107.45,20173.47683,1356.59
17819.9,19421.26087,1356.59
17594.75,18870.56901,1406.4
17667.63,19182.87861,1538.25
18087.0,20373.80515,1494.3
18608.72,21570.00719,1488.44
17428.05,22546.15054,1485.51
17943.63,24231.63762,1438.63
19012.25,26519.72748,1321.43
19461.08,27885.80062,1306.78
18590.83,29611.31116,1295.06
18890.22,30429.15434,1283.34
18947.35,31268.41605,1268.69
19091.0,32021.65194,1192.51
18858.5,31905.90747,1297.99
18559.75,31519.354,1230.6
17794.35,30547.18486,1198.37
17272.2,28432.23691,1224.74
17084.28,26949.82141,1321.43
16411.0,25240.1022,1333.15
16608.6,23761.62574,1385.89
18822.95,22652.82115,1300.92
18893.3,21054.69635,1350.73
18213.75,20233.86372,1374.17
17817.05,19307.94313,1465.0
17567.72,18723.55841,1295.06
17217.3,18124.64848,1318.5
17121.2,18295.85604,1388.82
17594.13,19232.11661,1544.11
18174.7,20553.59419,1652.52
16833.38,22025.07182,1403.47
17635.42,23899.45697,1421.05
18879.25,25816.85503,1341.94
19697.05,27509.65747,1558.76
18530.22,28916.28162,1339.01
18802.58,29893.16354,1289.2
18891.15,30983.08184,1251.11
18901.05,31623.77373,1195.44
18839.0,32098.35771,1204.23
18608.17,31670.19813,1256.97
17950.08,30721.73357,1283.34
17229.1,28343.81953,1344.87
16423.17,26254.0533,1371.24
15973.55,24423.59548,1470.86
17344.08,22572.63355,1380.03
19639.48,20985.65764,1356.59
18934.6,19866.72409,1421.05
17353.43,18703.93355,1327.29
17048.1,18072.21001,1324.36
17675.22,18040.4515,1333.15
17371.63,17764.19115,1286.27
17414.0,17909.37291,1394.68
18048.7,19081.97588,1429.84
17753.2,20299.7723,1465.0
17110.22,20618.97522,1535.32
17909.8,22993.47777,1371.24
18918.05,25684.15862,1415.19
19828.35,27377.66446,1259.9
19012.75,29127.26645,1215.95
19350.28,30504.73467,1312.64
19415.45,32124.73521,1166.14
19217.25,32952.46116,1204.23
19185.88,33474.34879,1245.25
18667.4,32893.23488,1365.38
18257.48,31931.1947,1362.45
17650.03,29543.78476,1333.15
17127.33,27805.36683,1324.36
16036.1,25778.48456,1324.36
15995.97,23755.43582,1391.75
18844.93,22249.87846,1356.59
18634.4,21116.91208,1347.8
18298.95,19462.58562,1303.85
17892.77,18815.84449,1315.57
17655.5,17942.53822,1341.94
17512.1,17350.7678,1374.17
17477.95,18017.55583,1374.17
18098.93,19366.57152,1435.7
18257.13,19931.8941,1503.09
18324.55,20859.85455,1634.94
17472.3,22789.91381,1406.4
18250.23,25268.97677,1374.17
19247.6,27537.01973,1277.48
18375.53,30017.9467,1239.39
18492.03,30848.87312,1204.23
18674.58,31955.21581,1166.14
18673.9,33168.65115,1224.74
18626.38,33596.77556,1160.28
18301.92,33450.08149,1213.02
17774.83,32086.32957,1169.07
17341.32,29590.73671,1265.76
16749.33,28137.86401,1321.43
16160.05,26465.95255,1248.18
16496.55,25089.53943,1292.13
18977.75,23678.23767,1339.01
18671.03,22603.72383,1295.06
18327.65,21798.47151,1295.06
18026.85,21218.72923,1315.57
18159.83,20770.20622,1368.31
18202.95,20216.38423,1359.52
18137.92,20234.77814,1353.66
18262.2,20584.19209,1356.59
18223.77,20902.79712,1465.0
17251.65,21225.55221,1406.4
16705.67,23454.5213,1341.94
17550.03,27461.26355,1218.88
19656.63,31017.8298,1306.78
20139.65,32045.21584,1265.76
20009.7,31615.54395,1233.53
20162.82,32002.97667,1277.48
20508.38,33927.90111,1166.14
20741.88,34904.74786,1177.86
20263.4,33357.12718,1268.69
18621.33,30022.02642,1280.41
18059.42,28047.7233,1259.9
18024.13,27647.38319,1283.34
17506.15,26084.63941,1327.29
16764.15,23964.62698,1362.45
16247.55,22968.40156,1391.75
15746.48,21512.04703,1327.29
14705.7,19598.37699,1315.57
14719.8,19062.77306,1377.1
14628.6,19239.32646,1333.15
14474.48,19869.6432,1362.45
14556.17,20469.71374,1371.24
14885.23,21376.74804,1356.59
16103.3,22870.10141,1450.35
15832.65,20849.1277,1432.77
15652.2,20064.55534,1435.7
16212.2,21114.80188,1353.66
16962.03,22169.79637,1312.64
17210.6,22904.07563,1347.8
17636.3,23392.93863,1330.22
17715.4,23770.73477,1415.19
17798.52,24201.98931,1344.87
17425.45,23874.87314,1365.38
17307.08,23515.92812,1415.19
16989.0,22489.28065,1453.28
16071.98,20454.90717,1552.9
16034.2,19675.53997,1596.85
15749.1,18723.17154,1626.15
15355.9,18015.69182,1716.98
15072.7,17098.70441,1722.84
14632.67,15906.30073,1763.86
14634.28,14477.97669,1816.6
14116.63,13654.47114,1851.76
13614.35,12713.955,1822.46
13557.7,12420.17999,1922.08
13664.75,12288.96072,1986.54
14171.7,12806.97965,2089.09
15069.6,13208.93758,2127.18
15456.15,13214.14274,2185.78
15817.5,14350.0634,2089.09
16539.63,16066.11321,1910.36
17211.53,17147.55554,1796.09
16775.9,19009.06847,1737.49
16894.75,20252.53899,1705.26
17049.88,21152.11725,1728.7
17015.47,22014.38014,1743.35
16914.17,22458.43656,1749.21
16496.5,22329.89021,1801.95
15959.55,21367.5335,1869.34
15399.67,19198.56443,1910.36
14805.72,17954.39051,1919.15
14501.02,16616.87541,1933.8
15308.05,15046.64042,1922.08
16903.5,14267.4139,1960.17
16597.17,13145.24471,1913.29
16206.88,12155.70159,1913.29
15638.7,11456.13512,1898.64
15717.8,11125.88882,1948.45
15065.03,10697.83475,1957.24
15325.07,10839.32366,1998.26
15055.25,11266.7095,2109.6
16304.02,11116.21707,2244.38
15240.1,11580.46107,2253.17
15037.73,12876.37006,2112.53
16191.1,15440.93129,1907.43
17417.45,18724.1563,1728.7
16811.53,21411.60151,1737.49
16522.33,22266.09183,1740.42
16551.7,23424.45095,1699.4
16533.15,24410.26605,1696.47
16412.53,25005.34245,1681.82
16143.45,24482.61074,1690.61
15676.2,23461.52013,1819.53
15128.33,21350.86292,1819.53
14892.53,19669.91277,1866.41
14602.35,18521.19023,1881.06
14637.83,16732.16267,1822.46
16260.2,14687.41404,1828.32
16383.15,13542.10299,1848.83
16612.08,13074.37716,1810.74
16203.35,11982.38383,1933.8
15992.55,11342.00847,1933.8
15441.67,10990.23813,1992.4
15751.18,10967.62382,2153.55
16109.92,11413.40357,2121.32
14366.35,11433.83734,2267.82
14464.47,11689.38256,2203.36
15224.48,12974.07232,2124.25
16318.23,15196.92183,1960.17
16928.42,18673.19497,1799.02
16628.35,21198.82301,1728.7
16857.67,22837.14712,1711.12
16944.05,24268.98816,1632.01
16633.65,25135.999,1605.64
16520.22,25849.80932,1670.1
16186.85,25346.3156,1637.87
15681.15,24245.35392,1728.7
15204.22,22193.57129,1711.12
14866.23,20776.99403,1787.3
14603.32,19270.02987,1840.04
15196.67,17612.11607,1772.65
17988.9,17122.40899,1755.07
17456.17,15515.80822,1769.72
16770.8,14273.99069,1772.65
16131.85,13203.31038,1851.76
16004.22,12604.15426,1801.95
15733.48,11566.60409,1922.08
15402.8,11391.10579,2004.12
14903.5,11518.28051,2083.23
15047.92,12087.99934,2522.73
14401.75,11850.07429,2185.78
15023.28,13613.00571,2080.3
16481.6,16444.12037,1977.75
17601.78,19754.49662,1734.56
17011.5,21384.94265,1664.24
16593.1,22951.87166,1623.22
16888.03,25002.59919,1670.1
16750.57,25700.89954,1608.57
16569.22,25697.6639,1605.64
16369.22,25340.65323,1626.15
15777.23,24241.76658,1705.26
15288.9,21592.76218,1804.88
14871.27,20531.15573,1825.39
14432.13,18698.23601,1851.76
14418.13,17155.75015,1942.59
16873.67,15608.58668,1936.73
17226.15,14718.85602,1954.31
16107.18,13465.60824,1954.31
15738.0,12995.35017,1942.59
16129.7,12924.16609,1916.22
15766.3,11952.59484,1919.15
15926.42,12096.47531,2024.63
16311.72,12456.54577,2097.88
15963.5,12891.9152,2165.27
14660.63,13071.00084,2182.85
15050.65,13988.69165,2030.49
15904.67,16811.40068,1971.89
17486.22,20113.79334,1840.04
16976.03,22064.9546,1760.93
16475.85,23572.90352,1740.42
17143.48,24362.78655,1714.05
16707.63,25519.49268,1728.7
16233.17,26284.86222,1711.12
15875.92,25879.42246,1687.68
15587.57,23228.23752,1731.63
15076.7,22183.58301,1875.2
14131.82,20320.41709,1848.83
13931.98,18357.29803,2089.09
16289.95,17937.64959,2241.45
17987.67,16736.13688,2188.71
16915.85,14751.42344,1889.85
16044.03,13542.80639,1822.46
15806.72,13540.20381,1819.53
16073.45,12900.10981,1831.25
15038.0,12614.17771,1866.41
14791.05,12690.56695,1860.55
15736.48,12669.9925,1857.62
15857.98,12810.60216,2074.44
14123.03,13021.05944,2015.84
14252.8,14800.45042,1889.85
15231.55,18324.83612,1667.17
16757.28,21148.52991,1684.75
17024.95,22421.64874,1605.64
17246.55,23367.58106,1667.17
17443.3,24011.40308,1714.05
17465.78,24519.60958,1640.8
17361.83,24946.88991,1614.43
17098.58,24915.27208,1670.1
16816.42,23598.85898,1620.29
16496.83,21711.88297,1793.16
16018.57,20203.01963,1752.14
15504.8,18991.62415,1778.51
15000.2,17800.06455,1719.91
14415.92,17047.84859,1714.05
13656.38,15071.18908,1763.86
13413.52,14176.78081,1714.05
13288.85,13455.54962,1831.25
12932.7,12826.53417,1796.09
12549.02,12159.42961,1784.37
12555.83,12031.3053,1840.04
13326.75,12184.32997,1989.47
13500.38,12422.92325,2042.21
13097.95,12301.16471,2065.65
13281.48,13023.34549,1933.8
14558.23,16048.38753,1752.14
15455.5,18199.34956,1608.57
16132.15,20282.32798,1570.48
17053.55,22640.01927,1623.22
17006.17,22435.2947,1708.19
17077.23,23370.14847,1649.59
16865.6,23177.03,1637.87
16734.05,22678.49525,1614.43
16539.13,22298.55374,1655.45
16205.53,20545.01271,1781.44
15875.63,19287.61487,1755.07
15411.0,18261.70597,1901.57
14646.13,16906.5707,2162.34
14363.25,16072.58449,1763.86
14048.58,14743.19366,1837.11
13861.13,13412.18501,1796.09
13591.25,13102.12629,1778.51
13139.92,12504.23629,1784.37
13028.48,11936.38147,1939.66
13661.25,12049.34751,1945.52
13907.88,12103.7555,2071.51
14423.85,12183.41555,2077.37
14701.52,12391.34059,2212.15
15117.57,13982.15003,2021.7
16133.1,17064.484,1863.48
nan,20200.0,1649.59
nan,22922.68056,1655.45
16708.32,24099.5391,1599.78
16838.35,25413.24411,1626.15
16729.82,26134.58081,1555.83
16619.95,26993.92459,1593.92
16325.02,26382.52931,1634.94
15809.05,25213.30266,1608.57
15369.65,22713.34872,1722.84
14959.4,21272.15246,1725.77
14576.58,19356.65358,1699.4
15347.85,17624.07387,1781.44
17848.35,16634.0032,1840.04
17437.08,15173.35793,1725.77
17507.97,12367.10846,1728.7
18894.33,12155.38506,1699.4
19061.9,12217.24909,1828.32
19270.0,12215.63127,1758.0
19826.13,12775.71352,1793.16
19658.28,12543.23982,1825.39
19652.43,13632.03268,1872.27
19146.25,14837.55477,1948.45
19388.07,15224.28409,1863.48
20116.72,16690.87309,2141.83
20792.7,18543.45284,1696.47
19077.4,19800.71,1731.63
19812.25,22044.45049,1590.99
20752.25,25176.90171,1538.25
21001.4,25489.17614,1629.08
20894.13,25472.11869,1605.64
20581.53,25158.5078,1602.71
20061.5,24172.27066,1620.29
19673.85,22445.38849,1740.42
19223.48,20721.07373,1746.28
18740.25,19379.54925,1705.26
19175.05,17549.16177,1775.58
21312.58,15613.29946,1716.98
20940.07,14558.09395,1775.58
20630.68,13822.61891,1687.68
20078.65,13387.35499,1670.1
19561.7,12364.40037,1799.02
19373.5,11879.51158,1825.39
19239.42,12477.36641,1845.9
19843.45,12667.42509,1933.8
19996.8,13217.44872,2071.51
18493.52,13655.66692,2024.63
19140.92,14693.39294,2015.84
20194.25,17421.14297,1971.89
21262.45,20663.4301,1585.13
21621.38,23377.21764,1476.72
21311.6,23424.94333,1447.42
21639.47,24334.79123,1336.08
22164.42,25971.00514,1277.48
22096.57,25972.62296,1394.68
21663.67,25579.94991,1459.14
21257.15,24809.79725,1429.84
20704.78,22478.51863,1526.53
20143.55,21060.53457,1579.27
19422.07,19774.19182,1582.2
19515.33,18076.99313,1617.36
21550.53,16397.97733,1722.84
22178.27,16630.52137,1614.43
21510.15,15861.67,1570.48
20785.38,14673.80325,1626.15
20060.63,13908.50405,1740.42
19859.48,13059.78161,1784.37
19514.48,12798.92572,1878.13
19668.38,13158.25761,1936.73
18346.8,13409.51209,2089.09
18156.7,12716.59275,2235.59
18625.83,12597.50713,2185.78
19318.25,13230.32094,2100.81
19845.65,14326.99188,1878.13
18566.33,14230.20404,2390.88
18785.3,12974.49436,2830.38
18738.65,12707.44855,2604.77
18943.58,13377.6129,2976.88
18759.9,12873.2751,2405.53
18342.47,12872.53653,2171.13
17901.35,12753.83778,2191.64
17376.3,11699.58186,2314.7
16627.17,10627.10788,2270.75
16255.65,10671.03521,2273.68
17663.05,10230.98817,2232.66
19541.4,10257.36567,2288.33
18859.05,9473.49671,2423.11
18367.93,8871.21046,2229.73
17395.93,8202.3474,2089.09
16878.22,7550.96383,2141.83
16818.02,7816.63801,2147.69
16796.18,8010.00267,2273.68
17130.42,8299.31109,2411.39
17004.3,8557.98644,2622.35
15616.42,8679.85049,2724.9
15023.22,9164.45792,2798.15
14678.83,10341.0351,2537.38
12852.1,11349.64036,2385.02
7523.25,12925.08051,2127.18
4178.88,13703.6388,2042.21
nan,14601.24754,2042.21
nan,15038.48098,1992.4
nan,15119.82919,2053.93
nan,15022.65448,1942.59
nan,14030.3681,2062.72
nan,13228.52727,2106.67
nan,12214.96304,2141.83
nan,11752.58305,2141.83
nan,11249.37069,2056.86
nan,11363.35666,2171.13
nan,9751.97277,2141.83
nan,8912.21868,2106.67
nan,8758.24442,2176.99
nan,8649.67463,2153.55
nan,8419.698,2191.64
nan,8429.12356,2270.75
nan,8645.77076,2267.82
nan,8932.37109,2481.71
nan,8587.84577,2554.96
nan,9535.04421,2387.95
nan,10422.94603,2218.01
nan,11847.85858,2106.67
nan,13493.84975,2051.0
nan,14836.88654,1954.31
nan,15663.3112,1889.85
nan,16527.05123,1796.09
nan,16832.92472,1848.83
nan,16267.10976,1801.95
nan,15613.65116,1892.78
nan,14245.46782,1907.43
nan,13356.08886,1933.8
nan,12182.36045,1966.03
nan,11641.9734,1980.68
nan,10861.1994,2036.35
nan,10137.0491,2051.0
nan,9393.907,2024.63
nan,8472.1013,2039.28
nan,8560.55385,2109.6
nan,9128.33833,2092.02
nan,8728.59611,2179.92
nan,8623.12128,2156.48
nan,8773.1565,2338.14
nan,9592.23063,2355.72
nan,10307.06088,2282.47
nan,11900.0,1922.08
nan,14500.0,1819.53
nan,16600.0,1714.05
nan,18400.0,1743.35
nan,20200.0,1693.54
nan,21300.0,1681.82
nan,21400.0,1740.42
nan,21300.0,1725.77
nan,20400.0,1848.83
nan,18200.0,1898.64
nan,17200.0,1927.94
nan,15900.0,1968.96
nan,14800.0,1901.57
nan,14000.0,1939.66
nan,12700.0,1998.26
nan,11900.0,1998.26
nan,11500.0,1977.75
nan,11200.0,2042.21
nan,10800.0,1989.47
nan,10600.0,2083.23
nan,10800.0,2218.01
nan,11300.0,2279.54
nan,11500.0,2346.93
nan,12900.0,2162.34
nan,14700.0,2021.7
nan,17500.0,1840.04
nan,20600.0,1860.55
nan,21800.0,1831.25
nan,23100.0,1807.81
nan,23700.0,1854.69
nan,23700.0,1840.04
nan,23300.0,1883.99
nan,22300.0,2203.36
nan,20700.0,2250.24
nan,19400.0,2308.84
nan,17800.0,2176.99
nan,15900.0,2121.32
nan,13900.0,2194.57
nan,12900.0,2320.56
nan,12300.0,2279.54
nan,11500.0,2220.94
nan,10800.0,2631.14
nan,10700.0,2253.17
nan,10500.0,2358.65
nan,10800.0,2455.34
nan,11400.0,2622.35
nan,11400.0,2724.9
nan,12800.0,2341.07
nan,15100.0,1989.47
nan,18700.0,1854.69
nan,21400.0,1675.96
nan,22900.0,1646.66
nan,24500.0,1588.06
nan,25300.0,1661.31
14780.53,25962.1423,1623.22
14741.1,25348.21478,1608.57
14879.95,24169.84393,1740.42
13924.52,22457.31112,1971.89
13301.92,20233.96923,2015.84
12077.85,19171.80006,1957.24
12953.83,17499.92377,2059.79
15171.5,15712.86573,2051.0
14889.2,14903.60403,1872.27
14267.55,13714.11946,1951.38
13851.17,12832.26688,2001.19
13700.48,12773.42747,2077.37
13332.63,12029.47646,2033.42
13197.28,11744.21259,2036.35
12647.68,11569.1715,2235.59
13615.27,12851.22351,2220.94
11860.92,12691.97375,2370.37
12749.52,15260.36851,1889.85
14681.9,18353.49967,1796.09
15921.95,20921.15586,1708.19
14346.17,22722.9853,1766.79
14378.67,21035.177,1863.48
13918.2,18991.90551,2033.42
13616.78,16496.27748,2045.14
13268.47,15659.16114,2068.58
13197.83,15842.99473,2103.74
12913.15,15809.54806,2355.72
12465.13,15106.28874,2320.56
11186.77,14456.73401,2332.28
10296.58,13383.09942,2414.32
11657.42,12569.16011,2302.98
15608.2,13132.23181,2385.02
14679.02,12139.34754,2329.35
13828.13,11660.2618,2209.22
13097.3,11345.59581,2153.55
12938.85,11056.14671,1974.82
13101.42,10672.30133,2083.23
12903.88,10420.37862,2385.02
12025.32,10248.46766,2478.78
12927.6,10761.3166,2560.82
11993.4,10087.98695,2554.96
11581.15,10611.28138,2402.6
12954.75,11901.38732,2259.03
13900.75,14389.17244,2094.95
13508.05,15950.54459,2042.21
13814.43,17019.43123,1989.47
13912.13,17406.72327,2097.88
13808.82,18220.48673,2059.79
13619.9,18429.57238,2089.09
13402.33,18197.34487,2106.67
12968.75,16952.46755,2089.09
12532.85,15558.22324,2150.62
11566.9,14196.7222,2229.73
11120.17,13545.19795,2282.47
12062.92,12732.70061,2540.31
13706.67,12163.79069,2461.2
13038.15,11013.73169,2396.74
12680.57,9967.74072,2335.21
12031.27,9503.2857,2335.21
11865.17,9230.61269,2349.86
11736.88,8908.31481,2487.57
11720.08,8985.40745,2566.68
12466.42,9151.40985,2742.48
11680.4,8900.71809,2959.3
10957.55,8590.69454,3055.99
10564.47,9370.44861,2742.48
11797.8,10954.25922,2689.74
14184.47,13281.63397,2332.28
14273.38,15056.9804,2209.22
14299.75,15700.83759,2174.06
14425.22,16144.82367,2308.84
14373.92,17114.74193,2543.24
14205.18,17573.49941,2680.95
13935.2,16920.18149,2669.23
13694.52,15944.38984,2373.3
13486.9,14669.02013,2332.28
13269.53,13822.58374,2285.4
12855.38,13038.78512,2408.46
13580.17,12248.55039,2493.43
15802.8,11891.01217,2469.99
14944.17,10632.91093,2496.36
14597.3,9800.64805,2619.42
14165.68,9160.87058,2434.83
14361.98,8836.60318,2499.29
14180.27,8794.85639,2478.78
14087.6,8778.39683,2557.89
14336.47,8347.84569,2724.9
14780.05,9060.42506,2821.59
13919.78,8910.91739,2947.58
12534.45,9155.77093,2695.6
13240.77,11150.01544,2346.93
14423.53,13870.94249,2241.45
14929.1,15138.85616,2171.13
15434.8,16265.28092,2074.44
16224.4,17627.06332,2056.86
16562.33,18858.8574,2036.35
16362.75,19043.81643,1974.82
16113.08,18959.37326,2024.63
15126.95,17372.53803,2033.42
14990.0,15672.8071,2147.69
14625.17,14367.57806,2171.13
14165.82,13544.3187,2130.11
13046.1,12371.96192,2226.8
12868.93,12040.51984,2171.13
12607.3,10928.30376,2402.6
12360.13,9799.7688,2420.18
12094.48,9046.63842,2426.04
11917.13,8862.34762,2396.74
11630.75,8748.46716,2528.59
11600.38,8691.2104,2628.21
11880.15,8758.3851,2692.67
12168.68,8530.09663,2930.0
12201.6,8651.25728,3050.13
12272.73,9079.62788,2639.93
12566.75,10334.84518,2302.98
13288.95,11960.05088,2326.42
14669.5,14181.9508,2209.22
14894.65,14765.49144,2218.01
15105.25,15501.45886,2226.8
15183.58,16094.10853,2212.15
15202.2,15772.30303,2203.36
14884.4,15175.78466,2264.89
14795.0,14368.52765,2338.14
14124.13,12771.14142,2379.16
13750.02,11846.02974,2613.56
13620.5,11446.81507,2639.93
13396.97,10882.6531,2616.49
13104.38,10619.86286,2651.65
12629.25,9673.22714,2595.98
12624.63,9009.00652,2531.52
12323.65,8891.99593,2528.59
11998.9,8491.23378,2581.33
11894.0,8255.20791,2777.64
12000.45,8310.88202,2824.52
12839.08,9135.09097,2959.3
13512.58,8846.83765,3184.91
13798.58,9009.81543,3266.95
14672.62,9194.21174,2950.51
15445.2,10548.74912,2710.25
15528.28,11622.17269,2581.33
15352.95,12852.98201,2525.66
15295.25,13877.09724,2314.7
15445.65,14908.563,2250.24
15337.15,15850.90798,2244.38
15191.9,16202.25628,2197.5
15003.88,16011.52937,2349.86
14568.22,14884.85842,2297.12
14067.17,13933.93196,2349.86
13686.03,12978.39823,2499.29
13343.33,11821.93829,2554.96
13808.77,11334.16556,2660.44
13770.25,10464.20044,2669.23
12900.0,9543.06297,2590.12
12813.47,8909.58093,2598.91
12509.28,8394.76247,2554.96
11749.57,7686.64969,2569.61
11862.32,7666.25109,2613.56
14263.7,8321.53853,2792.29
15618.0,8342.14815,3047.2
14170.63,8537.27131,3196.63
13875.22,8556.64998,3290.39
13632.48,8465.91138,3064.78
14960.28,9568.56122,2660.44
16160.75,12041.71562,2505.15
17188.9,14108.93788,2238.52
17848.0,16073.78027,2215.08
17830.22,17003.00684,2273.68
18017.18,18283.58171,2168.2
17974.45,18706.18443,2458.27
17685.55,17841.84651,2147.69
16893.0,16342.33839,2209.22
16252.45,15029.5478,2276.61
15541.05,14087.73037,2426.04
15007.4,13058.16379,2420.18
14718.63,12273.94313,2540.31
14776.45,10540.62485,2581.33
14398.55,10252.01983,2680.95
14633.7,10540.76553,2601.84
13832.92,10052.07838,2496.36
13435.5,9690.24942,2528.59
13201.2,9394.82142,2554.96
11765.65,8934.79782,2680.95
12248.8,8998.06865,2845.03
12930.88,8903.74271,3073.57
13278.02,9057.25976,3079.43
13895.25,9500.43693,2888.98
14839.33,11021.29324,2651.65
15759.92,12314.70516,2423.11
16161.05,14113.40447,2349.86
12154.9,11479.03079,1740.42
16247.4,16613.04188,2256.1
16550.65,17522.85461,2264.89
16283.52,17968.28266,2244.38
15506.98,17932.69062,2176.99
15057.45,16740.46279,2320.56
14342.67,14910.25116,2472.92
13809.77,13263.45108,2660.44
12748.92,11453.63805,2730.76
15691.83,11243.53247,2654.58
16478.72,11277.33084,2768.85
15192.13,9858.74889,2660.44
14464.45,9298.91283,2639.93
13846.7,9329.75692,2461.2
14402.45,8792.78136,2508.08
14425.38,8531.11656,2505.15
14679.05,8617.7051,2625.28
14980.1,9230.3665,2733.69
13583.75,9599.72184,2856.75
13964.7,9687.5765,2965.16
14185.6,10671.03521,2660.44
15136.6,12104.21271,2428.97
15191.98,13850.71974,2326.42
15352.38,14988.82094,2282.47
15642.8,17152.19798,2218.01
15917.0,18228.68134,2092.02
15970.05,18869.47874,2144.76
15833.65,19383.55863,2097.88
15504.67,19233.87511,2030.49
15105.67,17852.50302,2200.43
14485.08,16147.6021,2601.84
13883.67,14492.81843,2458.27
13461.92,13641.7396,2528.59
14177.33,12637.24923,2505.15
16675.08,12092.1494,2543.24
15340.07,10377.54156,2557.89
14684.13,9462.31265,2443.62
14357.4,8889.70988,2446.55
14152.92,8712.76961,2531.52
13922.47,8498.4788,2502.22
14174.08,8327.27124,2642.86
14634.07,8528.16228,2798.15
15109.78,9220.65958,2909.49
13544.58,9162.73459,2953.44
13945.25,9443.145,2786.43
14368.5,10542.24267,2552.03
15354.33,12527.13196,2323.49
15872.92,14968.45751,2162.34
15905.93,16394.28448,2247.31
16145.55,17370.32232,2253.17
16459.95,18466.39537,2106.67
16360.38,18992.04619,2141.83
16047.47,18913.65226,2103.74
14845.0,17360.79125,2285.4
13776.05,15827.80129,2220.94
12827.72,14814.6591,2235.59
12374.9,13782.34926,2522.73
14772.05,12963.20479,2434.83
16017.55,12347.69462,2411.39
15291.83,11370.8127,2484.64
14721.97,10125.33749,2437.76
13805.07,8882.74622,2387.95
13720.55,8815.21982,2487.57
13505.8,8579.75667,2449.48
13414.07,8242.19501,2628.21
13927.1,8178.95935,2786.43
15011.75,8198.37319,2918.28
13403.3,8712.80478,3014.97
13025.5,9225.75923,2765.92
13406.5,11062.89935,2405.53
14275.65,13657.39025,2197.5
15569.48,15549.21972,2226.8
16035.05,17075.56255,2106.67
16063.2,17713.93322,2053.93
16230.25,18473.14801,2033.42
16279.35,19089.95947,1936.73
16173.65,19012.47996,2080.3
15873.13,17891.92859,2162.34
15599.3,16263.27623,2051.0
15108.02,15130.73189,2068.58
14541.63,13900.80182,2153.55
13929.35,13149.81681,2317.63
13609.2,12669.32427,2352.79
12590.3,11407.91705,2308.84
12242.25,10694.00122,2326.42
12124.75,10306.18163,2349.86
12090.67,9962.18386,2449.48
11968.57,9707.23653,2443.62
11919.8,9758.51439,2467.06
12113.2,9906.54492,2593.05
12444.28,10233.09837,2587.19
12563.68,10041.45704,2713.18
12645.97,10553.39156,2469.99
13201.65,12110.57848,2220.94
14288.7,13639.17219,2168.2
15148.45,14880.14564,2179.92
15332.18,15652.0568,2127.18
15543.67,16383.34661,2059.79
15838.17,17222.29179,1998.26
16063.65,18160.7329,2250.24
15999.65,18082.02244,2080.3
15778.22,17011.65866,2305.91
15419.83,15408.64523,2314.7
15044.58,14344.26035,2420.18
14446.83,13338.36318,2373.3
14173.57,12580.27383,2461.2
13248.88,11061.84425,2469.99
12961.4,9895.29052,2414.32
12871.65,9698.90124,2458.27
12615.72,9417.1192,2455.34
12471.3,9607.91645,2461.2
12171.2,9241.83192,2581.33
12380.15,9208.35008,2698.53
12811.25,9318.78388,2827.45
13316.4,9952.54728,2918.28
13707.75,9711.70312,2994.46
14241.15,10379.7221,2754.2
15159.95,12432.9467,2563.75
15729.3,14003.42788,2402.6
16177.58,15856.46484,2244.38
15881.17,17404.68341,2109.6
16291.8,18870.14697,2065.65
16342.23,19876.53652,2065.65
16177.45,20396.56014,2086.16
15928.23,19771.55407,2097.88
16265.2,18832.97228,2150.62
16042.93,16935.26942,2282.47
15241.88,15988.87989,2297.12
14430.35,14227.81248,2320.56
14857.28,13195.4323,2493.43
16526.65,12385.25618,2505.15
16073.97,11200.06235,2528.59
15566.95,10308.11598,2519.8
15134.55,9547.74058,2464.13
14555.38,9404.1063,2434.83
14148.88,9368.09222,2434.83
14267.27,9280.44858,2563.75
15121.05,9407.2716,2742.48
14092.1,9987.04905,2768.85
13700.65,9973.71962,2877.26
13996.83,10370.2262,2610.63
14586.35,12482.07919,2358.65
14666.5,14332.86527,2212.15
15359.2,16480.80268,2094.95
15806.27,18272.64384,2106.67
16031.27,18802.76125,2021.7
16222.47,19448.69347,1995.33
16186.88,20090.89767,2039.28
15881.6,20325.16504,1954.31
15362.67,19017.19274,2018.77
14820.53,17240.93189,2127.18
14031.75,15868.63366,2194.57
13667.52,14559.39524,2335.21
14270.95,13440.03965,2382.09
16669.3,12312.17292,2370.37
15981.38,10963.01655,2346.93
15362.27,9738.01028,2364.51
14636.13,9284.49313,2314.7
14223.02,8585.27836,2382.09
14183.85,8506.18103,2440.69
14893.78,9149.86237,2546.17
14923.6,8834.17645,2727.83
14746.7,8949.18235,2865.54
13261.6,8577.47062,2968.09
13582.0,9083.14488,2765.92
14142.45,10631.50413,2467.06
14924.98,12719.65254,2212.15
14761.8,14547.92982,2135.97
15044.75,16058.16479,2036.35
15210.23,17461.41262,2007.05
15195.88,18500.1234,1971.89
15135.95,18991.87034,1966.03
14667.48,18635.77409,2033.42
14158.85,17087.02797,2033.42
13443.6,14942.78341,2176.99
12904.63,13890.77837,2168.2
11975.97,13083.31034,2130.11
13133.8,12268.42144,2291.26
15731.43,11402.50087,2376.23
15010.83,10038.60827,2458.27
14342.98,9245.10273,2367.44
13772.67,8384.528,2387.95
13686.43,7941.52668,2376.23
13596.13,7728.57233,2478.78
14244.0,8138.40834,2663.37
14673.8,8485.92311,2830.38
14568.32,9647.65855,2862.61
12925.8,9640.30802,2806.94
12728.95,9762.87547,2686.81
13089.5,11569.76939,2276.61
13454.98,12909.99258,2267.82
13071.15,13550.61413,2112.53
13111.88,14517.71879,2138.9
13165.4,15306.54672,2074.44
13137.0,15774.27255,2059.79
13076.8,16280.68538,2042.21
12922.2,16451.54124,2045.14
12434.28,15429.60655,2174.06
11693.8,13836.96827,2273.68
11511.57,12868.21062,2496.36
11300.2,11935.88909,2484.64
13996.4,11746.74483,2469.99
15115.88,11307.36602,2437.76
14488.1,10199.54619,2423.11
14354.02,9797.62343,2408.46
13455.3,9007.14251,2396.74
13382.63,8296.28647,2481.71
14089.4,8921.36288,2487.57
13695.13,8364.55144,2625.28
13652.65,8509.59252,2783.5
13960.3,8820.95253,2871.4
12644.92,8750.68287,2897.77
12243.02,8894.17647,2727.83
12839.75,10481.0117,2326.42
12827.1,12534.16596,2344.0
12464.55,13562.11472,2188.71
12845.5,14290.69644,2206.29
12976.35,15346.18331,2203.36
13015.88,16264.15548,2188.71
16597.82,16434.76515,2332.28
16630.3,16317.15667,3551.16
16289.38,14810.86074,3246.44
16018.73,13565.7724,3896.9
15763.77,12562.26679,3559.95
15484.17,11878.73784,2578.4
15516.13,10506.54512,2566.68
17181.42,9923.53203,2487.57
18087.35,8917.42384,2458.27
17823.47,8250.67098,2452.41
15605.4,8085.40715,2516.87
13806.33,7370.96377,2560.82
13766.05,7487.27096,2645.79
13699.6,7320.00244,2783.5
12960.2,7900.37778,2903.63
13629.82,7703.49612,3146.82
14042.9,7765.71185,3249.37
11585.2,7531.33897,2953.44
11808.13,8039.22894,2704.39
12918.52,10215.16167,2481.71
13175.6,11125.6778,2399.67
13567.85,12155.13887,2305.91
13746.92,12955.5729,2218.01
14716.92,14332.54874,2259.03
14697.15,15125.03435,2083.23
14425.13,15112.47866,2150.62
14065.85,13819.27776,2194.57
13067.5,12174.86924,2238.52
13114.15,11571.59823,2390.88
12812.48,10637.97541,2546.17
12393.8,9638.51435,2660.44
12054.85,9020.54228,2678.02
11793.7,8397.15403,2648.72
11421.58,7622.3941,2634.07
10895.95,7195.25445,2610.63
10970.43,7044.79719,2625.28
10994.72,6917.939,2768.85
11027.02,7026.57913,2897.77
11321.83,6867.89209,2874.33
11656.0,7293.87113,3012.04
11730.38,6937.07148,3565.81
11644.32,7396.98957,3161.47
12281.75,8093.35557,2610.63
12989.67,10432.8288,2440.69
13383.47,11620.5197,2218.01
13636.65,12269.54688,2115.46
14023.97,13292.46633,2001.19
14139.25,13988.62131,2030.49
14826.77,14959.94637,2062.72
14827.4,15161.29462,1971.89
14445.2,13811.99757,2059.79
13781.65,12473.49771,2247.31
13228.48,11348.16322,2461.2
13136.13,10526.69753,2581.33
12791.15,9745.74768,2616.49
12483.27,9021.91391,2704.39
11984.02,8153.42593,2593.05
11957.23,7921.97216,2478.78
11269.43,7485.16076,2481.71
11271.58,7183.26148,2575.47
11248.02,7002.62836,2587.19
11987.7,7597.31789,2760.06
12533.42,7961.11637,2915.35
12954.45,8308.87733,2918.28
13302.13,8090.04959,2985.67
13643.1,8148.46696,2897.77
14136.0,9251.67952,2613.56
14404.83,10473.94253,2455.34
15052.88,12109.87508,2235.59
15506.15,13915.74907,2127.18
15319.0,15459.21969,2094.95
15392.08,16802.1158,2059.79
15324.72,16890.88488,2042.21
15047.67,16318.10626,2138.9
14533.33,15196.00741,2130.11
14158.63,13882.12655,2261.96
13753.17,13108.98444,2358.65
13184.63,11930.7191,2437.76
12995.0,10771.44556,2578.4
14426.4,9795.51323,2590.12
14348.58,8335.18449,2543.24
14184.6,7730.11981,2563.75
14063.65,7535.13733,2467.06
13563.65,7184.66828,2543.24
13326.42,7260.52997,2569.61
14230.75,7316.0634,2727.83
14798.87,7411.23342,2891.91
15287.97,7837.42348,2985.67
13559.52,7725.02016,3003.25
13545.52,8631.17521,2915.35
13703.2,8826.50939,2537.38
14452.45,11249.26518,2390.88
15022.57,13050.35605,2097.88
15570.55,14445.16308,1963.1
15361.83,14570.05175,1968.96
14584.2,15209.37201,1863.48
14501.15,15482.60774,1930.87
14343.5,15239.23134,1872.27
13700.47,14206.53463,2053.93
13313.25,13325.2096,2039.28
12882.38,12493.15774,2256.1
12531.38,11778.04613,2294.19
13466.57,10789.34709,2379.16
16124.83,9986.24014,2502.22
15783.43,9271.79676,2411.39
15395.63,8737.91616,2417.25
15045.3,8374.75074,2446.55
14209.8,8235.93475,2443.62
13574.63,7440.63554,2522.73
14023.83,7553.14437,2663.37
14807.85,8096.76706,2701.46
14446.8,8382.94535,2868.47
9978.83,8181.13989,2853.82
10215.28,8515.25489,2739.55
10894.05,10459.69868,2543.24
11618.1,11576.13516,2300.05
14480.72,13527.4371,2159.41
15546.95,15229.45408,2051.0
15996.5,16203.31138,1957.24
15881.35,17438.72797,1968.96
16074.5,17671.76439,1916.22
15729.2,18257.0987,1922.08
15177.15,16852.19788,1998.26
14526.38,15296.66395,2065.65
13866.75,13745.52627,2200.43
13459.1,12663.34537,2203.36
14571.95,11756.90896,2300.05
16386.45,11068.38587,2367.44
15991.6,10262.57083,2393.81
15672.32,9140.12028,2414.32
14546.25,8781.73798,2399.67
13742.5,8589.67461,2443.62
13423.17,8387.83398,2426.04
13284.22,8112.62873,2619.42
13641.85,8100.28406,2821.59
13121.05,8382.83984,2912.42
13175.73,8383.89494,2979.81
12952.88,8118.22076,2930.0
14032.13,9831.4218,2511.01
14792.75,11487.08472,2361.58
15370.95,13125.33849,2124.25
15649.0,14518.56287,2056.86
15972.65,16589.09111,1936.73
16094.17,17751.0024,1939.66
16103.97,nan,1892.78
15880.3,nan,1901.57
15414.85,17094.16748,1971.89
14857.1,15473.81524,2103.74
14302.92,14216.90978,2253.17
13734.58,13390.23893,2338.14
13774.3,12977.13211,2294.19
15398.15,11639.30048,2305.91
15548.85,10955.91221,2259.03
14986.08,9882.10177,2282.47
14890.95,9631.09348,2156.48
14694.08,9273.94213,2297.12
14271.18,8683.64885,2323.49
14061.73,8628.53746,2428.97
14774.9,8891.11668,2572.54
15031.05,9489.85076,2704.39
13101.67,8829.56918,2748.34
13100.27,9375.9703,2622.35
13624.82,10269.95653,2417.25
14176.58,10730.12081,2317.63
14511.52,12381.63367,2094.95
15131.0,14131.09498,1901.57
15417.52,16324.40169,1822.46
15402.25,16738.21191,1825.39
15231.68,16665.33967,1889.85
14866.98,16237.18009,1869.34
14484.9,15159.60646,1916.22
14110.15,13892.88857,2077.37
13775.98,13385.24479,2159.41
13616.7,12636.86236,2259.03
14349.73,11803.08717,2259.03
15909.0,11530.41416,2191.64
15373.2,10331.78539,2206.29
14060.18,8957.799,2185.78
13975.35,8485.57141,2270.75
13714.92,8245.85269,2285.4
13829.17,8120.71783,2308.84
13766.58,8314.08249,2373.3
14093.02,8395.67689,2552.03
13893.77,8781.38628,2587.19
12381.73,8356.42717,2795.22
12259.48,8201.92536,2560.82
13098.2,8939.26441,2344.0
13676.13,10464.62248,2323.49
13699.98,10320.60133,2314.7
13727.3,9549.28806,2367.44
13735.67,9186.68536,2376.23
13308.13,8773.54337,2332.28
13305.98,8638.49057,2373.3
14154.13,10066.81461,2311.77
14079.3,10259.68689,2519.8
13820.0,10277.62359,2449.48
13773.08,10552.72333,2469.99
13641.3,10910.36706,2317.63
13420.4,10926.86179,2314.7
13202.8,11080.94156,2294.19
13011.4,11125.81848,2203.36
12686.53,10808.47957,2174.06
12507.58,10978.06931,2112.53
12584.52,11534.84558,2144.76
12472.08,11739.60532,2092.02
12595.33,12159.92199,2144.76
12840.3,12345.93612,2250.24
13286.63,13006.00668,2261.96
13675.65,13495.85444,2346.93
13835.43,13394.77586,2156.48
14121.55,13993.15824,2039.28
15115.3,14800.38008,2092.02
15595.17,15630.00521,2109.6
15580.93,16415.9492,2074.44
15985.92,17142.70208,1939.66
16322.9,17825.28144,1892.78
16503.22,18220.1702,1974.82
16618.92,18697.04023,1963.1
16747.22,18569.83034,2092.02
16789.75,18459.64273,2197.5
16550.45,18039.46674,2174.06
16145.03,17266.07844,2191.64
15741.75,17067.68447,2135.97
15616.27,16877.48511,2083.23
15103.85,16206.82838,2071.51
14990.08,15600.49758,2048.07
14580.05,15248.51622,1971.89
14469.93,15486.89848,1945.52
14362.17,15223.19382,1925.01
14424.07,15275.98399,2018.77
14776.65,15511.41197,2039.28
15391.85,15968.90333,2109.6
15860.1,16414.96444,2080.3
16156.67,16574.17903,2109.6
16676.73,17066.91073,1995.33
16786.2,18118.95094,2009.98
16382.35,18619.03317,1922.08
17036.67,20204.95398,1810.74
17220.17,20893.89911,1845.9
17238.88,20676.65402,1816.6
17011.2,20885.88035,1766.79
16690.35,19418.23625,1799.02
16285.63,17868.29435,1875.2
15457.9,16772.99504,1883.99
14273.65,14953.96747,2033.42
13862.45,14083.79133,2118.39
15180.35,13444.99862,2188.71
17063.15,12855.47908,2185.78
16332.23,12199.17171,2071.51
16222.05,11482.61813,2153.55
16056.58,11020.76569,2106.67
15750.23,10891.90281,2077.37
15292.3,10646.20519,2150.62
15370.53,10656.36932,2165.27
15760.9,10957.45969,2297.12
15647.35,11864.5995,2405.53
14541.25,11419.20662,2361.58
15314.43,12567.22576,2297.12
15526.25,13215.02199,2185.78
15298.38,14275.88987,2018.77
15782.8,15695.6676,1889.85
15481.02,16470.56821,1925.01
15766.83,16934.56602,1948.45
23354.9,16931.22487,1828.32
15752.15,17784.27322,1807.81
15519.05,17115.72669,1837.11
15142.08,16881.17796,1892.78
14647.38,15810.46248,2048.07
14163.78,14840.93109,2121.32
13730.83,14192.18527,2147.69
14352.88,13305.72542,2218.01
16656.0,12667.56577,2185.78
16483.03,12077.62419,2089.09
16017.2,11448.01085,2071.51
15712.13,11153.32142,2045.14
15442.72,11089.76923,2103.74
15035.15,10684.08328,2179.92
15141.03,10192.33634,2291.26
15633.6,9940.90601,2426.04
15939.43,9949.27647,2458.27
14053.23,9783.52026,2584.26
14531.0,10847.58861,2385.02
15127.75,11887.03796,2346.93
15274.25,12912.77101,2215.08
14998.7,13639.9811,2168.2
15333.88,13813.65056,2039.28
15371.3,13779.21913,2048.07
15506.9,13781.39967,2048.07
15419.67,13990.16879,2071.51
14295.52,13731.88031,2130.11
13622.95,12780.25045,2200.43
13183.13,11900.36739,2393.81
12906.6,11456.20546,2469.99
12508.03,11190.46094,2511.01
13042.6,10621.09381,2546.17
16143.1,9727.52962,2449.48
15578.63,9099.74512,2437.76
15133.32,8116.42709,2382.09
14945.3,7813.12101,2382.09
14470.35,7692.80444,2417.25
14077.42,7372.54642,2484.64
14032.7,7754.59813,2625.28
14634.18,7584.69186,2795.22
14501.55,7996.88426,2947.58
14041.1,8048.37314,2959.3
13628.45,7982.64041,2938.79
14001.27,9029.58097,2546.17
14516.3,10187.02567,2437.76
15087.17,11405.13862,2294.19
15448.75,12102.80591,2112.53
15522.78,13103.91996,2077.37
15572.93,13860.77836,2086.16
15409.47,14083.50997,2080.3
15376.08,14385.51476,2174.06
14179.77,13084.6468,2264.89
13167.53,11834.66983,2323.49
12727.05,11074.71647,2335.21
12289.82,10444.11837,2393.81
12030.42,9935.48983,2557.89
14119.75,9499.27632,2516.87
15025.95,8515.78244,2467.06
14900.42,8211.70262,2414.32
14719.97,7835.55947,2469.99
13870.27,7671.38591,2478.78
13464.08,7254.37522,2566.68
13755.73,7272.27675,2704.39
14478.77,7805.87599,2971.02
15127.48,8281.51507,2994.46
13602.75,7869.39301,3126.31
13160.25,7537.88059,3009.11
14040.02,8641.40968,2686.81
14518.67,10125.12647,2663.37
14881.35,11175.79505,2399.67
14956.33,11894.21264,2399.67
15173.92,13185.05715,2308.84
15119.92,13476.01856,2212.15
14926.55,13972.97066,2171.13
14785.33,13697.16752,2191.64
13260.9,12408.46838,2417.25
12926.88,11144.3179,2505.15
12453.1,10473.30947,2563.75
12510.85,9859.9095,2654.58
14697.35,10336.74436,2610.63
15317.78,8934.55163,2631.14
14730.08,8458.385,2563.75
14539.67,7655.77043,2440.69
14311.22,7368.18534,2475.85
13912.65,7237.2826,2528.59
13362.13,6702.90962,2622.35
12661.98,7197.01295,2716.11
12006.77,7057.77492,2730.76
12869.25,7734.37538,2853.82
12910.98,7802.8162,2997.39
12263.75,7305.23104,2997.39
12867.3,7909.52198,2625.28
13717.8,9720.6363,2399.67
13856.05,10423.82528,2244.38
14127.28,11146.21708,2150.62
14251.02,11752.37203,2153.55
14194.78,12810.84835,2176.99
14070.08,13490.26241,2127.18
14104.55,13590.21555,2153.55
13928.2,12466.32303,2279.54
13679.67,11522.3954,2370.37
13515.95,10837.38931,2557.89
13246.32,10184.77479,2631.14
12521.2,9333.80147,2625.28
11873.35,8265.05551,2610.63
11668.95,7603.12094,2569.61
11559.75,7385.31313,2455.34
11401.8,7086.33296,2505.15
11366.63,6960.4947,2569.61
11353.78,6978.29072,2557.89
11376.32,6922.89797,2736.62
11729.05,7163.49594,2856.75
12087.65,7424.35183,3023.76
12169.92,7339.02941,3055.99
12245.27,7386.89578,2973.95
12468.52,7845.86428,2678.02
12763.75,8846.23976,2496.36
13845.58,10701.07039,2244.38
14047.48,11458.94872,2206.29
14128.13,12628.56224,2051.0
14282.95,13845.79594,2083.23
14357.55,14459.40693,1977.75
14287.23,14357.76563,1957.24
14234.63,13508.62115,2223.87
13966.03,12276.4402,2264.89
13477.05,11397.01435,2434.83
13158.17,10636.35759,2499.29
12800.38,10197.04912,2563.75
11912.8,9000.3547,2552.03
11622.25,8367.2947,2487.57
12109.6,8808.08031,2367.44
12440.72,9673.12163,2341.07
12217.78,9101.89049,2370.37
11971.5,8446.88441,2467.06
11869.88,7589.82668,2771.78
12170.95,7280.01415,2965.16
12774.8,7411.69063,3398.8
13207.75,7937.69315,2962.23
13208.45,8037.22425,2906.56
13602.78,8133.37903,2675.09
13871.45,8573.67226,2604.77
13155.38,8848.63132,2519.8
13170.45,8866.77904,2634.07
13356.92,9801.73832,2464.13
13319.92,10003.33276,2344.0
13054.55,10427.5533,2426.04
12779.33,9896.45113,2499.29
12484.15,9501.94924,2622.35
12195.1,9288.50251,2757.13
11894.35,9106.81429,2833.31
11710.42,8267.34156,2830.38
12337.65,8369.61592,2798.15
13993.52,7335.96962,2663.37
13618.4,7106.52054,2537.38
13670.25,7019.89683,2475.85
13576.38,6853.36688,2417.25
13485.2,6775.07846,2528.59
13310.35,6921.13947,2513.94
13504.1,7210.72925,2701.46
14133.97,7530.00251,2944.65
13931.98,7602.55822,3044.27
12955.33,7255.43032,3181.98
12780.58,7268.72458,2962.23
12799.38,7258.70113,2678.02
12816.17,7732.19484,2549.1
12834.1,8075.84091,2385.02
13036.17,8165.0672,2399.67
13115.3,8620.94074,2458.27
13135.72,9240.5658,2610.63
12823.77,9156.93154,2475.85
12734.55,9084.69236,2648.72
12338.42,8958.43206,2783.5
12069.35,8398.63117,2991.53
11889.7,8163.44938,2968.09
11533.4,7680.21358,2979.81
11904.5,7404.12908,2891.91
13945.22,7128.46662,2888.98
13759.67,6424.82043,2698.53
13476.45,6360.91654,2689.74
13379.95,6412.93297,2692.67
13302.9,6382.22956,2745.41
12713.8,6122.78047,2818.66
13192.08,6461.88961,3053.06
13825.85,6714.41021,3369.5
14064.38,6512.53441,3480.84
13143.0,6857.65762,3545.3
12725.12,6433.33157,3375.36
13041.53,6788.40789,3079.43
13876.68,7212.27673,2935.86
13451.1,7829.22887,2748.34
13543.77,8350.87031,2821.59
13441.55,8621.25727,2730.76
13368.53,8877.40038,2748.34
13121.65,9288.08047,2675.09
12927.68,9071.60912,2751.27
12647.35,8827.59966,2862.61
12183.88,8672.64064,3143.89
11985.8,8261.64402,3205.42
11742.98,8152.44117,3240.58
13377.2,8024.80924,3138.03
14357.55,7425.05523,3138.03
13952.0,6975.6178,3020.83
13574.33,6898.17346,3058.92
13345.67,6669.88499,2906.56
13328.58,6636.61417,2903.63
13259.63,6898.80652,2962.23
13496.43,6762.34692,3173.19
12758.7,7078.80658,3568.74
12844.07,7197.8922,3706.45
12903.28,7083.83589,3905.69
12580.0,6979.06446,3624.41
12858.75,7329.25215,3176.12
13084.08,7898.54894,3050.13
13254.55,8379.9559,2842.1
13377.95,9090.53058,2824.52
13252.7,9513.62568,2757.13
13181.17,10048.80757,2762.99
13055.35,10431.7737,2757.13
12777.48,10540.449,2877.26
12402.13,10039.6282,2935.86
12082.9,9634.92701,3293.32
11835.08,9286.2868,3266.95
11650.6,9470.08522,3140.96
11468.52,9726.82622,3135.1
13379.8,7918.10346,2994.46
13696.98,7585.18424,3012.04
14026.9,7727.76342,2965.16
14261.58,7666.53245,2982.74
14166.67,7672.05414,3140.96
13543.9,7513.85948,2938.79
13515.38,7485.12559,3249.37
14062.4,7868.37308,3659.57
14435.53,8335.88789,3677.15
13179.38,7965.40711,3776.77
12591.38,8024.94992,3589.25
12727.63,8357.30642,3305.04
13021.88,8989.41683,3073.57
13074.57,10285.36099,3044.27
13146.03,10512.52402,2971.02
13184.98,10921.51595,2847.96
13102.0,12023.74375,2716.11
12956.6,11937.4014,2689.74
12619.8,11583.2395,2824.52
12343.88,11526.05308,2991.53
12088.22,10731.84414,3293.32
11816.67,10929.88641,3223.0
11577.3,10034.38787,3205.42
12935.88,10443.59082,3132.17
14141.38,9847.21313,3146.82
13732.13,9432.9457,3023.76
13619.7,8092.58183,2906.56
13617.35,8447.06026,2935.86
13634.78,8191.19851,3038.41
13527.53,8264.70381,3017.9
13540.6,8226.12232,3176.12
13984.92,8650.09667,3325.55
12779.1,8457.61126,3477.91
12514.83,8598.08024,3574.6
11954.58,8998.70171,3448.61
12610.55,10657.42442,3050.13
12812.02,11449.06595,3044.27
12951.52,12364.18935,2888.98
13005.27,13364.81102,2721.97
13689.23,13922.46654,2768.85
13865.97,15365.59715,2578.4
13522.83,15160.7319,2552.03
13292.88,14969.19608,2625.28
13155.92,14000.36809,2880.19
12523.55,13419.14867,3026.69
12224.5,12946.35836,3132.17
12228.05,12397.81187,3094.08
12084.13,10605.93554,3067.71
11840.5,10174.61066,2944.65
11474.5,11521.19962,2874.33
11365.42,9316.74402,2804.01
11163.42,9463.47326,2707.32
11077.5,9039.07687,2795.22
11070.5,9236.62676,2780.57
11224.0,9035.24334,2991.53
11523.18,9139.55756,3117.52
11868.8,9074.5634,3161.47
12061.6,9246.79089,3269.88
12137.3,9432.62917,3190.77
12191.78,9306.96676,2941.72
12310.08,9921.8087,2836.24
12976.65,10498.20983,2654.58
13244.8,12140.08611,2595.98
13073.7,12497.62433,2481.71
13194.03,12996.7218,2508.08
13136.2,13200.03957,2487.57
13099.7,12838.59748,2610.63
13071.95,12181.8329,2842.1
13128.38,12377.06157,2979.81
12749.9,11557.49506,3012.04
11788.13,10981.16427,2959.3
11732.75,10790.92974,2988.6
11686.4,10813.47371,2944.65
11397.25,9651.42174,2874.33
11577.92,9904.71608,2824.52
11415.67,9306.40404,2909.49
11501.48,9362.50019,3073.57
11476.65,9686.8731,3003.25
11771.75,9521.25757,3387.08
12210.33,9475.04419,3756.26
12218.67,9530.7183,3923.27
12620.25,9671.64449,3800.21
12105.17,10461.56269,3586.32
12024.63,9811.93762,3240.58
12249.08,11104.2241,2935.86
12347.8,11933.181,2827.45
12301.62,12973.57994,2798.15
12372.7,13755.65523,2590.12
12301.8,14269.73512,2472.92
12194.03,14533.19359,2528.59
11951.53,14464.61209,2543.24
11903.65,14029.48885,2985.67
12187.45,13328.62109,2938.79
12013.35,12408.11668,3050.13
11592.75,11878.91369,2912.42
12388.77,11190.10924,2953.44
13781.08,10885.43153,2877.26
13395.83,10100.54264,2754.2
13273.05,10195.88851,2678.02
13215.9,9636.33381,2742.48
13022.52,9541.58583,2938.79
12869.45,9502.44162,2874.33
13148.97,9541.30447,3164.4
13553.1,9793.40303,3387.08
13954.88,10283.74317,3495.49
12812.88,10149.07724,3653.71
12585.85,10254.1652,3562.88
12234.17,10526.52168,3305.04
12153.13,10620.07388,3035.48
12351.63,11656.88548,2742.48
12323.63,12774.4474,2730.76
12364.0,13454.14282,3053.06
12313.3,14014.01405,2595.98
12151.57,14541.98609,2628.21
12017.0,14647.28507,2508.08
11960.68,14468.19943,2798.15
12243.4,13862.53686,2956.37
12007.58,13161.52842,3023.76
11650.5,12802.51306,2930.0
11495.02,11992.89966,2947.58
13091.1,10916.24045,2821.59
13062.63,10587.26027,2710.25
12986.27,10310.75373,2727.83
12892.65,10143.028,2806.94
12871.38,9868.24479,2780.57
12763.7,9853.78992,2930.0
12752.02,9741.77347,3234.72
13250.67,10167.96353,3557.02
13203.65,10198.49109,3683.01
12005.72,9741.21075,3829.51
12219.02,9998.19794,3501.35
11937.38,11145.83021,3082.36
12041.88,11569.91007,2927.07
12283.82,12698.76156,2780.57
12286.38,13749.64116,2680.95
12258.5,14274.62375,2472.92
12220.3,15590.1576,2431.9
12030.67,15989.54812,2443.62
12830.02,15351.3533,2475.85
11490.9,14795.77281,2651.65
11206.63,13661.15344,2736.62
10937.2,13072.05594,2938.79
10717.0,12691.02416,2956.37
11809.75,11666.41655,2912.42
13593.78,11419.06594,2792.29
13257.3,11065.60744,2751.27
13007.77,10540.20281,2692.67
12883.9,10505.73621,2730.76
12849.13,10360.62479,2853.82
12712.78,9830.12051,2912.42
12969.22,10287.01398,3211.28
13240.0,10303.71973,3527.72
13623.88,10617.61198,3586.32
12523.48,10554.05979,3562.88
11672.48,10616.59205,3407.59
11810.65,10934.56402,3064.78
11976.0,11709.81633,2874.33
12174.75,12797.44858,2672.16
12213.38,13780.13355,2578.4
12100.98,14596.71061,2525.66
12044.97,15053.95578,2393.81
12116.1,15907.0393,2452.41
12619.5,15951.10731,2475.85
12428.5,14935.57356,2572.54
11677.55,13887.85926,2680.95
11037.15,13240.4499,2909.49
10732.42,13175.13921,2804.01
12452.98,12878.33958,2804.01
13629.52,11715.61938,2713.18
13328.8,11367.71774,2669.23
13610.05,11079.6051,2593.05
13288.68,10887.96377,2704.39
12890.17,10583.60259,2698.53
12526.65,10004.35269,2774.71
12732.0,10102.61767,3035.48
13265.7,10233.0632,3310.9
12797.92,10688.26851,3431.03
12074.63,10503.80186,3474.98
11528.77,10506.08791,3448.61
11614.1,11191.34019,3058.92
11511.08,11974.22439,2824.52
11663.62,13180.23886,2554.96
11787.55,13698.43364,2414.32
11838.17,14707.53128,2379.16
11505.2,15514.71795,2326.42
11236.5,16110.46258,2276.61
11104.25,16616.38303,2364.51
10963.85,15968.09442,2496.36
10883.72,14810.50904,2516.87
10779.47,14594.53007,2575.47
10530.1,14224.08446,2710.25
11827.73,12920.78977,2751.27
13310.63,11928.99577,2710.25
12824.1,11197.35426,2607.7
12726.07,10426.35752,2616.49
12596.47,10351.2344,2578.4
12637.33,10340.43721,2642.86
12512.03,10445.20864,2777.64
12531.58,10410.63653,2927.07
12969.7,10523.32121,3067.71
13009.05,10977.47142,3220.07
11624.53,10518.85462,3451.54
11415.02,10653.6964,3328.48
11473.38,11452.96982,2865.54
12003.6,12953.42753,2598.91
12613.07,14300.57921,2513.94
12659.45,15557.06263,2300.05
12704.3,16464.62448,2256.1
12841.17,17047.46172,2220.94
12976.75,17407.07497,2141.83
12972.8,17943.27679,2165.27
12961.77,16937.30928,2317.63
12671.27,15746.3124,2458.27
12397.05,15372.24428,2475.85
12070.5,14560.0283,2472.92
11734.38,13878.50404,2505.15
11415.63,13499.23076,2593.05
10802.2,12883.96678,2587.19
10294.98,12382.19639,2455.34
10339.7,12010.34398,2502.22
10375.73,12405.37342,2499.29
10433.77,12125.24437,2560.82
11305.83,12822.20826,2724.9
11293.67,11565.19729,2874.33
10840.17,7514.0705,2959.3
10945.58,7364.80902,2862.61
10978.35,11300.68372,2856.75
11700.92,13488.18738,2475.85
12234.0,14558.86769,2311.77
12471.33,15795.51523,2156.48
13751.67,17996.8407,2094.95
13914.58,19166.31354,2056.86
13972.75,19411.58912,2062.72
14023.87,19504.68411,2007.05
13820.2,18655.9265,2048.07
13673.25,16924.54257,2150.62
13507.3,15602.60778,2141.83
13010.97,14098.35171,2235.59
12192.35,13112.88831,2270.75
11739.85,12271.93844,2291.26
11539.25,11596.74478,2291.26
11290.33,10767.68237,2469.99
11030.1,9729.32329,2434.83
10701.8,9558.8543,2428.97
10816.1,8891.50355,2519.8
10837.08,8893.0862,2511.01
11123.92,9117.64665,2830.38
11568.25,8821.05804,3003.25
12271.38,9615.54834,3070.64
12377.38,9780.39013,3211.28
11638.38,9519.49907,3108.73
11323.15,9478.17432,2789.36
11454.02,11013.27448,2443.62
11723.47,12337.00294,2361.58
11947.0,13674.41253,2176.99
12152.3,14987.20312,2141.83
12169.6,16252.51421,1998.26
12113.17,17085.33981,2036.35
12053.63,16794.27289,2127.18
12109.13,15813.62778,2250.24
11951.2,14737.53129,2261.96
11711.77,13909.77017,2344.0
10563.47,12754.78737,2300.05
11194.72,12188.55037,2314.7
13542.15,11205.58404,2385.02
13213.35,10174.71617,2323.49
13110.4,9668.9364,2311.77
12864.65,9051.80841,2297.12
12784.23,9246.40402,2396.74
12691.5,9354.76279,2379.16
12913.95,9474.65732,2563.75
13520.78,9874.3292,2830.38
13858.0,9802.68791,2909.49
13000.1,9894.44644,3058.92
12627.85,10067.13114,3026.69
11047.57,9318.81905,2443.62
11019.42,10201.16401,2297.12
11263.55,11377.38949,2021.7
11311.15,12954.97501,1834.18
11241.2,13863.16992,1819.53
12155.92,14383.40456,1813.67
13034.17,14389.87584,1851.76
12216.7,14318.23455,1863.48
11867.75,13798.10542,1933.8
11662.05,13702.68921,1954.31
11483.15,13149.64096,1983.61
11050.85,12500.19174,2018.77
11357.1,11483.77874,2042.21
13748.3,10772.81719,2097.88
13765.17,9785.73597,1925.01
14438.2,10153.50866,1995.33
13907.53,9508.84256,1898.64
13495.2,9661.48036,1925.01
13485.52,9237.08397,1948.45
13499.95,9354.62211,1945.52
13114.1,9716.48624,2115.46
13325.52,9742.68789,2261.96
12140.47,9394.68074,2235.59
12274.9,9427.24816,2376.23
11825.6,9495.79449,2203.36
11009.85,9400.55413,2259.03
11096.45,9756.33385,2247.31
11121.33,9932.18385,2133.04
11058.63,9933.13344,2185.78
11070.77,9789.39365,2138.9
11041.02,10329.32349,2089.09
10988.18,10735.22046,2115.46
10747.22,10768.7023,2385.02
11031.45,10683.52056,2760.06
10809.1,10651.55103,2631.14
10686.02,9980.5426,2616.49
12928.95,10047.29526,2525.66
14278.2,10137.61182,2511.01
13037.18,9378.53771,2379.16
12825.33,8788.38511,2323.49
12809.35,8683.08613,2370.37
12815.38,8476.07551,2434.83
12696.47,8377.95121,2434.83
12814.85,8363.67219,2654.58
13381.82,8603.77778,3006.18
13598.33,8907.71692,3053.06
12931.88,9042.73455,3023.76
12178.95,9189.25277,2982.74
12179.75,9465.79448,2704.39
11592.58,9963.62583,2689.74
11760.58,10232.50048,2461.2
11844.27,11043.48551,2305.91
11868.13,12284.98651,2320.56
11929.5,11977.95241,2267.82
12656.42,12338.37457,2317.63
12582.0,12471.6337,2270.75
12445.98,11993.74374,2455.34
12238.38,11836.28765,2587.19
12060.95,11416.28751,2496.36
10836.15,11134.85717,2496.36
11340.32,10815.68942,2431.9
14266.27,10453.15706,2352.79
14148.95,10468.45601,2273.68
13236.38,9931.19909,2223.87
13162.57,9632.18375,2215.08
13201.05,9446.09928,2270.75
13620.1,9547.67024,2182.85
13869.55,9802.2307,2364.51
14123.2,9963.09828,2572.54
12694.7,10144.50514,2613.56
12922.18,10270.62476,2710.25
12805.43,10432.75846,2672.16
12688.3,11190.98849,2569.61
12600.95,12125.10369,2534.45
12693.58,12776.45209,2455.34
12734.83,13138.38656,2467.06
12648.05,12734.28326,2405.53
12540.67,12705.12733,2402.6
12980.67,13021.86835,2329.35
13126.17,13158.53897,2467.06
12869.65,13242.66561,2903.63
12688.25,13072.05594,2675.09
11667.6,12280.3089,2581.33
10710.45,11259.92169,2531.52
12340.53,11058.18657,2563.75
13496.8,10186.81465,2446.55
13367.22,9810.49565,2370.37
13051.95,9404.88004,2361.58
12420.68,8980.62433,2335.21
12540.95,8705.41908,2370.37
12287.35,8710.09669,2408.46
12515.65,8979.53406,2534.45
12371.25,8977.42386,2637.0
12296.85,9295.71236,2639.93
12407.33,9947.27178,2883.12
11901.2,10183.96588,2669.23
11861.15,10492.89916,2593.05
12018.32,11123.81379,2420.18
12360.78,11892.66516,2305.91
12690.27,12667.74162,2150.62
12782.47,13974.7995,2141.83
12905.93,14725.92519,2144.76
12834.52,14816.4176,2033.42
12875.08,14752.0565,2051.0
12847.08,14071.27081,2097.88
12742.33,13554.90487,2285.4
12573.05,13218.18729,2464.13
12348.63,12518.93735,2496.36
12044.83,12106.63944,2525.66
11735.13,11604.02497,2385.02
11381.7,11245.11512,2341.07
11139.1,10893.45029,2335.21
10981.6,10815.37289,2226.8
10916.1,10592.46543,2291.26
10873.6,10398.7139,2305.91
10249.58,10065.16162,2344.0
11086.98,10618.03402,2428.97
11869.65,11496.51028,2431.9
11935.8,11907.96411,2443.62
11991.35,11959.17163,2487.57
11961.98,12069.2889,2396.74
11965.78,12214.1893,2370.37
12017.45,12430.30895,2440.69
12074.73,12542.81778,2279.54
12050.2,12734.42394,2279.54
12165.5,12772.26686,2288.33
12007.03,11702.00859,2385.02
11911.15,10785.97077,2537.38
11479.15,9902.8169,2792.29
11111.75,9303.80146,2853.82
11217.72,9168.74866,2812.8
11505.05,9047.90454,2795.22
11204.55,9138.85416,2786.43
10698.63,8494.99697,2780.57
10432.45,8153.03906,2724.9
10727.65,8141.78466,2569.61
10685.65,8012.0777,2584.26
10674.65,8013.44933,2669.23
10743.4,7868.72478,2760.06
10981.47,8029.69787,2953.44
11511.68,8271.31577,3108.73
12486.53,8902.12489,3146.82
12455.58,9248.72524,3278.67
11871.63,9118.70175,3199.56
11856.65,8958.46723,2839.17
11977.38,9275.24342,2695.6
12187.33,10160.68334,2487.57
12346.55,10767.43618,2452.41
12381.23,10678.49125,2469.99
12194.0,10761.77381,2455.34
12171.65,10630.23801,2598.91
12062.82,10471.69165,2760.06
12044.32,10373.98939,2721.97
12037.85,9826.67385,2859.68
11526.33,9551.39826,2956.37
10984.8,9159.00657,2824.52
11017.48,8798.54924,2754.2
11169.75,8958.08036,2642.86
10870.17,8404.39905,2645.79
10967.85,8408.16224,2522.73
11128.5,8453.42603,2531.52
11126.45,8295.61824,2531.52
10967.9,8504.17634,2678.02
11140.63,8412.55849,2783.5
11793.37,8567.412,3061.85
12299.55,8981.92562,3140.96
12827.13,9902.35969,3240.58
12617.88,9789.42882,3138.03
12817.5,9790.20256,2862.61
12357.05,10183.22731,2721.97
12327.95,10923.0986,2496.36
12505.02,12167.4132,2525.66
12518.73,12487.56571,2549.1
12533.5,13390.66097,2373.3
12375.73,13177.28458,2402.6
12199.25,13388.1639,2423.11
12761.85,13068.43343,2578.4
12421.08,12694.71701,2604.77
12115.58,11907.04969,2824.52
10961.83,10754.17709,2751.27
12170.6,10829.40572,2710.25
13784.55,10034.31753,2689.74
13409.6,9615.51317,2537.38
13218.8,9333.27392,2516.87
13129.65,9238.66662,2475.85
13047.08,9187.91631,2578.4
12887.35,9059.19411,2581.33
13073.13,9145.71231,2733.69
13002.48,10042.37146,3026.69
12483.73,10156.46294,3079.43
12104.35,10709.08915,3140.96
12203.33,10803.94264,3117.52
12528.92,11123.63794,2777.64
13019.42,11395.15034,2578.4
13331.58,12367.31948,2361.58
13500.32,13567.74192,2317.63
13579.88,14105.73741,2270.75
13581.8,15044.07301,2115.46
13488.25,15740.36867,2200.43
13279.63,15766.57032,2232.66
12669.73,14885.38597,2232.66
11926.08,13308.96106,2335.21
11563.52,12674.84596,2417.25
12221.05,11936.52215,2493.43
13117.95,11724.79875,2440.69
14126.0,10748.16302,2399.67
13732.05,10417.84638,2405.53
13658.2,10310.50754,2305.91
13420.05,9711.4921,2332.28
13387.55,9789.32331,2382.09
13258.38,9680.75352,2452.41
13481.0,9773.49681,2587.19
13976.2,10037.72902,2888.98
14018.03,10709.51119,2935.86
13272.05,11386.74471,3020.83
12796.97,11135.31438,2906.56
13145.13,11358.71422,2639.93
13486.4,11960.12122,2663.37
13676.05,12912.03244,2385.02
13764.58,13436.27646,2423.11
13860.4,13633.40431,2276.61
13934.13,14348.19939,2162.34
13762.7,14800.73178,2168.2
13491.63,14588.72702,2341.07
12321.6,13698.25779,2475.85
12075.35,13732.79473,2581.33
11861.85,13267.21427,2469.99
11604.48,12548.37464,2472.92
13920.45,12371.50471,2434.83
14767.9,11197.70596,2302.98
14085.7,10858.49131,2218.01
13842.38,10443.59082,2191.64
13501.92,10095.47816,2153.55
13405.83,9367.35365,2215.08
13361.6,9241.02301,2320.56
13483.55,9151.62087,2499.29
13865.8,9595.14974,2824.52
13367.3,9713.88366,2812.8
13253.38,9693.30921,2959.3
12603.63,10173.37971,2847.96
12916.77,10099.55788,2663.37
13226.13,10881.56283,2557.89
13543.78,11915.27947,2264.89
13550.47,12791.64553,2267.82
13588.65,12941.57524,2188.71
13643.28,13119.57061,2179.92
13452.38,13338.01148,2241.45
13213.98,13222.12633,2267.82
12582.67,12714.72874,2458.27
12012.1,12813.41576,2613.56
11759.38,12390.7427,2455.34
11425.68,11909.08955,2522.73
11838.17,11499.85143,2496.36
13788.13,10090.06198,2414.32
13615.57,9441.35133,2452.41
13430.72,8939.44026,2358.65
13254.25,8646.75552,2385.02
13253.7,8769.56916,2496.36
13143.2,8713.19165,2607.7
13038.03,8497.10717,2707.32
13362.57,8493.76602,2871.4
12457.85,9074.42272,2956.37
12149.25,8755.11429,3278.67
12008.82,8923.96546,3076.5
12510.5,9634.89184,2713.18
13310.67,11349.53485,2461.2
13509.8,12479.54695,2341.07
13673.45,13387.63635,2311.77
13861.38,14283.52176,2212.15
14324.45,15390.392,2176.99
14679.95,17145.93772,2270.75
14319.75,17207.2742,2291.26
14077.97,16267.28561,2141.83
13627.08,14589.50076,2373.3
12937.8,13650.07489,2431.9
12711.67,12631.19999,2385.02
12401.13,11780.61354,2595.98
11844.03,11359.73415,2528.59
10974.63,10317.33052,2408.46
10870.85,9773.81334,2402.6
10832.48,9208.66661,2417.25
10863.88,9170.68301,2458.27
10840.08,9037.07218,2546.17
10902.97,8851.44492,2695.6
11308.35,9191.25746,2850.89
11600.08,9378.64322,3014.97
11750.05,9319.59279,3123.38
11764.48,9563.63742,3014.97
12704.1,10662.94611,2619.42
13172.13,12152.07908,2458.27
13325.15,13149.28926,2206.29
13688.2,14336.76914,2141.83
14659.05,16310.4392,1998.26
15045.78,17830.27558,2059.79
14962.8,18190.76808,2068.58
15030.42,18868.31813,2007.05
14927.77,18160.45154,2138.9
14614.27,16097.59036,2241.45
14013.08,15144.37785,2411.39
13208.63,13667.55438,2223.87
12947.6,12822.52479,2405.53
12628.88,12337.53049,2522.73
12335.95,11419.59349,2490.5
11983.03,10745.4901,2443.62
11585.55,9985.88844,2405.53
11675.07,10076.73255,2505.15
12179.85,10276.35747,2534.45
12439.27,10396.11132,2716.11
12776.0,10334.52865,3044.27
13422.9,10515.72449,3099.94
13957.9,10839.14781,3220.07
14173.18,11073.38001,3146.82
14690.98,12323.00528,3055.99
14632.83,12904.01368,2496.36
15118.8,14351.36469,2270.75
15380.27,16243.33484,2209.22
15543.05,18171.31907,2080.3
15513.53,19486.88809,2004.12
15421.35,20192.08176,2053.93
15218.75,20268.33032,1998.26
14816.17,19518.85762,2147.69
14393.85,18076.57109,2220.94
13391.35,16481.57642,2259.03
12587.15,15523.3346,2446.55
14377.45,14855.24528,2411.39
16018.73,13568.62117,2434.83
15565.5,12814.01365,2402.6
14428.15,12204.62306,2341.07
14227.23,12012.27833,2212.15
14439.88,11948.09308,2329.35
13686.35,11754.55257,2376.23
13830.53,11580.46107,2499.29
14417.0,11686.991,2792.29
14691.22,11865.09188,2871.4
14088.6,12349.87516,2979.81
14339.95,12150.98881,3184.91
14336.7,12815.98317,2686.81
14738.85,13413.59181,2584.26
15215.13,15267.96523,2238.52
15659.65,17196.93422,2121.32
15809.08,19688.93974,2089.09
15925.38,20791.27305,2024.63
15830.15,21717.43983,2112.53
15655.02,21160.55805,2168.2
15111.1,20459.02206,2264.89
14565.0,19159.70158,2308.84
13998.03,17574.87104,2428.97
12719.38,16341.49431,2423.11
15257.88,15972.06863,2540.31
17114.5,16105.7498,2355.72
15625.48,14383.19354,2273.68
14935.0,14187.08562,2302.98
14811.27,14161.83356,2279.54
14568.17,13718.7619,2229.73
14494.92,12845.8425,2203.36
14210.88,12997.4252,2264.89
14383.88,13160.19196,2511.01
14660.23,13758.01162,2557.89
14274.4,13874.60017,2833.31
14554.15,13540.23898,2927.07
14593.63,14558.79735,2522.73
14918.5,15595.22208,2373.3
15396.27,16959.3257,2220.94
15728.1,17773.01882,2176.99
15678.12,19227.82587,2223.87
15528.52,19590.7451,2185.78
15312.4,18997.46237,2121.32
15158.55,19232.99586,2176.99
14699.25,18459.46688,2396.74
14406.23,17521.09611,2534.45
13933.42,16780.13455,2622.35
13469.1,16042.05693,2669.23
13770.92,14619.8173,2678.02
15572.38,13377.89426,2663.37
15215.13,12924.93983,2467.06
14806.45,12155.4554,2481.71
13838.55,10695.30251,2440.69
13653.77,9842.00797,2522.73
13760.4,10933.33307,2554.96
13885.3,10804.68121,2689.74
14528.83,11176.21709,3055.99
14095.18,12072.06733,3164.4
14134.78,12515.52586,3302.11
13510.75,13224.90476,3348.99
13819.9,14328.43385,2997.39
14606.57,16276.60566,2560.82
15114.65,18320.36953,2326.42
15573.2,20875.92724,2165.27
15894.1,22513.12591,2209.22
16016.0,24114.69737,2250.24
16674.13,25581.63807,2106.67
16562.88,25273.72472,2191.64
15975.45,23643.31386,2314.7
15295.45,21171.84762,2261.96
13948.08,19356.65358,2587.19
13310.8,18416.84084,2616.49
14562.9,17238.36448,2683.88
16379.13,16298.86827,2569.61
15677.45,15617.41435,2420.18
15257.5,15068.5865,2513.94
14908.65,14745.33903,2440.69
14770.0,14492.92394,2487.57
14534.92,14288.65658,2478.78
14612.47,14274.58858,2581.33
15118.55,14183.67413,2868.47
13649.45,14614.01425,2921.21
14016.0,14221.76324,3085.29
14210.35,14262.52527,2953.44
14288.25,17069.97052,2531.52
15012.7,20302.65624,2300.05
16097.02,22616.27952,2092.02
16484.32,24520.06679,2133.04
16617.65,25678.14455,2059.79
16484.8,26194.15879,2094.95
16471.48,26714.00656,2212.15
16127.75,25961.0872,2133.04
15721.75,24431.64941,2147.69
14441.83,21655.47029,2317.63
13509.65,20157.79101,2323.49
13147.23,19053.80471,2607.7
14104.98,17392.40908,2502.22
16033.38,15948.8916,2417.25
15510.0,15431.61124,2314.7
15136.95,14562.94741,2414.32
14877.9,14017.84758,2370.37
14656.47,14178.11727,2426.04
14560.17,13953.27546,2434.83
14321.35,13262.88836,2563.75
14335.35,13281.35261,2704.39
12868.27,12377.87048,2845.03
13179.35,13176.75703,2953.44
12632.63,13317.8239,2850.89
13219.5,13891.0949,2628.21
13558.48,14945.38599,2549.1
13857.27,15806.8048,2493.43
14641.9,17734.61318,2279.54
15196.58,19565.98542,2235.59
14998.03,19004.70739,2276.61
14838.35,18871.94064,2320.56
14718.38,18304.26167,2329.35
14044.85,17188.10655,2469.99
14123.07,16477.70772,2519.8
14178.17,16242.17423,2587.19
13987.75,16235.94914,2481.71
13591.85,15845.42146,2469.99
13164.65,15670.02867,2387.95
12691.88,15880.09908,2511.01
12313.05,16442.57289,2358.65
12098.67,15765.3042,2338.14
12055.77,15582.73673,2367.44
11416.23,14907.33205,2370.37
11897.6,14881.09523,2434.83
12379.27,15444.69448,2502.22
12688.75,15313.58072,2546.17
12758.0,15411.81053,2560.82
12884.3,15013.33443,2660.44
13102.2,16610.50964,2607.7
13238.6,16533.90938,2695.6
13627.17,16851.21312,2637.0
14019.95,17531.01405,2467.06
14186.0,17984.46086,2376.23
14262.83,18224.88298,2367.44
14394.18,18059.65432,2297.12
14366.38,18140.93219,2285.4
14278.6,17851.30724,2525.66
14103.95,17507.87219,2625.28
13918.22,16979.68913,2584.26
13737.13,17085.44532,2639.93
13420.95,16844.46048,2619.42
13238.2,17151.81111,2607.7
12627.63,16097.48485,2472.92
12075.45,14506.49956,2434.83
12046.55,15000.63806,2329.35
12043.5,14520.00484,2373.3
12560.7,14931.21248,2420.18
12885.9,15605.03451,2651.65
13171.55,15774.27255,2847.96
13551.85,15611.57613,3009.11
13773.72,15784.33117,3041.34
13495.55,15697.10957,3070.64
13013.33,15217.74247,2909.49
13188.25,15073.89717,3261.09
13350.6,15281.11881,2757.13
13566.08,15420.91956,2830.38
13717.5,15601.90438,2634.07
12841.8,15648.04742,2528.59
12858.95,15998.27028,2511.01
12762.83,16470.28685,2408.46
12800.22,15897.15653,2809.87
12847.03,15421.27126,2795.22
12643.88,15247.49629,2801.08
12240.0,15505.01103,2721.97
13027.38,15588.0474,2648.72
15079.93,14948.62163,2575.47
15611.95,14283.69761,2472.92
15534.6,14689.48907,2264.89
15408.9,14639.58284,2270.75
15341.42,14284.82305,2367.44
14989.63,13873.47473,2414.32
14999.6,13093.29862,2584.26
15423.08,13518.08188,2930.0
15531.57,14028.32824,3278.67
14089.58,12372.24328,3266.95
14174.8,12709.48841,3680.08
13890.67,12898.80852,2921.21
14156.4,13797.43719,2757.13
14357.95,14843.32265,2660.44
14668.23,15943.01821,2637.0
14861.33,16191.14256,2531.52
15614.9,17199.11476,2572.54
15568.13,17034.20263,2519.8
15210.63,16376.10159,2566.68
13951.08,15346.28882,2707.32
13448.8,14741.92754,2903.63
13054.88,13863.02924,2976.88
12893.65,13923.31062,2924.14
14053.58,13656.19447,2886.05
14759.78,13097.16732,2786.43
14396.02,11846.17042,2713.18
13915.75,11772.4541,2701.46
13761.38,11334.30624,2654.58
13034.63,11437.284,2625.28
13312.3,11026.4984,2660.44
13721.13,11175.23233,2827.45
14333.17,11719.91012,3143.89
14958.57,11894.17747,3442.75
15430.22,11839.73431,3431.03
14320.98,13179.99267,3463.26
14243.78,13276.21779,3205.42
14790.07,13351.51676,2812.8
14717.1,13895.91319,2689.74
15400.13,15165.86672,2663.37
15601.05,15308.55141,2595.98
15531.55,15860.01701,2472.92
15305.38,16292.36182,2604.77
14558.15,16223.42862,2481.71
13640.33,15385.18684,2581.33
13358.98,14621.75165,2707.32
13074.75,14127.85934,2862.61
12685.42,13590.91895,3055.99
14122.83,13540.16864,2842.1
14872.5,13110.70777,2880.19
14283.77,11881.27008,2818.66
13999.38,11514.62283,2730.76
13790.92,11488.70254,2777.64
13767.28,11717.97577,2801.08
13742.9,11556.12343,2891.91
13867.0,11724.58773,3085.29
14391.6,11976.75663,3454.47
14605.35,12101.15292,3773.84
13997.75,12574.50595,3797.28
14089.8,12602.25508,3794.35
14250.0,13088.02312,3571.67
14580.78,13357.9177,3009.11
14871.35,14324.49481,2903.63
15310.67,15314.10827,2762.99
15518.15,15841.30657,2768.85
15469.55,16514.21418,2528.59
15343.13,16608.89182,2557.89
15012.8,16767.12165,2557.89
14243.63,15916.39452,2666.3
13503.4,14800.16906,2865.54
13151.0,14341.79845,2971.02
12814.33,13046.34667,3023.76
12687.82,13437.54258,3047.2
14665.1,12047.94071,2868.47
14690.2,11845.64287,2780.57
14435.08,11317.706,2795.22
14167.27,11229.49964,2777.64
14125.7,10735.81835,2762.99
14045.97,10706.62725,2850.89
14154.33,10879.62848,3017.9
14679.88,11115.4785,3269.88
14599.75,11724.90426,3457.4
14337.4,13284.90478,3586.32
14136.53,13438.70319,3615.62
13675.22,12868.77334,3220.07
14980.67,13971.21216,3167.33
15261.48,14497.60155,3026.69
15445.33,15141.24772,2935.86
15538.83,15491.99813,2973.95
15545.97,15771.14242,2965.16
15326.2,16103.9913,2765.92
14937.27,15870.32182,2968.09
13819.03,14906.76933,2842.1
13183.0,14006.38216,3061.85
12881.28,13593.31051,3129.24
12308.67,13015.50258,3158.54
12461.05,12710.36766,3050.13
14740.4,12667.14373,2956.37
14646.7,11478.39773,2815.73
14451.15,11192.78216,2821.59
14296.05,11090.75399,2842.1
14157.45,11071.1643,2924.14
13702.27,10875.54876,3061.85
13773.65,11234.24759,3290.39
12594.0,11513.84909,3480.84
12892.55,11031.24635,3647.85
12370.6,10351.16406,3891.04
12530.92,11089.73406,3765.05
12761.33,11127.71766,3545.3
13313.65,11470.02727,3299.18
14019.65,12891.95037,3167.33
14226.38,13723.40434,3129.24
14318.48,14293.4397,3067.71
14261.23,14900.40356,2918.28
14269.55,15889.38396,2880.19
14144.5,15582.17401,2880.19
13944.38,14946.96864,2868.47
13949.13,14578.6684,3006.18
13742.75,13958.12892,3155.61
13552.58,13240.23888,3284.53
13188.98,13758.46883,3082.36
12750.5,12722.60682,3117.52
11812.05,11253.48558,3000.32
11530.1,11344.61105,2994.46
11366.38,11384.45866,3091.15
11387.88,11236.99085,3126.31
11300.8,11189.44101,3223.0
11399.68,11123.67311,3381.22
12225.45,11897.58896,3357.78
12601.22,11762.46582,3428.1
12537.43,11752.86441,3542.37
12499.5,11909.51159,3680.08
12722.78,12274.29483,3176.12
12626.35,12317.90563,3091.15
13252.9,12660.81313,2944.65
14296.0,14356.71053,2783.5
14161.67,15572.04505,2903.63
14226.4,15830.54455,2865.54
14164.8,16539.29039,2760.06
14014.25,16147.91863,2795.22
13820.1,15977.55515,2809.87
13891.55,15383.28766,2792.29
13531.13,14894.60051,3146.82
13188.4,14164.3658,3117.52
12908.55,13414.92827,3214.21
12221.32,12841.20006,3176.12
11853.08,12210.46128,3094.08
12045.87,12224.14241,3006.18
11768.67,12104.74026,3058.92
11736.08,11379.88656,3155.61
11788.67,11407.3895,3176.12
11980.78,11191.97325,3290.39
12681.98,11497.49504,3691.8
13248.28,11486.41649,3943.78
13659.25,11191.90291,3844.16
13814.4,12036.12359,3841.23
14088.92,12125.38505,3334.34
14037.92,11900.71909,3290.39
14419.67,12552.10266,3284.53
14671.52,13223.2166,3079.43
14456.08,13252.79457,3138.03
14467.3,13170.56711,3331.41
14281.05,13263.80278,3313.83
14090.13,13785.2332,3249.37
13706.2,13332.45462,3501.35
13472.33,13178.9024,3536.51
13210.23,12800.96558,3554.09
12773.83,12484.25973,3583.39
13412.9,12225.51404,3530.65
14949.77,11694.79874,3521.86
14383.55,11435.73652,3290.39
14235.83,11302.61807,3199.56
13984.08,11528.90185,3179.05
13890.67,11606.13517,3237.65
13809.92,11152.12564,3252.3
13956.82,11452.89948,3451.54
14600.82,11558.65567,3879.32
13860.52,11723.07542,4160.6
13912.27,11517.36609,4134.23
13999.05,11673.90776,4172.32
14093.15,12144.02515,3776.77
14643.35,12209.44135,3592.18
14680.67,12721.55172,3378.29
14794.6,13434.37728,3220.07
14935.4,14265.58506,3097.01
14785.1,14847.40237,2991.53
14605.28,15072.77173,2947.58
14278.3,15405.58544,2950.51
13683.47,15217.81281,3023.76
13449.67,14600.08693,3357.78
13084.42,14451.66953,3343.13
12584.63,13994.60021,3346.06
12727.83,14161.37635,3348.99
14590.52,12951.28216,3530.65
14123.4,11912.74723,3316.76
13821.6,12176.5574,3225.93
13598.55,12185.77194,3208.35
13484.88,11899.0661,3225.93
13379.4,11709.32395,3305.04
13703.05,11759.30052,3659.57
14287.17,12283.33352,3861.74
14538.1,12449.08973,4043.4
13334.48,12371.61022,4063.91
13858.05,12671.78617,4081.49
14508.25,13871.57555,3767.98
14190.15,13039.55886,3428.1
14358.53,13907.76548,3240.58
14446.38,15144.79989,3099.94
14600.95,16110.77911,2918.28
14547.05,16895.56249,2930.0
14437.65,17866.85238,2809.87
14245.92,18353.64035,2824.52
14701.05,18491.96396,2941.72
14215.03,16481.25989,3006.18
13794.87,15492.63119,3319.69
13336.85,14380.97783,3231.79
14082.5,13568.12879,3348.99
14549.02,12690.53178,3290.39
14239.77,12384.62312,3296.25
14018.18,12205.53748,3091.15
13686.62,11978.5503,3079.43
13641.48,11529.35906,3170.26
13587.13,11499.21837,3234.72
13255.85,11674.11878,3504.28
12327.95,11389.62865,3847.09
13390.63,11670.4611,4028.75
13607.6,11780.61354,4096.14
13307.83,11730.42595,4060.98
13503.05,13162.12631,3489.63
13960.38,14062.09144,3193.7
14210.38,15215.66744,3029.62
13704.9,15674.10839,2968.09
13896.02,16127.52003,2830.38
13621.72,16666.85198,2669.23
13484.27,17478.11837,2765.92
13192.38,17688.71633,2798.15
13220.0,17730.6038,2783.5
13450.67,16688.8684,3132.17
13552.68,15612.42021,3284.53
13737.53,15284.63581,3287.46
13856.45,16219.98196,3290.39
14570.1,14481.45852,3287.46
14514.08,13028.33963,3231.79
14431.28,12491.75094,3190.77
13727.92,12822.66547,3199.56
13648.85,13132.79453,3237.65
13473.88,13161.38774,3299.18
13623.92,13400.08653,3518.93
14182.32,13293.24007,3721.1
14288.35,13637.37852,3920.34
14104.5,13792.2672,3955.5
13487.0,13615.15108,4031.68
13783.27,14558.51599,3618.55
13711.72,15009.60641,3281.6
14011.3,16138.28205,3164.4
14152.65,17011.97519,2979.81
14282.98,18054.09746,2941.72
14981.05,19556.59503,2839.17
14920.1,20192.36312,2757.13
14692.75,20348.41241,2930.0
14060.92,20074.08641,2883.12
12849.1,17978.69298,3044.27
12432.73,17139.46644,3240.58
12037.08,16591.27165,3199.56
13348.3,16264.19065,3146.82
14339.58,14931.14214,3082.36
13848.02,13428.29287,2968.09
13739.9,13092.45454,3067.71
13566.9,13328.23422,3155.61
13451.88,13484.70555,3322.62
13410.03,13305.12753,3354.85
13383.48,13373.07597,3557.02
13689.22,13496.94471,3770.91
13059.85,13201.7629,3829.51
12450.32,13007.13212,4022.89
12475.83,13067.80037,3908.62
12726.38,14359.34828,3644.92
12954.67,14242.75973,3269.88
13658.3,15675.40968,3064.78
13786.15,16599.92347,2932.93
14146.4,17935.89109,2754.2
14197.92,18873.34744,2642.86
14197.07,19810.45209,2601.84
14508.75,20646.44299,2575.47
14381.75,19986.37243,2628.21
13550.98,18173.92165,2710.25
13150.83,16880.40422,2944.65
12971.4,16872.31512,3079.43
12501.13,15456.30058,3003.25
12187.9,14933.32268,2971.02
11725.7,14321.64604,2968.09
11074.9,13742.14995,2921.21
10888.48,13888.9847,2976.88
10952.65,13526.06547,3079.43
10996.6,13252.23185,3196.63
11018.9,13512.87672,3316.76
11389.17,14088.82064,3445.68
11807.35,13874.81119,3677.15
11975.63,13831.97413,3759.19
11944.03,13446.08889,3738.68
12785.63,14465.59685,3237.65
13015.98,15887.62546,3179.05
13457.42,17363.7807,2894.84
14351.05,19137.89618,2584.26
14764.55,20528.90485,2472.92
14801.63,21155.91561,2396.74
14763.88,21774.30972,2264.89
14699.3,22305.27121,2273.68
14575.17,21146.98243,2323.49
14237.72,19671.42508,2560.82
13596.08,18246.79389,2534.45
13424.77,17677.25091,2745.41
13079.73,16378.3173,2815.73
12059.73,15444.87033,2871.4
12113.52,14891.64623,2745.41
11774.7,14701.7634,2742.48
11709.97,14574.7997,2771.78
12221.73,14394.0259,2874.33
12147.58,14076.12427,2956.37
12009.22,14023.05274,3269.88
12235.05,13520.68446,3542.37
13527.53,14599.7704,3639.06
13921.23,14480.40342,3592.18
14083.05,14809.87598,3580.46
14566.5,14827.53132,3302.11
14472.83,17504.17934,3117.52
15033.67,19278.32999,2569.61
15527.5,19771.1672,2575.47
15413.67,19959.85425,2481.71
15249.48,19477.32185,2446.55
14433.83,19537.60323,2320.56
13775.83,19637.48603,2414.32
13303.77,19127.31001,2472.92
13131.08,18669.43178,2601.84
12906.98,17886.68826,2868.47
12531.25,17303.64,2874.33
13735.1,16811.01381,2786.43
15162.85,15426.37091,2792.29
14776.0,14730.11042,2680.95
15143.13,14810.57938,2613.56
14105.85,14113.61549,2645.79
13606.95,13778.37505,2847.96
13601.22,13803.59194,2938.79
14253.7,13783.54504,3138.03
14754.95,14240.12198,3381.22
14223.17,14690.19247,3703.52
13715.13,14590.06348,3568.74
13969.32,15032.57242,3545.3
13878.72,16278.7862,3223.0
13652.65,16052.39691,3088.22
14207.08,17842.51474,2777.64
14244.67,18704.60178,2683.88
14475.35,19375.99708,2578.4
14949.7,20440.83917,2320.56
15165.15,21662.75048,2323.49
14958.0,21478.319,2341.07
14341.2,21249.67883,2405.53
13904.47,19648.70526,2508.08
13373.38,18487.39186,2675.09
12489.58,16771.72892,2707.32
13583.33,16141.58803,2880.19
15670.17,16036.85177,2625.28
15343.45,15237.93005,2587.19
14781.7,14848.0706,2642.86
14531.83,14281.41156,2642.86
14332.17,14169.78198,2701.46
14166.55,13799.93426,2833.31
14127.2,13760.82522,3108.73
13748.35,13950.67288,3325.55
14044.02,14358.82073,3463.26
13606.0,14580.53241,3586.32
13996.98,14743.19366,3674.22
14590.5,15465.12825,3319.69
14104.6,17981.85828,3026.69
14237.4,18972.98405,2765.92
14473.52,19727.97844,2511.01
15247.85,20963.4302,2358.65
15790.97,22493.78241,2291.26
15697.6,23246.27973,2288.33
15392.55,23519.26927,2335.21
14836.35,22318.03792,2300.05
14414.33,20477.45114,2537.38
13835.6,19055.77423,2546.17
12517.1,17822.0458,2724.9
13466.1,17233.22966,2842.1
15329.42,16167.71934,2786.43
15446.78,15418.77419,2716.11
14494.18,14895.05772,2692.67
14482.67,14764.89355,2554.96
14262.17,14376.75743,2836.24
13994.63,13784.91667,2886.05
13928.53,13602.94709,3152.68
14160.7,13546.25305,3504.28
13995.92,14445.79614,3671.29
13679.8,14284.85822,3776.77
13798.2,14385.83129,3765.05
13853.1,16834.15567,3234.72
14544.33,18246.12566,3035.48
15010.15,19521.38986,2666.3
15332.23,20679.53796,2552.03
15369.6,21777.33434,2417.25
15490.4,22900.45312,2437.76
15482.25,23503.68896,2311.77
15211.4,24555.62366,2259.03
14659.9,23793.98214,2358.65
14151.42,21977.94402,2637.0
13800.3,20623.09011,2616.49
13288.8,19772.43332,2595.98
14303.4,17997.82546,2827.45
15402.45,15584.28421,2845.03
15471.65,15367.35565,2710.25
14678.33,15115.29226,2604.77
14254.98,14313.4866,2672.16
13993.2,14037.64829,2786.43
13846.08,13647.29646,2900.7
13654.67,13921.20042,3079.43
13962.87,13989.88743,3425.17
13934.0,15075.58533,3510.14
13722.9,14883.55713,3571.67
13483.63,15187.8128,3477.91
13980.9,17288.48173,2930.0
15086.67,19208.72856,2531.52
15923.52,20379.22133,2332.28
15683.85,23969.93765,2261.96
15649.1,26564.67474,2144.76
15511.0,26914.15903,2150.62
15364.4,27186.72653,2130.11
15997.9,28431.92038,2153.55
15241.63,26196.30416,2291.26
14554.85,24331.13355,2247.31
13422.65,22532.89145,2393.81
12971.7,21299.79608,2519.8
14139.42,20365.15333,2534.45
15809.3,19122.66757,2502.22
15391.1,18233.5348,2385.02
15006.8,17381.43604,2385.02
14823.18,16563.90939,2464.13
14428.92,15630.32174,2437.76
14485.48,15278.1997,2502.22
14336.03,15316.74602,2672.16
12980.75,15042.70138,2780.57
12423.88,15093.17033,2932.93
12555.55,15335.03442,3190.77
12475.3,15342.94767,3091.15
12709.47,17248.59895,2710.25
13427.8,18831.74133,2472.92
14511.98,21198.61199,2194.57
15564.2,23419.14028,2147.69
15745.45,24940.24278,2094.95
16704.47,27397.53551,2045.14
16469.7,28178.66121,1998.26
16258.83,28820.47854,2004.12
16033.58,27160.27869,2048.07
15764.42,25487.13628,2118.39
14801.3,22524.83752,2147.69
14279.65,21287.52175,2235.59
13885.95,20502.94939,2291.26
13435.98,18781.55374,2264.89
12628.3,16578.39943,2288.33
11901.85,14879.86428,2223.87
11742.85,14716.00725,2464.13
11606.05,14662.65436,2531.52
11573.4,13949.44193,2628.21
11888.18,14068.10551,2733.69
12155.77,14454.30728,2874.33
12413.55,13816.56967,3023.76
12017.05,13496.73369,3181.98
12196.85,14456.94503,3014.97
12766.22,16648.38773,2657.51
13239.77,18050.68597,2452.41
14584.02,20316.54839,2203.36
15069.08,22122.91476,2089.09
15310.4,23043.98189,2097.88
15951.42,24510.39504,2048.07
16228.55,25613.11522,2062.72
15933.1,25536.2336,1895.71
15302.45,24876.72576,2056.86
14846.85,22449.85508,2080.3
14739.5,21227.52173,2168.2
14364.83,20342.57419,2253.17
13855.63,19363.75792,2279.54
13454.77,18348.11866,2294.19
13007.0,17227.53212,2206.29
12398.82,15097.49624,2385.02
12155.73,14778.32849,2393.81
12138.72,14308.42212,2502.22
12120.13,14238.9262,2502.22
12204.9,14230.27438,2783.5
12683.17,14556.79266,2973.95
13289.67,15209.58303,3111.66
13735.92,14641.55236,3310.9
13832.9,15190.30987,3099.94
14161.53,16611.42406,2865.54
14642.38,17438.55212,2736.62
15065.45,19023.38266,2496.36
15316.83,19399.91268,2508.08
15502.77,19970.82729,2294.19
15551.78,21208.28374,2297.12
16034.47,22584.13414,2232.66
16398.45,23451.18015,2261.96
15606.0,22554.55617,2355.72
14828.73,19790.58104,2475.85
13625.05,17570.26377,2625.28
13247.9,16746.26584,2771.78
13488.45,15599.16112,2842.1
14640.15,13674.4477,2777.64
15287.3,13671.56376,2669.23
14511.05,13248.11696,2601.84
14037.2,12383.7087,2543.24
14499.58,12795.93627,2578.4
14055.48,12071.18808,2675.09
14086.08,12106.67461,2938.79
14153.15,12085.53744,3102.87
14018.3,12243.83761,3392.94
13865.22,12924.44745,3375.36
13886.75,13001.68077,3454.47
14032.55,14450.6496,2950.51
14347.77,16402.2329,2704.39
14956.08,17745.51588,2569.61
15159.38,19581.81192,2537.38
15229.72,20343.87548,2487.57
15187.18,21862.41057,2338.14
15130.73,22040.86315,2229.73
15017.2,22735.2948,2165.27
14715.65,22259.37436,2159.41
14779.35,19770.49897,2338.14
14295.33,19009.42017,2382.09
13316.3,17381.64706,2560.82
12954.75,16058.02411,2730.76
15432.2,14840.96626,2657.51
15139.6,13825.88972,2604.77
14678.05,13326.19436,2704.39
14368.08,12658.7381,2678.02
14238.4,12385.29135,2727.83
14150.55,12476.2058,2804.01
14220.92,12480.67239,3012.04
14312.97,12815.27977,3331.41
13144.65,11851.83279,3568.74
13587.22,13280.50853,3612.69
13867.9,13292.25531,3688.87
14344.67,13423.3339,3272.81
14467.1,15127.77761,2965.16
14992.13,16909.13811,2642.86
15332.9,18325.43401,2487.57
15486.22,20614.08659,2346.93
15522.7,20589.32691,2329.35
16102.75,22496.59601,2176.99
15987.23,22338.82339,2276.61
15477.65,21978.22538,2291.26
14941.53,20472.03496,2373.3
14357.03,19168.0017,2584.26
12894.65,17286.82874,2543.24
13865.38,16738.21191,2575.47
15319.2,15271.93944,2730.76
14519.08,13848.96124,2762.99
14335.85,13164.09583,2698.53
14359.15,12790.80145,2663.37
14062.13,12506.20581,2806.94
13542.4,12441.0358,2757.13
13686.05,12517.56572,2941.72
14174.8,11994.44714,3331.41
13609.63,12396.7216,3463.26
13648.42,13034.002,3474.98
13386.22,13247.80043,3138.03
13545.48,14014.1899,2610.63
14004.1,16085.77324,2382.09
13890.33,18257.41523,2188.71
14720.72,20019.95978,2323.49
16077.68,22149.60879,2443.62
15968.73,21289.28025,2349.86
15949.55,22246.0801,2379.16
15679.8,22031.92997,2440.69
15094.67,21755.21241,2428.97
14303.15,19171.83523,2534.45
13411.8,17179.94711,2566.68
12529.42,15942.49066,2909.49
13107.15,15310.73195,2842.1
15249.67,13621.86855,2818.66
14821.23,13130.61399,2739.55
14504.88,12427.10848,2707.32
14231.38,12274.47068,2660.44
14242.63,12163.01695,2716.11
14059.6,12014.38853,2833.31
14122.18,11969.72263,2947.58
14586.65,12098.93721,3223.0
13936.95,12223.75554,3322.62
13757.45,12267.92906,3357.78
13791.93,12568.80841,3261.09
14395.9,13714.8932,2900.7
14679.2,15905.91386,2888.98
15028.1,17264.53096,2546.17
15098.6,18855.16455,2452.41
15295.8,20334.62577,2226.8
15337.75,21348.01415,2302.98
15015.65,22479.89026,2197.5
14804.4,22825.36517,2235.59
14338.05,22489.24548,2297.12
13843.38,20944.61425,2294.19
13316.75,19113.20684,2475.85
12867.83,17468.30594,2648.72
13356.57,16415.35131,2593.05
15515.7,14770.3449,2639.93
15569.25,14785.53834,2496.36
15297.25,14390.26271,2549.1
14807.35,14142.24387,2426.04
14626.43,14312.29082,2455.34
14635.35,14296.74568,2513.94
14579.1,13960.55565,2672.16
14256.33,14090.01642,2751.27
12499.38,13720.66108,2918.28
12759.07,13720.02802,3047.2
12577.42,14198.09383,2859.68
12818.15,14479.31315,2598.91
13842.23,16882.23306,2467.06
14011.65,18278.30621,2428.97
14637.9,20114.03953,2203.36
15210.75,21492.24632,2135.97
16312.38,23694.83791,2089.09
16002.27,24026.31516,2106.67
15778.47,24108.75364,2024.63
15421.3,23555.56471,2097.88
15112.75,22049.90184,2273.68
14760.1,20238.11929,2499.29
13892.3,17431.51812,2584.26
12973.7,15232.09183,2516.87
12758.15,15417.26188,2443.62
12421.38,14191.13017,2396.74
12210.42,14379.43035,2344.0
11992.72,13845.62009,2452.41
11903.48,13442.29053,2469.99
11843.88,13624.71732,2519.8
11817.28,13011.8449,2686.81
12008.03,13103.81445,2853.82
12357.23,13114.04892,2912.42
12410.95,12591.42272,3085.29
12487.55,13088.93754,2806.94
13302.33,15303.27591,2411.39
14460.18,18140.93219,2232.66
15005.67,20441.26121,2097.88
15508.75,22074.34499,2033.42
16231.58,24116.56138,1945.52
16476.75,25142.64613,1866.41
16354.27,25632.10702,1904.5
16142.07,26145.65936,1889.85
15905.35,25482.21248,1989.47
15469.3,22685.84578,2080.3
14613.2,18992.11653,2232.66
13739.63,16925.2108,2253.17
13451.85,16533.59285,2423.11
13318.82,16044.9057,2478.78
12892.68,14902.40825,2411.39
12443.08,14125.57329,2499.29
12187.98,13635.83104,2393.81
12134.92,13255.78402,2563.75
12118.2,13135.04541,2525.66
12258.5,12694.04878,2648.72
12695.13,13237.60113,2862.61
13295.48,13102.97037,3026.69
13719.58,13089.60577,3085.29
14044.83,13290.67266,2953.44
14019.67,13816.92137,2768.85
14768.5,15768.39916,2543.24
15173.5,16480.23996,2487.57
14843.9,16689.11459,2469.99
14926.15,16145.31605,2490.5
14795.7,15439.34864,2516.87
14642.02,14845.18666,2607.7
13527.3,14337.96492,2552.03
12917.25,14727.01546,2683.88
12648.38,14310.35647,2798.15
12392.88,14172.8066,2830.38
12024.45,13649.61768,2850.89
13534.67,13438.1053,2850.89
14370.33,12513.1343,2804.01
13914.17,11940.215,2888.98
13801.2,11245.71301,2760.06
13825.55,11177.79974,2777.64
13735.85,11028.22173,2742.48
13553.58,10977.75278,2757.13
13721.3,11224.32965,2894.84
14258.42,11757.92889,3140.96
14212.33,12087.19043,3208.35
14096.75,12362.255,3310.9
14033.88,12641.18827,3463.26
13876.1,12279.71101,3003.25
13427.08,12153.80241,2950.51
13741.8,12893.21649,2768.85
14018.05,13470.63755,2651.65
14134.35,14386.53469,2689.74
14119.38,14564.81142,2563.75
13989.35,14471.08337,2540.31
14482.33,14890.13392,2581.33
14299.23,14821.3414,2704.39
13875.92,14333.63901,2839.17
13445.65,13587.08542,3023.76
13006.3,13307.58943,2962.23
12761.23,12198.78484,3120.45
14122.08,10693.15714,3102.87
13919.0,10321.41024,2809.87
13801.7,10436.16995,2801.08
13589.42,10459.31181,2777.64
13584.77,10454.35284,2801.08
13502.5,10623.83707,2877.26
13474.33,10504.15356,3146.82
13966.83,11342.36017,3565.81
13129.98,11206.32261,3756.26
13371.53,11104.82199,3923.27
13858.4,11267.0612,3694.73
13847.65,10939.48782,3425.17
13854.55,11008.63204,3305.04
14133.8,12691.69239,3111.66
14312.8,12777.36651,3091.15
14407.28,12867.50722,3082.36
14391.35,13112.81797,2991.53
14133.67,13296.08884,3003.25
13862.17,13564.0139,3041.34
13989.72,13848.71505,3202.49
13569.6,12973.89647,3281.6
12981.15,12395.6665,3510.14
12215.05,12078.32759,3375.36
12244.88,11448.67908,3346.06
14305.55,11283.16906,3264.02
14108.55,10640.3318,3132.17
14106.52,10448.58496,2988.6
13936.97,10446.15823,2921.21
13809.17,10149.04207,3023.76
13753.17,10238.83108,3073.57
11840.45,10402.65294,3278.67
10703.73,10684.36464,3630.27
11292.98,10870.48428,3876.39
11767.45,10710.88282,3841.23
12131.35,10159.62824,3724.03
12576.58,10810.09739,3416.38
13056.5,11641.65687,3302.11
13411.48,12126.72151,3228.86
13491.25,12872.88823,3058.92
13570.73,13401.00095,3017.9
13487.3,13860.98938,2988.6
13275.98,14794.15499,2903.63
13070.38,15816.37104,2809.87
12502.47,15327.68389,3006.18
12159.27,14738.48088,2856.75
11851.35,13706.76893,3132.17
11433.0,12695.52592,3181.98
11077.42,12267.40151,3176.12
10703.0,10599.81596,3190.77
10223.92,11130.07405,3155.61
10212.3,10772.74685,3006.18
10016.34,10635.65419,2962.23
9858.24,10793.42681,3029.62
9885.76,10433.21567,3105.8
10041.81,10773.69644,3325.55
10592.83,10999.31199,3518.93
11123.48,10480.69517,3683.01
11343.55,11085.33781,3615.62
11782.92,11084.14203,3372.43
12250.2,12050.82465,3170.26
12658.13,12585.05695,3138.03
12931.25,14222.3963,2833.31
13049.52,15512.53741,2777.64
13006.3,16846.81687,2804.01
12939.5,17639.47833,2578.4
12712.68,17923.3354,2572.54
12552.88,18448.28282,2595.98
12002.42,18468.08353,2557.89
11775.2,17497.46187,2836.24
11375.73,16441.79915,2982.74
11116.17,15530.33343,2944.65
10662.17,14690.72002,2801.08
10412.18,13706.66342,2780.57
10054.59,13195.0806,2707.32
9826.05,13325.52613,2622.35
9717.8,12846.12386,2651.65
9572.92,12983.99026,2707.32
9510.48,12981.45802,2654.58
9525.41,13061.50494,2836.24
9795.01,13657.63644,2891.91
10158.28,13358.55076,2915.35
10411.98,13571.71613,3155.61
10390.85,13757.87094,2874.33
10688.8,15019.27816,2648.72
11217.77,16946.20729,2361.58
11638.4,19005.19977,2323.49
11814.85,20667.33397,2185.78
11871.43,22240.76943,2179.92
11796.58,21974.95457,2074.44
11668.8,22438.91721,2018.77
11544.05,22898.1319,2024.63
11333.63,22209.67915,2053.93
11178.38,21174.73156,2182.85
11098.57,19256.45425,2253.17
10759.13,18461.50674,2338.14
10479.88,17730.77965,2411.39
10142.83,17031.49454,2317.63
9857.19,15647.90674,2344.0
9662.7,14681.29446,2273.68
9450.92,13212.10288,2387.95
9316.66,13252.68906,2355.72
9273.7,13924.75259,2387.95
9315.11,14003.2872,2531.52
9600.98,14555.13967,2525.66
9929.02,14384.10796,2631.14
10019.24,14409.95791,2742.48
10091.85,14359.62964,2546.17
10431.8,15436.85157,2382.09
10682.1,17164.92952,2223.87
11042.0,18712.30401,2036.35
11262.2,20662.05847,2033.42
11386.15,22499.3041,1922.08
11408.95,23210.72286,1860.55
11426.42,23332.93861,1866.41
11262.97,22957.32301,1869.34
11129.17,22353.87615,2039.28
11110.78,21333.20758,2109.6
11026.92,20432.92592,2106.67
10760.23,18513.69902,2235.59
10566.75,17812.51473,2302.98
10318.9,17184.73023,2267.82
9907.98,16153.01828,2238.52
9610.23,15181.20084,2346.93
9472.97,13645.50279,2335.21
9548.3,13503.02912,2355.72
9396.0,13409.65277,2288.33
9608.1,13314.69377,2552.03
10077.49,13958.2696,2719.04
10565.63,13965.12775,2859.68
10968.63,14126.83941,3029.62
11359.07,14824.75289,2716.11
11875.1,16373.21765,2455.34
12583.93,21226.11493,2062.72
13100.75,23059.98424,1878.13
13300.92,24526.18637,1763.86
13306.33,26163.3147,1778.51
13354.9,27162.95161,1731.63
13086.5,27871.41609,1711.12
12821.75,27561.95526,1801.95
12269.97,27104.25288,1863.48
12102.73,25400.72359,1863.48
11726.88,24727.99183,1869.34
11363.13,23247.19415,1875.2
11115.42,21872.39885,1916.22
10857.2,20526.93533,1837.11
10390.4,19625.9151,1746.28
10030.3,18586.2899,1711.12
9976.22,17793.80429,1728.7
9779.92,16471.90467,1740.42
9632.24,15496.28887,1831.25
9681.79,15270.70849,2159.41
10160.14,15731.57617,2402.6
10704.77,16140.5681,2563.75
11069.75,15931.76381,2575.47
11442.3,16401.28331,2543.24
12012.92,16637.8719,2352.79
12500.73,16374.41343,2329.35
12798.2,17231.82286,2341.07
13049.02,18475.43406,2162.34
13240.25,19777.35712,2074.44
13402.3,21607.7446,1898.64
13167.57,22245.06017,1883.99
12805.8,22943.99358,1886.92
12309.15,21884.8842,1989.47
11976.5,21243.27789,2077.37
11571.48,20084.95394,2317.63
11213.38,18624.76588,2352.79
10973.52,17888.5171,2396.74
10695.1,15839.61841,2499.29
10388.15,15305.94883,2326.42
10018.77,14938.00029,2247.31
9687.95,15058.10584,2244.38
9677.35,14857.46099,2250.24
9644.05,14296.07745,2341.07
9763.02,14349.7117,2420.18
10209.81,14795.28043,2645.79
10788.17,15205.64399,2748.34
11147.05,13765.85453,3079.43
11529.95,13598.16397,3161.47
12102.78,14178.29312,3050.13
12324.82,14778.71536,2997.39
13100.83,15249.85268,2956.37
13372.2,15723.8036,2719.04
13430.38,15958.49301,2760.06
13363.67,16644.44869,2566.68
13274.28,16747.77815,2634.07
12813.47,16525.01137,2660.44
12328.17,16197.50833,2716.11
11982.38,15545.70272,2988.6
11704.1,14492.5019,3114.59
11334.88,13679.30116,3088.22
10935.63,14331.14194,3035.48
10622.23,13341.66916,2965.16
10182.4,12797.23756,2780.57
9975.93,12013.68513,2704.39
9724.71,11599.98042,2783.5
9582.83,11844.86913,2783.5
9506.46,12149.01929,2798.15
9746.94,12224.52928,2944.65
10280.88,12520.94204,3234.72
10840.5,13129.76991,3410.52
11144.92,13140.07472,3425.17
11441.52,13046.27633,3340.2
12027.42,13977.15589,3029.62
12533.58,14995.29222,2944.65
12848.2,15726.68754,2768.85
12882.8,16434.51896,2768.85
12848.3,16722.56126,2566.68
12682.83,16521.8109,2634.07
12826.9,17000.61528,2464.13
12521.08,17466.54744,2481.71
12042.85,17486.84053,2505.15
11722.13,16837.70784,2739.55
11556.98,16560.67375,2827.45
11156.63,16181.89285,2777.64
10791.6,14634.69421,2853.82
10440.3,14865.40941,2742.48
10136.46,13226.80394,2701.46
9789.48,12707.41338,2598.91
9593.23,12522.52469,2610.63
9561.98,12126.89736,2601.84
9474.07,12299.16002,2762.99
9671.57,11884.50572,2856.75
10240.89,12273.90796,3097.01
10805.3,12669.67597,3299.18
11021.97,12852.06759,3343.13
11379.73,13191.73945,3058.92
11954.98,14187.9297,2760.06
12386.15,15179.19615,2593.05
12881.08,16559.47797,2634.07
13066.52,17469.78308,2364.51
13080.65,18978.92778,2226.8
13059.25,19807.00543,2197.5
12979.75,20749.9483,2141.83
12503.42,21190.66357,2150.62
11965.25,20691.17923,2270.75
11623.08,19554.62551,2323.49
11400.4,18687.08712,2428.97
11045.65,17944.40223,2431.9
10829.75,17493.80419,2648.72
10472.02,15152.67797,2546.17
10013.0,14421.95088,2531.52
9882.52,13918.94954,2423.11
9755.34,13647.50748,2417.25
9497.35,13542.41952,2478.78
9420.16,13565.20968,2519.8
9359.91,13420.27411,2575.47
9598.8,13793.49815,2730.76
9939.99,13968.43373,2789.36
10135.15,14404.04935,2927.07
10187.13,14305.7492,2754.2
10420.7,15101.15392,2680.95
10729.33,16430.57992,2613.56
11121.43,18455.91471,2282.47
11525.4,20625.93888,2127.18
11733.3,23560.52368,1951.38
11775.83,25631.68498,1980.68
11630.58,25917.8281,1916.22
11389.35,26612.36526,1927.94
11234.4,26175.09665,2004.12
11046.78,24983.88875,2121.32
10982.25,22881.81302,2279.54
10780.2,21537.93215,2461.2
10431.58,20189.61986,2396.74
10119.15,18101.43628,2443.62
9843.62,16870.55662,2341.07
9697.16,16247.02769,2238.52
9569.43,15624.9759,2256.1
9487.64,14189.40684,2399.67
9468.96,12744.86943,2598.91
9483.54,12406.88573,2780.57
9737.1,12109.66406,2991.53
10118.58,11952.55967,3079.43
10145.52,12479.26559,3009.11
10209.92,12356.17059,2971.02
10350.5,13004.00199,2824.52
10743.4,13291.23538,2730.76
10858.1,14311.62259,2680.95
11380.6,14486.80436,2669.23
11247.73,15242.25596,2587.19
11286.3,15711.52927,2584.26
11292.13,16714.08529,2496.36
11163.0,16757.66092,2511.01
10922.52,16380.04063,2508.08
10908.02,15438.53973,2560.82
10802.7,15014.45987,2771.78
10560.67,14632.23231,2915.35
10341.8,14322.20876,2865.54
10165.05,13970.2274,2868.47
9878.01,12838.66782,2777.64
9634.06,12385.32652,2736.62
9632.93,11912.60655,2762.99
9564.42,11556.82683,2795.22
9585.36,11398.35081,2874.33
9782.31,11654.35324,3097.01
10297.39,11974.01337,3372.43
10937.12,12525.0921,3571.67
11287.63,12676.18242,3557.02
11624.77,12650.2973,3272.81
12137.82,13041.00083,3138.03
12697.25,14665.39762,2847.96
12889.27,15807.08616,2727.83
13266.58,16969.10296,2660.44
13278.7,17864.49599,2537.38
13111.83,18686.27821,2464.13
13056.75,19371.95253,2552.03
12773.58,19418.48244,2452.41
12324.65,19263.13655,2464.13
11917.38,18432.52666,2525.66
11645.33,17345.94951,2637.0
11391.75,16559.23178,2859.68
10978.83,15667.07439,2809.87
10613.05,15137.20317,2806.94
10185.0,13917.01519,2654.58
10002.26,12878.23407,2601.84
9887.24,12288.46834,2622.35
9752.5,12316.92087,2675.09
9650.1,12081.45772,2736.62
9760.53,12130.66055,3032.55
10352.72,11939.5116,3284.53
10903.95,12646.46377,3510.14
11212.85,13280.57887,3448.61
11665.0,13372.97046,3214.21
12231.63,13946.24146,2833.31
12771.78,16756.53548,2716.11
13138.05,17817.96608,2446.55
13426.27,18557.87254,2695.6
13058.1,18960.04149,2367.44
13281.7,19694.63728,2270.75
13188.2,21019.84288,2220.94
12907.23,20722.55087,2256.1
12423.42,20004.94219,2288.33
11900.67,18856.07897,2434.83
11637.27,18051.98726,2598.91
11271.3,17150.40431,2557.89
11012.5,16541.04889,2663.37
10634.83,15454.99929,2680.95
10276.95,14796.40587,2572.54
9997.92,13889.58259,2417.25
9743.15,13417.77704,2352.79
9641.31,12946.85074,2326.42
9653.71,12952.19658,2382.09
9808.28,12861.07111,2595.98
10370.84,13297.63632,3032.55
10806.67,14410.34478,3255.23
10996.67,14242.68939,3266.95
11432.52,14467.42569,3114.59
11867.6,15187.49627,2900.7
12405.42,16004.77673,2801.08
12695.07,16774.6832,2713.18
12933.13,17354.67167,2634.07
12929.7,18104.74226,2616.49
13006.73,18812.50334,2355.72
13090.6,20322.14042,2235.59
12743.77,19753.89873,2332.28
12333.0,19203.03102,2467.06
11959.73,18307.7435,2792.29
11751.93,16397.44978,2979.81
11418.75,13722.59543,3305.04
11174.58,13262.36081,3360.71
10657.5,12097.0732,3266.95
10314.6,12131.46946,3088.22
10013.67,11804.56431,2921.21
9895.7,11744.35327,2888.98
9719.87,11303.81385,2891.91
9694.78,11681.32863,2985.67
9906.04,11737.77648,3225.93
10447.4,11408.62045,3501.35
10997.95,11948.23376,3691.8
11455.75,11893.86094,3744.54
11756.9,12925.71357,3551.16
12202.7,13137.4018,3334.34
12782.33,13246.14744,3346.06
12956.38,12934.68192,3117.52
12982.7,12992.00902,2988.6
13242.63,13562.81812,2982.74
13205.45,14194.33064,2804.01
13101.55,14919.28985,2762.99
12708.38,15492.98289,2757.13
12051.83,15342.2091,2742.48
11827.25,14641.58753,2821.59
11638.98,13811.18866,3050.13
11222.3,13333.36904,3055.99
10873.13,13881.07145,3009.11
10571.88,12935.526,2862.61
10199.13,12499.59385,2783.5
9991.3,12074.24787,2616.49
9772.17,11843.21614,2595.98
9730.39,11645.17387,2707.32
9700.6,11684.03672,2742.48
9896.43,11687.20202,2947.58
10523.88,11952.48933,3255.23
11023.6,12521.08272,3457.4
11209.13,12109.83991,3516.0
11537.15,12508.63254,3214.21
12083.17,12956.66317,2927.07
12606.92,13770.32112,2880.19
12817.13,15261.56429,2689.74
12968.27,15549.0087,2645.79
12965.05,16573.65148,2519.8
13101.92,17348.90379,2516.87
12770.13,17398.35281,2493.43
12354.65,18137.55587,2508.08
11737.92,18149.09163,2373.3
11298.05,17276.94597,2531.52
11033.75,16641.88128,2461.2
10863.48,15308.23488,2481.71
10603.58,14716.07759,2437.76
10414.4,13582.51332,2437.76
9826.25,13290.42647,2554.96
9640.11,12208.14006,2487.57
9580.9,11948.05791,2502.22
9510.4,11610.17972,2610.63
9453.32,11493.02845,2639.93
9524.81,11515.0097,2824.52
9790.4,12050.12125,2947.58
10138.23,12171.66877,3050.13
10246.55,12736.25278,3246.44
10259.15,13477.70672,2871.4
10422.3,14128.03519,2698.53
10786.9,15068.05895,2543.24
11067.45,15951.31833,2396.74
11244.53,17186.27771,2261.96
11382.05,18383.85138,2185.78
11396.42,19441.20226,2027.56
11350.0,20331.98802,2135.97
11113.45,21363.3131,2171.13
10813.05,21174.94258,2130.11
10635.97,19714.43799,2165.27
10572.8,18753.27706,2279.54
10347.3,17847.19235,2250.24
10063.6,17216.91078,2285.4
9888.26,16002.06864,2241.45
9529.09,14076.19461,2194.57
9424.85,13507.21435,2141.83
9300.45,12830.89525,2215.08
9202.24,12739.06638,2487.57
9204.89,12670.59039,2487.57
9286.23,11758.06957,2651.65
9594.2,11850.21497,2845.03
9874.0,12865.57287,2994.46
9887.56,12841.69244,3079.43
9950.8,13228.56244,2736.62
10157.25,14675.10454,2440.69
10381.74,16388.90347,2332.28
10660.6,17945.45733,2156.48
10842.8,20217.05246,1998.26
11106.8,21950.44108,1930.87
10910.85,22576.15055,1966.03
10821.42,22690.10135,1881.06
10663.17,23225.52943,1939.66
10504.0,22780.98063,1933.8
10467.08,21985.15387,2007.05
10434.97,20838.75255,2042.21
10188.33,19577.13431,2021.7
9949.51,18735.059,2048.07
9703.59,18369.74821,2062.72
9444.88,16873.82743,2027.56
9431.07,15740.6852,1907.43
9313.39,15165.12815,2144.76
9265.24,14794.36601,2355.72
9310.82,14377.10913,2405.53
9396.67,13965.58496,2563.75
9803.35,13861.62244,2393.81
10277.5,13631.68098,2341.07
10505.9,13740.98934,2267.82
10831.7,13740.919,2138.9
11237.52,14360.12202,2039.28
11765.52,15995.45668,1787.3
11959.9,17573.95662,1702.33
12172.55,19825.15315,1541.18
12259.4,21519.71409,1585.13
12362.85,22666.32643,1544.11
12210.68,23731.59056,1529.46
11943.3,23398.84719,1593.92
11354.1,23387.6983,1664.24
10999.38,22189.06953,1752.14
10855.25,20932.1289,1781.44
10484.83,20185.43463,1746.28
10343.92,19152.91377,1746.28
10228.5,17818.1771,1737.49
9864.33,16772.60817,1637.87
9618.99,15815.31594,1590.99
9620.91,15341.25951,1684.75
9486.42,14633.85013,1939.66
9341.33,13947.68343,1983.61
9525.31,14623.3343,2018.77
9939.13,14789.93459,2103.74
10391.05,15516.61713,2118.39
10634.45,14795.24526,2089.09
10969.25,15323.85036,2009.98
11384.7,15784.78838,1957.24
11834.6,18009.81843,1711.12
12308.55,19940.96796,1646.66
12437.1,22399.84334,1503.09
12562.6,23533.58346,1552.9
12236.65,23755.47099,1611.5
12244.38,23656.95982,1608.57
11952.98,24079.4922,1646.66
11500.25,23913.70082,1629.08
11182.95,22286.8773,1702.33
10872.13,21134.63776,1749.21
10535.45,19956.47793,1737.49
10341.75,18727.53262,1755.07
10102.03,16731.49444,1714.05
9806.15,15492.63119,1711.12
9497.04,14147.20284,1910.36
9285.17,13416.68677,1998.26
9279.01,13135.6433,2083.23
9238.33,12359.47657,2094.95
9390.59,12247.38978,2229.73
9899.08,12769.24224,2341.07
10322.93,13274.38895,2414.32
10462.05,12432.31364,2361.58
10821.7,13369.69965,2297.12
11324.15,15103.89718,2188.71
11813.45,18842.89022,1998.26
12146.45,21031.87102,2165.27
12330.17,23053.65364,1875.2
12283.15,24953.07983,1819.53
12343.35,25670.09062,1848.83
12364.6,26137.81645,1842.97
11955.4,26453.74856,1883.99
11407.45,25987.14817,1883.99
10944.6,24161.12177,2033.42
10721.2,22947.12371,2144.76
10514.23,21103.72333,2045.14
10105.99,20158.95162,2068.58
10050.17,18341.92874,2001.19
9722.69,17003.18269,1919.15
9511.93,15099.14923,1942.59
9231.23,14611.0248,2092.02
9173.73,14240.15715,2218.01
9179.62,13918.91437,2355.72
9263.68,14069.16061,2543.24
9767.48,13621.20032,2789.36
10176.85,14623.93219,3161.47
10396.55,14189.89922,2941.72
10695.45,15203.92066,2540.31
11285.67,17902.5851,2338.14
11706.6,20562.10533,2086.16
11979.1,21483.03178,2053.93
11974.58,21562.34013,1986.54
12165.45,22483.75896,2001.19
12177.98,23937.72193,1974.82
12123.17,25513.47861,1816.6
11947.73,25941.42717,1875.2
11383.17,25785.9406,1886.92
10954.9,24681.84879,1974.82
10892.4,22900.55863,2027.56
10538.5,21308.20171,2094.95
10316.33,20031.28452,2103.74
10033.18,17974.43741,2018.77
9702.24,15798.39917,1951.38
9515.95,15218.7624,2027.56
9298.21,14313.24041,2267.82
9289.06,14436.86296,2250.24
9288.31,14440.52064,2267.82
9401.58,14333.35765,2449.48
9895.15,14315.98367,2619.42
10215.0,15485.87855,2806.94
10325.08,14899.03193,2733.69
10753.77,16079.51298,2417.25
11252.03,17943.3823,2256.1
11761.8,21336.51356,1989.47
12245.18,23819.5859,1878.13
12134.38,25545.30746,1901.57
12178.67,26876.49196,1872.27
12268.1,28111.13481,1760.93
11822.4,28791.14676,1740.42
11565.23,28304.18294,1749.21
11122.83,27633.63172,1775.58
10933.8,26519.34061,1775.58
10859.7,24819.71519,1793.16
10654.92,23750.54719,1787.3
10457.83,23114.81427,1772.65
10393.13,21248.48305,1634.94
10033.17,21273.34824,1564.62
9855.03,20882.36335,1588.06
9736.34,20097.36895,1567.55
9495.34,19464.69582,1544.11
9454.4,19262.08145,1596.85
9460.4,18737.06369,1716.98
9678.54,18962.99577,1769.72
9898.4,19209.71332,1886.92
9909.67,19537.53289,2133.04
9992.88,20116.32558,1872.27
10314.38,21386.73632,1772.65
10442.68,23278.14375,1643.73
10793.7,25357.2183,1567.55
10815.15,26623.05694,1544.11
11080.78,27590.30228,1485.51
10812.9,27955.54273,1555.83
10672.55,27348.68438,1538.25
10861.85,27556.01153,1497.23
10519.55,27108.26226,1605.64
10484.42,26676.05813,1494.3
10476.53,25700.89954,1632.01
10224.25,24742.58738,1649.59
10082.4,22894.22803,1696.47
9937.15,20406.65393,1681.82
9659.46,19192.48002,1678.89
9699.22,18467.55598,1784.37
9470.47,17873.0423,1904.5
9323.34,16886.55897,1939.66
9304.52,16626.68784,2015.84
9304.62,17551.65884,2021.7
9530.14,16894.82392,2045.14
9784.88,16761.81098,2133.04
9683.45,16242.35008,2253.17
9900.97,18071.36593,1963.1
10350.7,22129.59706,1787.3
10716.38,24876.62025,1582.2
10976.65,25882.48225,1599.78
11146.2,26207.94543,1667.17
11334.7,26879.55175,1626.15
11395.18,27094.93283,1617.36
11317.73,27729.50514,1655.45
11040.22,28149.54045,1632.01
10852.08,27774.52274,1667.17
10754.4,26726.84361,1670.1
10777.83,24467.34696,1878.13
10621.4,23570.40645,1801.95
10460.0,22423.86445,1936.73
10246.17,21550.94505,1872.27
9877.45,20394.76647,1875.2
9700.09,18837.12234,1866.41
9491.3,17537.09846,1734.56
9376.02,16743.41707,1778.51
9390.7,16060.20465,1910.36
9542.93,16360.45094,2308.84
9930.17,16727.37955,2440.69
10493.17,17346.86393,2581.33
10675.02,17328.11832,2522.73
11234.83,18479.3731,2226.8
11885.88,20850.60484,2033.42
12563.77,23868.08533,1763.86
12794.8,27063.27983,1675.96
13147.25,27940.13827,1599.78
13187.43,30187.8178,1602.71
12938.33,32050.10447,1649.59
12814.33,31929.40103,1632.01
12611.17,31922.15601,1655.45
11973.35,31532.85928,1746.28
11574.55,29510.58428,1793.16
11566.22,27296.80863,1860.55
11119.55,25406.70249,1822.46
10868.05,24354.69745,1866.41
10522.4,22573.47763,1957.24
10066.31,21988.60053,1801.95
9695.61,20036.03247,1766.79
9744.4,17637.57915,1775.58
9678.55,17198.93891,1822.46
9491.33,16328.09454,1889.85
9610.11,16318.45796,2188.71
10030.25,16420.66198,2437.76
10581.9,17687.80191,2528.59
10961.9,16968.57541,2516.87
11407.33,19127.34518,2174.06
12041.15,22088.83503,1939.66
12738.98,24992.04819,1734.56
13130.47,27791.19332,1716.98
13156.47,30722.4018,1620.29
13258.83,32219.27217,1611.5
13273.98,32746.85734,1602.71
13061.72,32953.79762,1649.59
12663.43,31962.10913,1661.31
12353.45,31188.47464,1705.26
12013.3,30286.08278,1699.4
11770.88,28307.24273,1740.42
11434.63,26837.76979,1719.91
11066.85,24902.18884,1716.98
10895.95,23252.82135,1649.59
10493.23,22553.39556,1634.94
10040.28,21763.26634,1573.41
9941.34,20517.15807,1555.83
9764.98,20666.87676,1599.78
9700.33,19535.21167,1629.08
9824.22,19992.77337,1749.21
10224.23,20224.96571,2048.07
10726.1,21154.36813,2127.18
10978.05,21186.23215,2165.27
11394.92,21288.82304,1963.1
12009.0,21054.1688,2027.56
12304.95,21938.72947,2086.16
12531.9,21728.94042,2188.71
12647.05,22378.17862,2062.72
12781.92,22734.41555,2039.28
12913.0,24112.97404,2024.63
12923.78,25309.24642,1872.27
12565.67,24469.77369,1942.59
12236.3,24159.22259,1892.78
11899.15,23556.19777,2159.41
11685.33,22888.03811,2253.17
11376.33,22114.33328,2229.73
10964.95,21657.93219,2426.04
10679.13,18847.53266,2311.77
10451.6,17889.25567,2141.83
10015.24,17480.8968,2109.6
9712.32,15824.98769,2229.73
9643.56,15599.05561,2197.5
9471.94,15272.36148,2200.43
9760.42,15517.7074,2361.58
10088.25,16599.04422,2528.59
10683.38,16817.44992,2622.35
11010.67,16600.24,2651.65
11486.77,16953.27646,2455.34
12026.27,19256.66527,2209.22
12794.75,22272.8093,2045.14
12765.23,23885.7055,1907.43
13108.92,24651.07504,1872.27
13102.6,25008.29673,1878.13
13420.48,25513.09174,1766.79
13192.27,26385.41325,1787.3
12807.05,26687.52355,1804.88
12322.98,26015.70621,1913.29
11828.63,24366.26838,2004.12
11634.33,22938.9291,2012.91
11198.77,21874.6849,1995.33
10939.6,20744.18042,1960.17
10744.95,17818.49363,1889.85
10363.77,16627.49675,1878.13
9915.44,16067.20348,2012.91
9721.25,15946.11317,1957.24
9618.75,15912.42031,2171.13
9603.35,15681.31824,2238.52
9685.5,15314.84684,2364.51
10089.49,15652.23265,2546.17
10552.38,16769.23185,2678.02
10808.65,16450.69716,2716.11
11239.5,17426.98119,2346.93
11886.9,20317.49798,2215.08
12428.88,22319.76125,1992.4
12902.07,23630.08994,1919.15
13013.45,24918.33187,1919.15
13036.0,26438.23859,1837.11
12879.95,27067.32438,1889.85
12691.83,27369.75121,1916.22
12303.35,27750.00925,1898.64
11697.22,27433.02204,2036.35
11377.9,25773.77178,2133.04
11306.02,24165.69387,2115.46
11001.67,22238.51855,2185.78
10776.4,20331.88251,2062.72
10475.43,18700.66274,2062.72
10073.4,17075.59772,2042.21
9816.86,16088.97371,2053.93
9695.71,16696.71131,2100.81
9496.79,16106.94558,2162.34
9417.01,15503.46355,2308.84
9524.26,15935.31598,2458.27
9717.76,16785.65624,2525.66
10130.24,15559.31351,2701.46
10147.48,16199.19649,2707.32
10362.98,17267.55558,2305.91
10762.58,19404.73097,2215.08
11180.72,21246.97074,2176.99
11365.97,22019.90183,2039.28
11761.9,23821.6961,1907.43
11619.23,25609.84441,1869.34
11447.93,27238.63745,1860.55
11395.88,26581.62668,1834.18
11087.85,26666.03468,1790.23
10903.0,26113.90085,1910.36
10819.15,25306.36248,1851.76
10849.02,24176.98344,1954.31
10726.97,21574.96616,1927.94
10483.42,19422.6325,1916.22
10175.38,18415.85608,1895.71
9814.42,18155.21121,1866.41
9667.4,18102.49138,1983.61
9560.48,17575.04689,2144.76
9364.15,17078.27064,2200.43
9335.95,16765.08179,2244.38
9391.6,16595.80858,2361.58
9619.59,16516.42989,2426.04
9938.85,16709.65387,2593.05
9868.76,17231.40082,2487.57
10005.64,17815.64486,2300.05
10325.25,19805.77448,2156.48
10571.95,20465.59885,2059.79
10879.82,21736.36129,2001.19
11219.78,23075.59972,1936.73
11348.92,24420.81705,1881.06
11166.92,25523.99444,1819.53
11182.05,25476.97215,1869.34
11029.9,25478.37895,1813.67
10894.48,25049.51597,1977.75
10891.1,24163.75952,1957.24
10921.08,22179.04608,2103.74
10666.67,21415.68123,2141.83
10486.25,20899.59665,2089.09
10257.95,20224.22714,2053.93
9917.32,20161.30801,1930.87
9887.15,19375.53987,1810.74
9681.95,18439.66617,1854.69
9481.49,17374.57789,2009.98
9458.57,17098.21203,2179.92
9572.45,17054.56606,2256.1
10018.09,17788.2826,2376.23
10527.08,17329.34927,2449.48
10745.8,17662.90155,2393.81
11200.48,18354.34375,2226.8
11731.45,20416.71255,2042.21
12337.42,22036.22071,1948.45
12826.07,23544.48616,1831.25
13074.13,25127.69888,1790.23
13137.05,25582.44698,1743.35
13174.05,26016.6558,1655.45
12931.15,26663.25625,1722.84
12732.7,26530.8412,1725.77
12248.65,26019.1177,1828.32
11840.35,25293.80679,1828.32
11606.2,24723.98245,1848.83
11393.08,22671.9888,1869.34
11129.85,21798.29566,1942.59
10900.98,20356.85321,1951.38
10451.33,19710.92099,1957.24
10008.43,19261.9056,1834.18
9977.93,19176.47767,1796.09
9802.94,19124.17988,1769.72
9763.1,19079.93602,1737.49
9874.24,18678.0836,1845.9
10269.4,19244.60196,1977.75
10702.5,20579.69033,2089.09
11069.35,20823.62945,2162.34
11494.42,21052.65649,2059.79
12083.63,22275.93943,1983.61
12342.48,23473.58344,1948.45
12561.7,23665.82266,1945.52
12723.47,23908.07362,1787.3
12992.68,23972.82159,1857.62
13040.48,23370.71119,1881.06
12793.9,23350.87531,1872.27
12601.67,23024.07567,1845.9
12084.92,22387.28765,1869.34
11748.65,22517.10012,2124.25
11545.45,21604.19243,2200.43
11227.15,21090.11254,2212.15
10977.63,20815.78654,2124.25
10694.92,20174.42642,2080.3
10461.63,19791.60097,1968.96
10112.55,19257.89622,1939.66
9842.43,19621.343,1916.22
9865.95,19048.17751,1837.11
9835.28,19228.52927,1866.41
9844.15,19373.78137,2007.05
10235.56,19961.0852,2182.85
10673.63,21031.27313,2223.87
10985.75,19287.75555,2414.32
11431.9,18095.10568,2572.54
11910.13,18033.38233,2487.57
12312.48,17144.07371,2481.71
12575.15,17794.40218,2346.93
12839.78,18233.99201,2282.47
12988.13,18940.94418,2130.11
13063.55,20080.76871,2074.44
12878.52,19988.02542,2185.78
12609.3,20001.70655,2077.37
12175.73,19963.8988,2147.69
11707.25,20054.9891,2320.56
11512.3,19278.7872,2560.82
11241.03,18740.05314,2552.03
10850.5,18467.94285,2598.91
10520.15,16892.25651,2508.08
10007.32,17690.22864,2346.93
9850.17,15039.88778,2314.7
9646.73,14122.75969,2256.1
9578.79,13917.75376,2379.16
9588.92,13698.46881,2376.23
9712.6,13754.42428,2554.96
10187.06,14053.79132,2716.11
10706.25,14559.81728,2833.31
10918.08,14682.7716,2871.4
11580.9,15366.4764,2511.01
12107.88,17705.21106,2379.16
12666.27,20200.69841,2197.5
12975.45,20966.91203,2053.93
13254.73,22765.92787,1966.03
13207.82,23468.5893,2033.42
13180.43,23843.22014,1913.29
13155.7,24507.96831,1904.5
12902.9,24754.08797,1925.01
12186.08,23930.82861,2009.98
11644.42,23140.91041,2109.6
11492.45,21334.29785,2191.64
11101.55,20544.73135,2176.99
10767.7,18827.41542,2188.71
10549.82,18117.22761,2218.01
10269.25,16943.11233,2317.63
9843.69,16125.37466,2302.98
9692.56,16051.37698,2232.66
9632.92,15761.99822,2317.63
9582.8,15188.62171,2317.63
9653.52,15540.00518,2414.32
10162.13,15465.62063,2639.93
10711.22,16373.53418,2815.73
10783.05,16234.61268,2710.25
11298.25,16779.57183,2469.99
11963.02,18393.17143,2288.33
12641.92,20707.7443,2229.73
12904.83,21268.88165,2229.73
13132.42,22272.35209,2162.34
13143.25,22304.60298,2071.51
13071.63,22964.35701,2086.16
12869.6,23977.00682,2062.72
12480.63,24140.26596,1995.33
12006.95,24123.87674,2100.81
11442.17,23135.14253,2144.76
11282.58,21903.80566,2220.94
10935.52,21031.55449,2229.73
10660.58,20144.14505,2185.78
10381.92,17783.99186,2215.08
9916.19,18023.49956,2273.68
9771.58,17333.49933,2294.19
9698.48,16112.22108,2387.95
9537.19,14955.55012,2417.25
9458.6,14436.26507,2382.09
9425.94,14936.31213,2519.8
9743.21,14943.0296,2634.07
10103.36,14694.87008,2751.27
10181.33,14739.53598,2692.67
10431.9,15324.90546,2464.13
10745.35,16864.29636,2323.49
11260.5,18804.76594,2276.61
11489.1,20155.11809,2118.39
11604.33,21558.29558,2039.28
11724.55,22490.82813,2015.84
11756.57,22745.38859,2065.65
11690.35,23974.47458,1898.64
11446.2,23792.01262,1980.68
11117.83,23369.83194,2027.56
10937.17,22361.64872,2068.58
10846.73,22138.24888,2147.69
10651.98,21257.17004,2121.32
10345.0,20578.49455,2077.37
10156.8,19804.75455,2045.14
9748.92,19081.8352,1980.68
9615.44,17841.741,2106.67
9457.38,17108.05963,2323.49
9230.58,16836.09002,2402.6
9233.94,16554.80036,2376.23
9306.15,16529.33728,2434.83
9674.92,15222.45525,2560.82
9990.87,15370.27476,2669.23
10053.32,15230.89605,2593.05
10188.85,15583.44013,2478.78
10516.35,17171.15461,2270.75
10956.02,18771.00274,2220.94
11192.6,19872.06993,2080.3
11390.93,21712.5512,2065.65
11499.92,22920.32417,2056.86
11460.4,23512.48146,2109.6
11342.47,24585.69401,2036.35
11156.07,24548.94136,2024.63
11051.33,23747.27638,2100.81
10943.3,22853.67702,2083.23
10948.92,21719.12799,2133.04
10793.25,20869.73732,2215.08
10512.2,19490.44026,2109.6
10304.28,18794.848,2153.55
9972.59,17877.47372,2197.5
9698.14,16768.80981,2346.93
9606.98,15331.97463,2464.13
9546.78,14598.46911,2431.9
9499.6,14163.6624,2496.36
9551.01,14312.32599,2663.37
10067.74,14318.93795,2976.88
10587.75,14367.05051,3000.32
10863.57,14922.66617,2924.14
11455.05,16336.04296,2508.08
12243.05,19327.74384,2449.48
12743.3,21226.60731,2203.36
13217.02,22329.71436,2115.46
13326.45,24140.72317,2089.09
13365.67,25255.08462,2080.3
13272.55,27419.48159,2024.63
13026.98,28175.91795,2004.12
12678.48,27994.9683,2030.49
12290.45,28099.52871,2001.19
11815.77,26952.45916,2188.71
11738.17,24985.50657,2182.85
11248.95,23567.38183,2220.94
11095.15,22582.27013,2223.87
10876.72,19220.89738,2188.71
10262.75,17567.7667,2162.34
10110.41,17066.17216,2417.25
9839.18,16240.41573,2478.78
9741.05,16037.13313,2467.06
9636.34,15870.67352,2505.15
9711.52,15523.08841,2622.35
10211.77,15173.70963,2880.19
13740.4,15823.05334,3088.22
14821.38,16149.21992,2859.68
15460.13,17850.11146,2575.47
16190.2,20627.16983,2373.3
16571.03,25168.32023,2074.44
16884.85,27440.79461,1913.29
16970.2,29143.9722,1904.5
17154.35,30263.15194,1860.55
17103.42,31711.87458,1778.51
16961.27,32442.49616,1810.74
16459.03,32473.62161,1822.46
15991.15,32073.35184,1831.25
15403.97,30767.38423,1840.04
15183.85,28321.48658,2062.72
14948.55,26300.40736,2009.98
14616.15,24724.89687,2053.93
14396.95,22389.71438,2030.49
14060.43,21796.85369,1983.61
13552.58,18895.99692,1881.06
13394.08,17886.16071,1954.31
13292.15,17027.73135,1968.96
13197.08,16365.05821,2059.79
13253.75,16192.54936,2396.74
13733.73,16026.58213,2727.83
14291.67,16597.03953,2780.57
14606.17,17116.11356,2692.67
15211.4,19277.7321,2385.02
15792.38,22040.40594,2094.95
16167.48,25534.36959,1860.55
16450.72,28569.6461,1766.79
16514.57,31360.52628,1857.62
16571.83,31833.98482,1801.95
16531.08,32535.48564,1763.86
16436.42,32974.93479,1711.12
16139.05,33745.68534,1705.26
15688.23,33546.34178,1740.42
15228.2,31909.81134,1725.77
15096.23,29499.43539,1919.15
14753.9,27365.60115,1977.75
14376.73,25977.40608,1971.89
14065.03,23062.0241,2012.91
13802.38,21665.84544,1916.22
13350.33,20294.56714,1875.2
13313.93,19286.84113,1834.18
13183.38,19633.40631,1842.97
13164.05,18345.55125,2053.93
13283.3,17958.11853,2220.94
13601.38,18435.51611,2311.77
14195.17,18906.09071,2472.92
14413.98,18083.49958,2440.69
14937.67,19097.45068,2335.21
15603.3,19441.16709,2405.53
15992.5,20091.31971,2361.58
16243.15,20812.23437,2250.24
16263.55,22144.61465,2115.46
12688.65,22396.71321,2053.93
12787.63,23121.00419,2012.91
12903.75,23643.24352,2009.98
12602.17,24977.83951,2048.07
12162.17,24199.17571,2159.41
11699.38,23457.26456,2250.24
11356.83,21495.44679,2557.89
10760.63,20721.63645,2437.76
10396.13,20154.20367,2493.43
10277.08,17576.5592,2393.81
9908.16,16757.37956,2320.56
9666.57,16285.60918,2399.67
9419.61,15907.07447,2405.53
9322.96,15471.03681,2338.14
9240.67,14768.12919,2405.53
9294.49,14860.83731,2546.17
9735.7,14570.43862,2757.13
10309.35,15212.46697,2865.54
10529.55,15373.54557,2845.03
12237.02,18238.42343,2472.92
12892.48,20189.58469,2393.81
12326.13,20213.28927,2203.36
12428.58,20771.82404,2115.46
12576.15,22254.55607,2062.72
12501.7,23979.08185,2024.63
12849.1,25375.01432,2097.88
12692.33,26620.41919,2059.79
12299.58,26705.70644,2018.77
11744.92,26334.27607,2074.44
11178.45,24928.63668,2159.41
11135.98,23619.74996,2086.16
10825.0,22693.19631,2106.67
10526.7,21731.68368,2024.63
10154.0,19889.40874,1989.47
9836.85,18385.75056,1922.08
9572.32,17232.35041,1951.38
9410.25,16234.33132,2027.56
9265.98,15642.27954,2086.16
9160.18,15390.70853,2042.21
9186.11,15402.98286,2165.27
9461.54,15652.16231,2346.93
9779.45,15420.2865,2657.51
9810.91,15385.15167,2525.66
10160.92,17769.22046,2226.8
10437.35,19053.31233,2130.11
11040.13,20527.60356,1980.68
11031.02,26099.02394,1930.87
11240.43,28050.15003,1857.62
11329.07,29470.17395,1828.32
11309.15,30015.02759,1769.72
11155.63,30638.13448,1799.02
11103.5,30636.37598,1746.28
10867.2,30616.57527,1842.97
10682.88,29723.9255,1796.09
10736.63,27449.55194,1916.22
10571.05,25764.69792,1916.22
10362.45,23891.08651,1936.73
10172.69,22168.91712,1930.87
9780.67,21021.8124,1916.22
9616.66,19691.3313,1913.29
9400.53,18593.46458,1869.34
9258.91,17980.41631,1989.47
9148.79,17175.33984,2001.19
9165.83,16265.98432,2212.15
9385.1,15635.21037,2302.98
9650.07,15881.64656,2563.75
9650.8,16372.40874,2405.53
9978.26,18988.45885,2179.92
10395.0,22261.2032,2009.98
10862.03,24559.77372,1872.27
11095.65,26624.46374,1878.13
11239.63,27669.08308,1787.3
11356.42,28942.90531,1787.3
11268.4,29342.22549,1746.28
11203.35,30129.47077,1725.77
11049.65,30658.46274,1734.56
10808.3,31084.37144,1728.7
10653.7,29908.42732,1825.39
10611.58,27867.23086,1819.53
10455.23,26104.40495,1936.73
10322.25,25074.31082,1886.92
10106.52,23431.73114,1930.87
9739.22,21097.4279,1875.2
11734.21,20179.98328,1845.9
13201.9,18895.36386,1801.95
13117.27,17733.03053,1948.45
13009.65,17124.94123,1980.68
13102.58,16809.32565,2153.55
13541.7,16149.07924,2379.16
14124.18,17108.55201,2508.08
14380.5,17238.64584,2367.44
15003.3,19278.29482,2182.85
15642.83,23492.78626,2009.98
16230.32,27382.20139,1804.88
16556.23,29898.12251,1766.79
16661.88,31512.14415,1714.05
16629.65,33056.07198,1699.4
16431.63,33454.4074,1702.33
16501.05,33869.09687,1649.59
16218.9,34086.27162,1664.24
15737.63,33212.47297,1661.31
15225.85,31128.36911,1790.23
14954.7,28428.71991,1869.34
14653.67,25519.56302,1883.99
14431.05,22971.91856,1948.45
14205.23,20159.40883,2048.07
13725.2,18129.99432,2141.83
13404.1,16700.19314,2253.17
13257.6,15945.55045,2282.47
13182.45,15295.89021,2408.46
13116.05,14328.92623,2405.53
13215.58,14353.82659,2572.54
13739.83,14193.69758,2760.06
14212.8,15062.43175,2886.05
14453.77,15397.91838,2833.31
15172.6,15385.32752,2584.26
15820.97,16150.064,2487.57
16428.38,18085.57461,2484.64
16812.3,18998.51747,2367.44
16973.83,19676.10269,2382.09
16924.15,20460.11233,2235.59
16818.63,20660.44065,2226.8
16704.65,21166.67763,2150.62
16428.78,21291.70698,2232.66
15871.37,21159.99533,2235.59
15304.6,20698.35391,2279.54
15162.58,19487.38047,2393.81
14745.48,18729.71316,2387.95
14455.63,17515.43374,2572.54
14105.35,16264.3665,2540.31
13711.52,15639.21975,2434.83
13396.05,14146.25325,2390.88
13229.27,13795.32699,2399.67
13153.53,13523.63874,2414.32
13141.95,13366.42884,2472.92
13280.18,13331.82156,2680.95
13875.63,13441.90366,2930.0
14391.42,14323.22869,3047.2
14629.8,14255.4561,2853.82
15182.98,15032.95929,2660.44
15886.5,16666.81681,2440.69
16454.22,17995.04703,2317.63
16824.0,20622.31637,2220.94
17077.03,20953.65294,2165.27
15285.03,22373.3955,2077.37
12625.8,24000.64106,2071.51
12270.2,24455.52984,2001.19
12557.85,24673.5135,1974.82
11982.08,24674.00588,1925.01
11517.6,23742.9153,2106.67
11396.15,22207.70963,2179.92
11017.27,21351.42564,2206.29
10589.8,20601.00335,2176.99
10411.2,18866.70031,2074.44
9927.26,17764.26149,2053.93
9533.9,16852.83094,2089.09
9330.03,16029.7826,2414.32
9281.73,14442.45499,2320.56
9250.28,14211.70462,2370.37
9341.89,13694.81113,2543.24
9870.25,13914.06091,2742.48
10348.4,14838.32851,2839.17
10763.85,15188.5162,2610.63
11337.73,16432.54944,2560.82
12256.05,19948.91638,2264.89
12820.7,23062.79784,2053.93
13181.22,25872.59948,1945.52
13198.4,27740.90022,1936.73
13198.53,28934.60519,1708.19
13019.25,30617.77105,1681.82
12704.4,31070.09242,1731.63
12404.38,30843.52728,1711.12
11910.02,30179.16598,1737.49
11467.35,29154.1715,1755.07
11255.73,27373.93644,1930.87
10994.2,25299.15263,1857.62
10644.35,23846.91299,1881.06
10437.17,21586.46675,1854.69
10100.64,21667.07639,1737.49
9653.61,20634.27417,1763.86
9531.38,18691.30752,1793.16
9455.72,17774.17943,1822.46
9350.01,17198.55204,1848.83
9445.34,16919.79462,2062.72
9842.42,16679.26699,2469.99
10289.0,16929.00916,2639.93
10444.08,17167.70795,2417.25
11059.7,19146.82936,2048.07
11741.5,22997.24096,1904.5
12252.77,26206.5738,1907.43
12439.6,28947.89945,1711.12
12447.1,29765.74263,1687.68
12583.23,30565.93047,1652.52
12462.45,31484.43019,1646.66
14629.83,32148.43979,1558.76
15279.8,31692.17938,1632.01
11420.35,31888.25213,1611.5
11126.68,30737.66558,1646.66
10914.05,28730.79504,1740.42
10568.3,27126.9727,1801.95
10414.55,25639.84442,1737.49
10253.99,23620.45336,1719.91
9862.68,22293.38375,1667.17
9705.0,20773.61771,1693.54
9471.28,18606.30163,1725.77
9213.16,17956.11384,1681.82
9122.93,17756.24273,1781.44
9119.08,17704.36698,1913.29
9290.98,18248.55239,2039.28
9575.83,17149.9471,2118.39
9732.49,18159.92399,2182.85
10119.23,20594.46173,1813.67
10529.75,23022.6337,1699.4
10979.1,25664.85029,1681.82
11275.67,26976.23408,1640.8
11488.48,28257.30133,1620.29
11370.63,29699.55269,1620.29
11298.4,29820.88919,1564.62
11308.92,30101.61613,1547.04
11111.1,30438.33371,1549.97
10855.05,29878.91969,1614.43
10670.7,29174.60527,1599.78
10571.05,27153.94809,1673.03
10466.72,26210.54801,1731.63
10166.4,25576.60876,1655.45
9954.78,24462.8452,1608.57
9489.94,22647.54565,1658.38
9294.65,20741.40199,1608.57
9114.58,20347.70901,1687.68
9009.23,19921.87065,1655.45
8980.84,19721.29614,1702.33
9050.19,19904.88354,1790.23
9296.08,20065.57527,1842.97
9554.28,19595.98543,1977.75
9581.35,20799.01045,1763.86
9944.43,23792.32915,1667.17
10225.67,26514.27613,1675.96
10566.2,28129.70457,1620.29
10687.65,29941.17059,1547.04
10863.25,30656.2822,1523.6
10960.88,31588.77958,1429.84
10942.55,32944.54791,1406.4
10854.88,33667.71345,1350.73
10715.98,34284.24355,1400.54
10594.32,34626.58833,1382.96
10404.3,33558.19407,1380.03
10350.23,31829.16653,1538.25
10184.15,30126.19996,1582.2
10054.36,29114.60525,1573.41
9866.33,27503.46755,1640.8
9578.22,24301.55558,1567.55
8158.66,22787.52225,1547.04
7236.53,21714.06351,1485.51
7204.61,20340.32331,1555.83
7213.23,20049.57292,1538.25
7328.03,20706.6892,1708.19
7711.08,21431.50773,1869.34
8206.96,21797.20539,1889.85
8522.25,22287.229,1766.79
9018.91,25956.33925,1646.66
9620.72,30926.3878,1570.48
10102.21,34151.37129,1476.72
10385.15,37303.58805,1362.45
10724.95,38709.33295,1400.54
10899.55,41032.90934,1268.69
10849.13,42061.5615,1215.95
10776.6,43107.79866,1245.25
10694.55,44115.73569,1271.62
10301.75,43916.18111,1318.5
9847.58,42884.36365,1262.83
9361.49,39981.6077,1388.82
8889.3,37879.25061,1403.47
8603.82,34595.39254,1453.28
8230.64,31487.91202,1547.04
7904.27,28406.49247,1459.14
7526.23,27543.98339,1473.79
7405.09,25143.84191,1503.09
7270.41,24350.72324,1485.51
7298.97,24265.99871,1497.23
7427.81,24585.06095,1634.94
7794.67,25693.72486,1743.35
8164.41,27039.01253,1758.0
8480.16,27517.39487,1605.64
9105.97,31403.15232,1611.5
9830.22,34207.50261,1491.37
10223.27,36816.58906,1380.03
10696.88,38717.87926,1321.43
10929.43,41156.6374,1245.25
11085.35,43467.6581,1192.51
11044.85,44721.57411,1177.86
11158.1,45625.16175,1207.16
10775.8,45027.4476,1192.51
10398.2,42753.10921,1233.53
9908.3,40983.42515,1286.27
9331.99,38556.44896,1380.03
8893.91,35557.99544,1368.31
8626.69,32449.98737,1403.47
8403.92,31889.20172,1470.86
7944.8,30061.2058,1485.51
7641.5,28213.97189,1467.93
7442.04,26029.28183,1441.56
7299.89,24919.49248,1421.05
7193.99,24378.85924,1520.67
7289.51,24196.29177,1646.66
7684.25,24345.65876,1790.23
8134.32,25169.86771,1781.44
8467.25,26517.37109,1781.44
9121.71,30476.00078,1590.99
9930.17,32454.94634,1599.78
10577.98,34478.73365,1558.76
10798.22,35744.60746,1467.93
10875.48,37250.23516,1470.86
11029.85,37976.31981,1497.23
11106.33,39011.2674,1532.39
11103.75,38635.05391,1470.86
11057.52,36875.14711,1462.07
10433.35,36213.4939,1365.38
9870.06,34499.51912,1409.33
9571.91,33989.44861,1479.65
9260.03,31853.50417,1435.7
8712.32,29233.62053,1640.8
8345.23,27379.98568,1655.45
7972.72,26374.89742,1658.38
7606.91,24480.64122,1614.43
7488.9,23827.49915,1614.43
7397.04,23349.08164,1588.06
7320.22,22895.98653,1655.45
7411.83,22474.22789,1708.19
7745.58,22519.45651,1886.92
8221.21,24004.86146,1881.06
8640.83,24416.84284,1790.23
9419.79,26712.88112,1728.7
10363.75,29986.2937,1588.06
12054.48,30750.08059,1655.45
14296.95,33415.12251,1705.26
14453.82,33904.75925,1602.71
14401.78,35158.32356,1544.11
14154.7,35571.00834,1465.0
14065.58,34409.58943,1470.86
13926.8,34173.00084,1503.09
13460.08,32979.19036,1488.44
12954.85,32263.97324,1570.48
12616.17,30860.09235,1614.43
12224.83,29226.16449,1585.13
11636.25,27382.44758,1620.29
11203.92,24980.79379,1614.43
10694.73,22687.88564,1593.92
10269.2,20527.84975,1804.88
10058.52,20423.60587,1930.87
9946.0,20380.76881,1854.69
9786.2,19426.92324,1886.92
9834.54,19690.6279,1974.82
10246.94,19879.42046,2253.17
10595.15,20980.13595,2390.88
10988.65,20454.97751,2127.18
11665.63,22659.25726,1971.89
12362.67,25577.27699,1854.69
13003.7,27074.35838,1781.44
13314.02,29072.54193,1582.2
13484.33,30065.10967,1614.43
13580.2,30680.05712,1576.34
13526.55,31397.59546,1576.34
13445.55,32397.47856,1517.74
13124.72,31937.66598,1602.71
12604.2,31453.65644,1588.06
12175.33,29775.90676,1617.36
11773.77,27853.47939,1696.47
11377.4,26538.26207,1661.31
11063.23,24981.21583,1602.71
10762.0,25076.9134,1655.45
10485.6,22185.30634,1558.76
10098.2,20406.23189,1640.8
9872.67,19327.14595,1652.52
9773.56,18391.55361,1673.03
9696.28,18338.83378,1784.37
9681.95,18726.86439,1983.61
9883.37,19084.19159,2118.39
10169.25,19552.44497,2150.62
10394.22,20321.47219,1898.64
10906.53,22845.62309,1643.73
11360.35,25422.95103,1602.71
11912.13,27451.45112,1573.41
12319.63,30184.37114,1608.57
12446.95,29975.56685,1588.06
12546.73,30808.18143,1508.95
12573.33,31839.57685,1602.71
12529.13,32325.90761,1470.86
12352.63,32749.2489,1558.76
12122.23,32447.87717,1637.87
11974.42,31450.49114,1605.64
11784.85,30261.42861,1634.94
11463.45,27930.6072,1599.78
11036.83,26830.63028,1626.15
10728.73,24772.05984,1614.43
10345.07,23975.49451,1611.5
10098.15,22548.92897,1623.22
9863.41,21791.6837,1646.66
9697.99,20586.79467,1696.47
9539.35,19692.63259,1714.05
9595.54,19613.71111,1772.65
9755.22,19318.81066,1822.46
10014.5,20430.53436,1854.69
10123.92,22081.20314,1766.79
10644.33,24276.86624,1634.94
11174.65,27247.35961,1620.29
11728.3,29623.55032,1555.83
12019.58,30576.27045,1506.02
12320.7,31866.41156,1614.43
12524.57,33619.56572,1488.44
12635.38,34048.81557,1541.18
12640.13,34223.39945,1555.83
12525.75,34784.14993,1479.65
12320.48,33953.71589,1517.74
12157.48,32815.64986,1640.8
12090.5,30954.24244,1544.11
11859.5,29623.44481,1514.81
11519.63,28581.28737,1690.61
11229.83,27119.09462,1634.94
10646.7,25436.91352,1634.94
10229.75,23377.00662,1620.29
10027.03,22119.85497,1637.87
9905.53,21588.29559,1623.22
9896.17,21853.44222,1664.24
10001.38,22096.36141,1716.98
10353.83,22881.81302,1895.71
10838.2,22720.73442,1910.36
11095.45,23959.70318,1799.02
11947.25,26612.36526,1708.19
12770.25,29186.1762,1725.77
13460.02,29698.53276,1889.85
13943.52,31729.42441,1690.61
14079.38,32578.18202,1611.5
14164.33,33174.8059,1617.36
14425.02,33698.8389,1652.52
14457.78,34559.4488,1611.5
14274.25,34087.29155,1670.1
13820.45,33400.45662,1614.43
13375.52,32583.00031,1708.19
12965.42,30508.42752,1758.0
12658.5,29115.34382,1746.28
12099.35,27430.56014,1837.11
11780.7,25683.70141,1816.6
11340.58,23740.94578,1801.95
10783.88,22253.78233,1702.33
10488.98,20756.73611,1758.0
10194.18,20025.97385,1725.77
10125.27,19249.2444,1831.25
10202.65,19009.10364,1945.52
10542.77,18823.3357,2045.14
11123.03,20623.89902,2086.16
11485.5,20194.12162,1986.54
12431.83,22601.68397,1942.59
13220.9,25411.94282,1831.25
13889.7,27727.95766,1760.93
14005.92,29590.77188,1784.37
14121.35,32298.08814,1693.54
14252.55,32584.51262,1596.85
14133.23,33062.50809,1596.85
14045.45,33308.17054,1708.19
13853.97,33495.80249,1673.03
13446.27,33515.07565,1623.22
13050.2,32136.20063,1673.03
12518.95,30483.5975,1857.62
11962.45,28295.84765,1857.62
11561.4,26922.00194,1857.62
11317.5,24720.67647,1845.9
10874.72,23011.06277,1702.33
10505.05,21834.62627,1649.59
10167.99,20220.81565,1632.01
10327.23,19693.93388,1611.5
10107.8,18455.14097,1632.01
10178.09,18408.25936,1769.72
10551.65,19162.86688,1895.71
10903.43,19711.09684,1977.75
11242.48,19067.69686,1881.06
12148.75,21843.27809,1810.74
12947.5,25294.36951,1787.3
13739.92,26074.89732,1807.81
13933.07,27752.92836,1734.56
14064.6,27764.49929,1796.09
14214.52,28118.37983,1775.58
14198.1,28389.99774,1790.23
14080.93,28940.97096,1737.49
13825.63,28983.45632,1734.56
13320.68,28659.22409,1740.42
12817.63,26959.77452,1807.81
12417.47,26096.03449,1793.16
11878.63,24731.12196,1813.67
11405.15,22987.88574,1837.11
11146.48,20895.13006,1799.02
10763.0,19428.22453,1775.58
10304.45,18652.37433,1716.98
10082.77,18038.51715,1758.0
9890.31,17752.23335,1933.8
9826.42,16788.57535,2062.72
9858.38,16822.97161,2042.21
10184.41,17104.12059,2206.29
10579.35,17597.52052,2329.35
10902.77,17729.83006,2021.7
11905.62,20361.10878,1948.45
12958.25,23385.41225,1901.57
13584.05,26109.82113,1819.53
13870.17,27466.85558,1740.42
14032.8,28161.42791,1725.77
14116.67,29615.39088,1719.91
14091.47,29822.12014,1643.73
13990.33,31189.38906,1649.59
13789.52,31058.06428,1626.15
13301.15,30853.02318,1670.1
12861.43,28903.37423,1687.68
12643.97,27491.96696,1784.37
12150.4,26066.31584,1775.58
11743.4,24506.70219,1763.86
11434.72,22707.75669,1690.61
11011.98,21091.41383,1655.45
10568.47,19784.70765,1675.96
10372.98,19002.91372,1684.75
10170.72,18149.90054,1725.77
10026.75,16636.64095,1716.98
10066.25,17097.29761,1886.92
10290.69,17419.20862,2171.13
10691.55,19241.61251,2015.84
11136.63,19864.57872,1819.53
12067.78,22900.73448,1816.6
12959.45,24907.71053,1810.74
13424.07,27054.45216,1763.86
13600.23,28574.14786,1881.06
13783.63,29433.38613,1646.66
13942.3,30390.50251,1649.59
14189.3,31055.95408,1629.08
14022.28,31235.03972,1629.08
13864.73,31209.78766,1614.43
13363.88,30980.09239,1570.48
12930.02,29838.96657,1620.29
12716.13,28466.35181,1693.54
12600.1,26746.01126,1576.34
12189.35,26086.89029,1646.66
13391.9,23613.80623,1596.85
12622.13,22017.86197,1579.27
11180.83,20875.25901,1599.78
10915.65,19007.48582,1620.29
10798.27,18399.39652,1538.25
10656.45,17165.91428,1673.03
10672.6,17920.69765,1863.48
10772.42,18712.51503,1995.33
10827.33,18064.15608,2036.35
11087.8,20660.51099,1749.21
11670.98,22353.73547,1611.5
12499.83,24585.5885,1561.69
13137.45,27165.62453,1719.91
13329.8,27598.74308,1356.59
13537.73,28802.22531,1614.43
13730.88,29604.3475,1418.12
13714.55,29849.34172,1444.49
13609.22,30525.73116,1400.54
13488.05,30891.5695,1435.7
13291.45,30630.64327,1400.54
13191.15,28944.10109,1491.37
13044.98,27840.07962,1485.51
12884.17,27317.34791,1500.16
12643.75,25131.67309,1482.58
12387.85,24102.77474,1485.51
12024.65,22211.29697,1479.65
11442.23,21270.85117,1432.77
11003.0,21075.76318,1459.14
10888.83,20508.26006,1517.74
10819.03,20003.07818,1508.95
10794.65,19837.53299,1541.18
10931.17,20264.77815,1602.71
10964.33,19984.43808,1693.54
11076.83,21412.02355,1579.27
11591.3,23683.90004,1640.8
12355.17,26012.29472,1599.78
12829.42,28078.49705,1549.97
12822.83,29435.00395,1520.67
13167.4,30621.42873,1514.81
13431.35,31589.79951,1511.88
13631.42,32565.62633,1523.6
13541.52,32853.03557,1514.81
13433.37,32979.82342,1500.16
13277.13,32827.57249,1532.39
13037.38,32027.2088,1520.67
12904.53,30477.33724,1652.52
12794.65,28939.07178,1588.06
12583.88,28135.47245,1614.43
11893.88,26579.65716,1649.59
11439.65,25290.53598,1670.1
10972.45,23665.50613,1620.29
10874.13,21899.69077,1632.01
10693.57,20934.83699,1675.96
10540.33,20893.0902,1611.5
10624.95,21136.18524,1719.91
10902.9,21869.90178,1892.78
11249.45,22512.21149,1872.27
11825.68,22869.67937,1790.23
12935.65,25264.65086,1790.23
13835.75,27220.45456,1734.56
14237.02,29292.10824,1605.64
14445.83,30328.70882,1626.15
14682.0,32139.64729,1655.45
14631.17,32211.18307,1432.77
14687.38,32873.96172,1426.91
14667.22,33584.78259,1421.05
14525.98,34898.80413,1380.03
14139.45,34121.75815,1447.42
13776.58,33004.86446,1415.19
13531.03,31320.53799,1523.6
13129.1,30031.663,1561.69
12574.08,27864.94481,1599.78
12360.35,25891.73196,1552.9
11808.7,24313.86508,1520.67
11297.4,23254.82604,1473.79
11620.15,21909.92524,1462.07
11145.63,20763.03154,1479.65
10828.45,19367.0639,1450.35
10757.0,19586.45436,1576.34
11080.42,20581.06196,1822.46
11430.13,22663.548,1936.73
11889.13,24032.54025,1702.33
12953.92,25536.55013,1658.38
13767.68,28466.91453,1558.76
14436.0,30842.89422,1596.85
14650.68,32814.3134,1432.77
14734.85,32640.5736,1465.0
14827.35,33779.48371,1394.68
14860.15,34474.09121,1429.84
14829.1,35106.02577,1341.94
14615.57,35809.21475,1380.03
14146.3,34748.10068,1412.26
13730.5,33414.3136,1494.3
13480.5,31690.45605,1570.48
13088.88,30576.0946,1608.57
12643.97,28880.37305,1588.06
12139.75,26953.30324,1538.25
11603.32,24878.06222,1579.27
11108.55,23713.05597,1538.25
10885.77,22839.08147,1629.08
10640.23,23124.94323,1626.15
10489.5,22153.33681,1696.47
10491.63,21850.62862,1904.5
10865.85,21825.97445,2135.97
11277.4,23467.00665,2185.78
11660.63,24336.9366,1845.9
13839.1,27017.66434,1784.37
13615.22,29107.0437,1766.79
14248.75,30634.86367,1719.91
14516.55,32090.19827,1693.54
14611.78,31933.55109,1590.99
14790.35,32695.61465,1708.19
14769.92,33374.81769,1465.0
14708.35,34301.08998,1514.81
14435.33,34088.76869,1585.13
13887.83,34338.01848,1529.46
13532.48,32253.45741,1614.43
13295.3,30902.57771,1681.82
13034.5,29191.90891,1749.21
12632.3,27756.09366,1678.89
12360.63,25408.77752,1702.33
11561.55,23102.4696,1632.01
11008.23,21797.6626,1596.85
10750.75,20816.0679,1608.57
10630.6,20867.7678,1579.27
10557.42,20300.37019,1567.55
10678.48,20466.02089,1731.63
10951.15,21282.14074,2015.84
11331.05,21693.38355,2083.23
11867.42,22782.28192,1784.37
12671.55,25175.77627,1716.98
13648.25,27887.45361,1649.59
14273.05,30912.35497,1614.43
14513.77,32011.31196,1508.95
14704.33,33351.711,1576.34
14806.15,34721.01978,1523.6
14859.72,35394.52528,1500.16
14726.33,36292.45055,1476.72
14467.4,36324.52559,1473.79
14063.9,35781.32494,1503.09
13535.17,34503.73952,1535.32
13443.1,32912.01566,1599.78
13100.85,30702.63626,1617.36
12478.13,29225.07422,1462.07
12012.43,26923.93629,1634.94
11600.2,25350.60634,1544.11
11136.25,23447.17077,1541.18
10773.33,22793.3253,1497.23
10687.25,21833.64151,1511.88
10548.9,21410.68709,1485.51
10584.17,21619.66723,1570.48
10816.6,22208.27235,1784.37
11221.38,23998.03848,1796.09
11710.42,24627.61665,1755.07
12436.63,27729.68099,1626.15
13398.52,29896.32884,1605.64
14050.02,30913.93762,1479.65
16246.52,33831.00776,1394.68
18352.7,35027.5615,1397.61
14627.3,36450.25834,1347.8
14662.83,37061.16124,1321.43
14501.83,37880.37605,1368.31
14285.15,38213.78765,1344.87
13908.63,37649.94221,1324.36
13445.98,36038.62866,1415.19
13253.8,34496.74069,1511.88
12853.07,32502.63686,1561.69
12316.48,30341.05349,1473.79
11937.17,29145.97689,1561.69
11323.27,26348.51992,1570.48
10949.13,24706.32711,1511.88
10782.7,24277.42896,1506.02
10799.42,23185.99835,1538.25
10565.2,22765.85753,1535.32
10530.83,23204.95498,1593.92
10649.88,23362.76277,1620.29
10798.92,24250.17221,1684.75
11120.2,26773.30318,1661.31
11727.55,29349.25949,1564.62
12151.35,29789.13068,1488.44
12657.05,31551.007,1473.79
13007.2,32298.86188,1403.47
13132.53,33061.87503,1611.5
13311.05,33291.67581,1418.12
13418.83,34366.82271,1418.12
13471.85,35211.04339,1388.82
13368.27,35584.90049,1382.96
13164.45,34842.74315,1421.05
12961.43,34308.29983,1409.33
12894.3,32063.64492,1491.37
12700.43,30054.5235,1506.02
12346.67,28584.87471,1547.04
11916.8,27863.71386,1508.95
11363.05,25759.84446,1506.02
10915.28,23826.05718,1465.0
10527.45,22516.99461,1400.54
10447.92,22219.56192,1497.23
10440.48,22180.41771,1441.56
10447.02,21903.77049,1535.32
10572.95,22640.40614,1573.41
10728.88,23248.14374,1652.52
10949.47,25057.2182,1552.9
11319.38,27471.74421,1535.32
11969.05,29491.76833,1432.77
12511.62,30464.04298,1403.47
12720.85,31948.00596,1365.38
13084.52,33114.03214,1350.73
13150.75,34770.15227,1362.45
13324.75,35675.46324,1371.24
13331.9,36839.97711,1377.1
13069.82,36831.50114,1300.92
13030.63,36499.70736,1353.66
12844.9,34740.96117,1350.73
12776.58,33151.41785,1409.33
12556.78,30551.01839,1447.42
12344.25,28758.89587,1406.4
11892.3,27894.7338,1429.84
11240.25,27011.6151,1421.05
11147.65,26454.48713,1421.05
11222.45,23964.87317,1423.98
11294.1,22283.50098,1394.68
11185.05,21636.51366,1444.49
10938.75,23800.31274,1547.04
11148.35,26111.93133,1617.36
11491.63,27627.51214,1614.43
11858.3,28991.6861,1608.57
18833.5,31078.14635,1447.42
20920.08,32146.0834,1412.26
21765.78,33135.66169,1336.08
21245.68,34988.69865,1406.4
20757.08,35519.9415,1254.04
20709.22,35887.53834,1374.17
20827.03,36807.97241,1365.38
20584.55,36904.9361,1382.96
20323.75,37351.52476,1368.31
19644.15,36334.8304,1415.19
18751.45,34029.40173,1476.72
17350.55,32509.7412,1585.13
16494.7,30896.31745,1620.29
16577.92,28600.9474,1708.19
19644.63,26933.22117,1588.06
19686.9,24608.37866,1532.39
19046.78,23172.95028,1432.77
18094.53,21040.06563,1459.14
17597.53,19571.43677,1462.07
16811.9,19136.87625,1506.02
16956.2,19533.418,1547.04
17843.65,21027.72096,1649.59
18228.2,22829.05802,1740.42
16604.75,24397.32349,1596.85
17217.88,27330.32564,1632.01
19375.22,29824.08966,1596.85
19606.6,30580.73704,1506.02
19331.17,32392.44925,1441.56
19498.95,32363.46917,1403.47
19764.08,33126.623,1347.8
19853.25,34337.06889,1347.8
20095.28,34747.04558,1362.45
19953.3,34651.62937,1362.45
19359.63,34150.28102,1418.12
18660.38,32268.05296,1403.47
17966.07,31286.31758,1573.41
16926.92,29283.03438,1564.62
17034.15,27686.49223,1596.85
19583.45,25333.61923,1517.74
19023.63,23949.29286,1500.16
17676.8,22427.5573,1391.75
17703.38,20860.62829,1435.7
17634.9,19079.26779,1406.4
16861.75,17918.69296,1438.63
16980.47,20128.88127,1511.88
16927.03,19432.79663,1637.87
16990.28,21927.12337,1758.0
16211.5,22188.85851,1637.87
17523.5,24394.15819,1567.55
18833.22,26919.36419,1435.7
19486.1,28085.7069,1514.81
18908.75,30208.63844,1429.84
19045.82,31282.06201,1303.85
19114.78,33435.0639,1397.61
19255.25,33685.65015,1347.8
19356.2,34949.34342,1262.83
18942.9,34447.9599,1356.59
18500.82,34314.84145,1406.4
17811.67,33152.05091,1459.14
17436.9,31925.81369,1503.09
15921.17,28855.75405,1675.96
15547.1,26674.79201,1737.49
18703.9,24723.94728,1500.16
18090.52,23195.14255,1435.7
17985.35,22408.45999,1403.47
16855.97,20675.3879,1456.21
16866.58,19500.85058,1423.98
16464.83,19273.5117,1538.25
16543.48,19298.55274,1576.34
16652.65,19916.52481,1678.89
16664.88,20845.6107,1705.26
15276.15,22023.31332,1640.8
16616.47,24775.8582,1497.23
18452.75,27075.9762,1535.32
18474.95,26421.60318,1517.74
17902.35,29367.47755,1585.13
17839.95,29268.64985,1520.67
17887.2,29953.9373,1520.67
17846.8,30494.00782,1532.39
17870.65,31006.01268,1497.23
17681.97,30720.6433,1547.04
17061.23,29929.38864,1582.2
16403.78,28326.44555,1661.31
14797.5,26420.16121,1599.78
14084.93,25046.6672,1634.94
14519.5,23932.16507,1734.56
16882.88,22137.01793,1608.57
16386.55,19954.08637,1544.11
16153.72,18890.33455,1517.74
15286.95,18384.73063,1614.43
15315.75,16110.95496,1564.62
14910.78,17364.37859,1643.73
14951.73,17108.72786,1670.1
15176.35,16783.58121,1787.3
15513.53,17396.8405,1825.39
14585.53,19764.69592,1728.7
15252.67,22210.31221,1693.54
16216.17,24044.70907,1634.94
17369.68,25839.7507,1590.99
16977.67,26769.11795,1567.55
17125.85,27365.70666,1582.2
17365.08,28152.81126,1532.39
17360.63,28367.27792,1514.81
17357.4,29579.34163,1558.76
17180.47,30062.04988,1511.88
16708.35,30000.7134,1590.99
16000.88,28611.28738,1573.41
14920.2,26049.99696,1634.94
13973.53,24476.77252,1567.55
15477.17,23322.10625,1561.69
16683.18,22401.63701,1544.11
16179.42,20919.15117,1520.67
15773.72,20058.36542,1456.21
13597.32,19343.21864,1494.3
13535.27,18894.30876,1470.86
12519.95,16962.03379,1576.34
12514.72,16446.47676,1646.66
12643.1,16258.3876,1699.4
12751.05,16488.61042,1702.33
13510.95,18263.11277,1752.14
14824.25,22312.69208,1547.04
15447.9,24460.10194,1573.41
16523.2,26480.02055,1552.9
16648.3,26720.89988,1473.79
16886.58,27559.63404,1497.23
17267.9,28422.24863,1549.97
17318.4,29670.4671,1570.48
17448.67,29857.39565,1840.04
17520.95,30267.58336,1397.61
17248.3,30007.81774,1435.7
16924.95,29255.1094,1444.49
16457.17,27751.13469,1462.07
15740.88,26195.28423,1508.95
14660.0,24687.86286,1494.3
14257.05,23595.02545,1444.49
13741.65,22431.25015,1503.09
13390.38,21569.51481,1453.28
13101.42,20705.38791,1491.37
12757.0,20233.01964,1535.32
12150.15,18909.88907,1538.25
12168.32,18281.0143,1588.06
12280.1,18516.3016,1561.69
12396.57,17866.43034,1708.19
13584.73,22066.57242,1523.6
14909.58,25029.25805,1535.32
15390.88,26814.27623,1567.55
16046.52,27775.36682,1497.23
16353.72,28795.29682,1532.39
16683.4,29147.03199,1462.07
17022.15,29825.74265,1426.91
17071.72,30508.11099,1327.29
17204.0,31162.41367,1324.36
18235.03,31717.22042,1321.43
18157.47,31469.94015,1374.17
16837.3,29922.88219,1374.17
16352.08,29025.23828,1470.86
16129.88,28037.03162,1459.14
15703.6,26877.75808,1520.67
15389.23,25703.32627,1473.79
15557.13,23809.98449,1506.02
16160.45,22952.9971,1497.23
15816.52,22159.17503,1485.51
15382.35,20704.86036,1488.44
14995.7,20332.30455,1459.14
14983.43,20855.28245,1661.31
13726.23,21567.36944,1681.82
14234.32,21922.23474,1705.26
15040.75,23936.45581,1643.73
16020.0,25522.30628,1585.13
17728.1,27757.2191,1473.79
18217.25,29392.34274,1470.86
17467.9,30660.64328,1385.89
17935.65,31709.76438,1365.38
18109.05,32418.19369,1350.73
17721.6,33230.65586,1339.01
17350.6,33968.66314,1277.48
17203.47,34694.5016,1274.55
16811.6,33664.82951,1327.29
16407.15,32618.0648,1380.03
16162.23,30945.48511,1400.54
15526.55,29175.09765,1514.81
16022.98,26994.48731,1374.17
18105.97,24723.1032,1497.23
18595.78,24156.54967,1418.12
18172.5,23526.30327,1403.47
17541.03,21738.01428,1409.33
17151.97,20810.01866,1377.1
17035.3,19388.37692,1429.84
16972.95,19591.27265,1503.09
17456.13,21563.7821,1690.61
15272.6,22310.47637,1708.19
15243.82,23741.08646,1579.27
16695.9,26139.01223,1547.04
18049.3,27786.7619,1678.89
18744.63,29773.62071,1418.12
17869.0,30898.28697,1318.5
18062.95,32294.57114,1397.61
18471.32,33300.82001,1344.87
18375.18,34021.91052,1368.31
18339.0,34866.16637,1286.27
18093.45,34624.865,1192.51
17687.7,34183.86837,1256.97
17210.38,32989.70619,1388.82
16833.08,30785.18025,1371.24
15459.05,28138.4619,1438.63
16312.63,26701.02883,1409.33
18342.85,23651.36779,1506.02
17380.2,22537.42838,1503.09
17084.78,22251.32043,1511.88
16120.75,20286.86491,1403.47
15974.1,19145.31705,1418.12
15580.9,19424.14481,1423.98
15639.7,19638.36528,1494.3
15838.48,19820.4052,1655.45
17075.28,22463.99342,1664.24
14848.8,22854.48593,1699.4
15317.63,22888.17879,1658.38
15745.7,22507.7449,1626.15
15310.65,22278.04963,1593.92
15804.3,24057.22959,1526.53
16038.4,24833.60734,1491.37
16077.95,25403.57236,1549.97
16102.83,26157.58199,1585.13
16027.63,26805.58924,1567.55
15737.52,27242.85785,2218.01
15404.05,26891.22819,1749.21
14923.92,26559.53992,1535.32
14532.02,27046.74993,1567.55
13618.12,25017.40576,1728.7
14413.48,23200.48839,1491.37
17339.28,21805.29449,1535.32
16839.85,20138.86955,1426.91
16353.85,19343.39449,1385.89
15519.48,17884.96493,1438.63
14929.1,16917.19204,1506.02
15229.2,16358.79795,1570.48
14997.58,16188.53998,1588.06
14987.48,17590.87339,1968.96
14827.3,18665.0707,1687.68
14655.38,20032.58581,1652.52
15433.73,22924.8611,1535.32
16611.65,25061.68479,1681.82
17490.13,26536.22221,1523.6
16688.95,27402.91652,1500.16
16582.7,28179.78665,1377.1
17016.25,29384.04262,1406.4
17000.67,30555.55532,1268.69
16972.2,31365.83695,1330.22
16743.17,31515.23911,1344.87
16254.75,30768.8262,1341.94
15622.78,29251.83859,1362.45
15576.17,29364.31225,1582.2
14874.33,27194.4991,1447.42
15333.63,25851.81401,1462.07
18016.03,23393.88822,1380.03
17704.7,21951.10931,1344.87
17307.33,20710.76892,1341.94
17088.53,20251.2377,1397.61
16610.72,19062.45653,1344.87
16916.58,19414.8951,1380.03
16188.98,18171.17839,1406.4
16483.17,18622.05779,1652.52
16024.0,20935.25903,1837.11
15212.58,22815.79893,1576.34
16133.22,25233.34956,1503.09
17780.53,26710.59507,1716.98
18194.05,27452.47105,1667.17
17814.32,29830.70162,1303.85
18013.0,30615.09813,1268.69
18363.8,32457.93579,1280.41
18521.05,33548.80368,1218.88
18511.65,34022.68426,1221.81
18352.7,34680.29292,1195.44
17957.2,34495.72076,1271.62
17316.6,33203.43428,1412.26
16442.38,30122.92915,1377.1
15224.25,27534.06545,1344.87
15316.95,27269.30569,1385.89
18769.48,25966.78474,1303.85
18365.67,24844.19351,1380.03
17871.47,23510.82847,1324.36
16774.15,21990.35903,1295.06
14620.08,21813.62978,1283.34
14028.42,21124.93084,1315.57
13820.63,21254.49712,1406.4
13852.35,21874.01667,1465.0
14371.58,22822.30538,1617.36
15300.85,24703.58385,1520.67
16296.6,26797.74633,1365.38
17120.2,28348.00476,1339.01
17684.4,29359.10709,1274.55
18115.92,30314.14844,1201.3
18515.0,30879.18966,1195.44
18885.13,32555.60288,1394.68
19057.55,33470.9373,1643.73
19170.32,33852.95384,1201.3
19064.08,33670.3512,1172.0
18879.22,33629.37815,1268.69
18705.0,32784.31339,1312.64
18280.8,31190.12763,1283.34
17551.67,28789.35309,1315.57
17043.25,26969.97382,1297.99
16268.15,26112.59956,1382.96
15151.1,25823.85386,1330.22
14741.4,25259.76223,1274.55
14514.17,24686.73742,1306.78
14305.85,24252.63411,1333.15
14157.73,24382.6576,1289.2
14198.1,24622.76319,1341.94
14458.3,25158.96501,1397.61
15542.85,26296.32764,1368.31
16661.83,28556.91456,1239.39
17144.08,29282.99921,1169.07
18098.5,30523.05824,1350.73
18626.4,31626.76318,1119.26
19050.02,32513.36371,1213.02
19455.83,33426.72861,1564.62
19681.97,33861.74634,1098.75
20971.88,36281.0203,1031.36
20746.17,36763.72855,1066.52
20479.22,36901.24325,1116.33
20240.35,36717.48,1157.35
19708.22,35942.6849,1139.77
19087.25,33603.84473,1218.88
18520.53,31688.27551,1259.9
17869.13,29590.42018,1180.79
18071.32,27952.72913,1215.95
19805.88,27002.71709,1221.81
19505.35,25766.9488,1195.44
19371.6,25459.52783,1189.58
18891.58,25162.34133,1213.02
18924.75,25070.40695,1227.67
16809.88,25678.74244,1198.37
17041.85,28259.58738,1341.94
17810.63,30572.05005,1268.69
18550.42,30834.10172,1256.97
19771.67,33087.79532,1160.28
20870.57,35646.76452,1092.89
21643.07,37309.0394,1054.8
19905.05,38470.95069,1046.01
20284.58,39017.31664,1189.58
20631.65,39969.01684,1160.28
20347.18,39973.5186,1139.77
20429.47,40320.9982,1081.17
20172.17,40512.95606,1060.66
19637.58,40519.53285,1063.59
19120.75,39230.44684,1078.24
19172.47,38903.22516,1295.06
18554.27,36558.1599,1166.14
18777.0,33450.67938,1157.35
21385.9,30103.97252,1101.68
20666.3,27589.66922,1128.05
20362.0,25948.67219,1104.61
20234.9,25595.74124,1107.54
20108.63,25550.44228,1130.98
20206.65,26386.25733,1213.02
20193.75,27262.3772,1148.56
21119.1,28412.36586,1248.18
21895.55,31971.60503,1224.74
19891.82,33330.18696,1204.23
20708.35,35943.52898,1119.26
22049.18,39267.90289,1119.26
22419.57,40048.95825,1154.42
20419.95,40689.50946,1582.2
20713.7,41172.63975,1259.9
20844.05,42451.77265,1084.1
20848.4,42684.4222,1040.15
20951.88,42943.6251,1089.96
20817.13,43323.88314,1019.64
20404.3,42623.85946,1084.1
19125.15,39698.59471,1133.91
19098.63,40252.34636,1169.07
17937.63,37545.7335,1339.01
19003.9,34311.32445,1204.23
21603.67,31330.52627,1130.98
21043.35,29721.56911,1157.35
20814.25,28109.93903,1154.42
20149.83,26307.44136,1157.35
20728.55,26098.28537,1201.3
20567.13,27077.66436,1195.44
20277.0,27869.44657,1286.27
21247.1,30228.12262,1412.26
20119.78,34393.65742,1421.05
19120.83,36254.57246,1350.73
20357.55,38813.08445,1318.5
21285.9,39097.71526,1207.16
21829.72,40931.72525,1125.12
20014.0,42166.43844,1432.77
19949.97,42565.61794,1432.77
18938.92,42705.1725,1145.63
19362.55,43001.93696,1101.68
19316.0,43227.7987,1119.26
19115.93,43398.0215,1060.66
18811.5,42900.26049,1063.59
18141.58,42170.69401,1078.24
17618.63,40815.4884,1262.83
17099.85,38049.0162,1362.45
17799.65,36044.78341,1382.96
21070.95,34982.05152,1286.27
20261.85,33247.67814,1213.02
19656.97,30966.72779,1213.02
19371.22,29988.01703,1218.88
19187.15,29357.59478,1166.14
19005.15,30036.79782,1215.95
19081.88,30661.73355,1262.83
20246.47,32981.51158,1394.68
20795.68,35374.23219,1432.77
19186.72,36557.56201,1388.82
19020.42,36468.65225,1412.26
19631.97,36696.20215,1254.04
20350.3,38492.1582,1186.65
18908.2,39137.00015,1157.35
18722.97,39414.3156,1271.62
18675.35,40181.3733,1400.54
18931.45,40179.9665,1107.54
18746.05,40430.90445,1040.15
18470.3,40653.17885,1251.11
18096.42,39887.7038,1368.31
17436.0,37608.86365,1242.32
16861.7,35246.98713,1210.09
16568.13,35121.35989,1488.44
16419.07,33859.24927,1321.43
19326.88,31710.64363,1254.04
19142.8,28555.89463,1224.74
19414.83,27381.81452,1221.81
19565.75,27629.37615,1215.95
17030.08,26058.43776,1174.93
18732.22,27481.59181,1239.39
19136.85,29499.22437,1286.27
20201.47,30584.92227,1435.7
19751.68,33003.528,1456.21
18180.38,32005.22755,1459.14
18391.1,33601.52351,1391.75
18617.03,33941.65258,1397.61
18716.0,33974.67721,1409.33
17467.63,35182.09848,1406.4
17317.57,36474.1036,1315.57
17538.0,37255.15896,1201.3
17631.3,37870.10641,1166.14
17485.3,37362.74399,1081.17
17220.2,37016.24915,1169.07
16640.0,35543.68125,1192.51
15430.55,34290.3983,1236.46
15392.5,33011.12472,1295.06
15008.08,31064.14869,1385.89
15455.35,30214.05462,1347.8
18679.53,29073.70254,1315.57
18499.3,26998.21533,1248.18
18574.4,25885.68272,1245.25
17219.13,24715.61199,1213.02
16020.53,24321.1101,1204.23
14666.88,23039.83183,1256.97
14913.35,23887.95638,1318.5
15264.9,24525.20161,1374.17
15907.6,25972.30643,1412.26
16877.65,29129.27114,1652.52
16988.55,31649.51817,1280.41
17553.15,32704.40715,1283.34
17706.0,33573.07098,1215.95
17899.28,34299.47216,1113.4
18162.07,34970.2344,1113.4
18369.45,35278.92149,1089.96
18511.72,35592.21585,1048.94
18347.78,35480.5511,1195.44
18198.68,35751.18425,1292.13
18022.48,35320.42209,1113.4
17649.05,34450.94935,1130.98
17302.55,32959.45999,1166.14
16796.38,31454.78188,1224.74
15990.12,30186.65719,1201.3
15787.38,29140.42003,1204.23
15563.7,27984.24145,1221.81
15101.0,26594.99128,1248.18
14888.7,26163.49055,1233.53
14738.27,25604.63925,1268.69
14701.35,24994.29907,1251.11
14770.03,25492.13042,1271.62
14941.45,26186.21037,1362.45
15278.73,26788.70764,1385.89
15981.42,29452.23725,1268.69
16995.3,31162.34333,1248.18
17229.47,32218.81496,1277.48
17589.55,33512.36756,1148.56
17914.47,34207.32676,1095.82
18160.57,34890.89088,1087.03
18510.63,35610.08221,1069.45
18886.67,36471.39551,1069.45
19100.7,37673.22475,1072.38
19090.53,37491.11449,1148.56
18807.35,37526.0383,1084.1
18454.42,36920.51641,1104.61
18106.55,35005.08787,1177.86
17581.25,33738.68651,1151.49
16932.28,31839.15481,1092.89
17866.47,30474.31262,1210.09
18874.53,29494.37091,1172.0
18817.63,28403.6437,1160.28
18429.25,28108.25087,1236.46
18194.53,27631.27533,1145.63
18061.08,26971.55647,1224.74
15893.48,26687.38287,1309.71
16299.1,28429.81018,1444.49
17061.65,30506.49317,1391.75
18153.88,31542.03865,1333.15
18477.3,33925.79091,1262.83
19037.75,34873.37622,1195.44
19312.47,35844.5606,1139.77
18557.35,37896.3784,1054.8
18232.75,41580.96345,1139.77
19983.5,41728.04439,1128.05
19262.25,41615.71141,1078.24
18811.47,42046.19221,1130.98
18661.77,41952.5345,1098.75
18299.08,41052.35835,1142.7
17883.1,40305.34755,1180.79
17465.82,38567.0703,1262.83
16975.08,36296.77646,1262.83
17614.13,34123.37597,1283.34
20357.35,30789.29514,1192.51
19882.45,29524.54677,1227.67
19559.38,28171.24034,1254.04
19596.47,27557.73486,1292.13
18957.72,25920.85272,1236.46
18228.5,25370.51256,1309.71
18135.75,26512.5528,1344.87
19319.67,28783.09283,1447.42
18262.43,29280.46697,1426.91
17975.03,30704.39476,1403.47
18102.38,32550.99561,1324.36
18879.78,34088.13563,1236.46
19530.42,35759.83607,1233.53
18085.9,38046.02675,1189.58
17826.85,38239.18039,1485.51
18515.6,39970.0016,1614.43
17985.83,40743.10854,1277.48
18151.6,41417.2471,1254.04
18047.88,41734.76186,1242.32
17771.97,41469.82625,1192.51
17113.8,40348.95835,1438.63
16818.55,38762.6155,1259.9
16475.53,37048.53521,1409.33
17174.63,34699.95295,1321.43
20853.9,32539.95223,1189.58
19984.55,30231.7803,1280.41
19726.75,28856.59813,1327.29
18763.75,26504.18234,1256.97
18007.3,24977.0306,1230.6
17870.83,24911.33304,1295.06
17743.15,25791.84916,1327.29
17454.63,27375.6246,1447.42
17461.27,29414.11297,1482.58
16927.95,30891.95637,1327.29
17389.47,32636.98626,1286.27
18382.13,35163.17702,1148.56
18900.38,36392.61471,1145.63
17682.67,37965.20609,1125.12
17924.17,38052.95524,1122.19
18169.1,38932.06456,1210.09
18143.25,39942.9207,1130.98
18186.9,41603.92946,1189.58
17999.1,41431.3151,1201.3
17659.85,41290.10755,1163.21
17026.47,39789.5795,1274.55
16406.83,37181.44264,1210.09
14407.97,33508.67471,1166.14
16334.35,32885.32163,1277.48
20114.5,30825.55541,1470.86
18910.38,28779.04828,1230.6
18738.52,27263.4323,1210.09
17939.78,26335.22566,1227.67
17869.17,26051.8258,1268.69
17598.55,25202.50547,1251.11
17732.75,25365.87012,1362.45
18946.4,27008.4498,1681.82
19276.03,28424.53468,1462.07
17356.92,29936.63366,1394.68
17690.07,32867.59595,1359.52
18561.42,34559.30812,1210.09
19217.1,36409.0391,1248.18
18573.45,38523.03746,1221.81
18396.67,38788.46545,1213.02
45801.63,39712.9089,1274.55
55889.97,39837.4107,1233.53
61543.45,40582.13545,1271.62
61391.5,40522.94434,1204.23
61021.82,40548.72395,1142.7
60512.1,39383.19015,1221.81
59433.18,37117.18705,1280.41
57750.78,34116.48265,1702.33
60840.53,32550.22187,1251.11
64029.98,30154.79317,1274.55
63052.57,28008.89562,1239.39
62082.83,26585.53055,1259.9
61401.13,24991.41513,1280.41
61227.38,23827.39364,1248.18
61158.9,23097.22927,1242.32
61244.1,24301.55558,1309.71
60231.38,25933.51392,1637.87
59095.55,27901.45127,1415.19
60103.18,29719.03687,1394.68
60677.58,32131.41751,1318.5
61331.77,33780.50364,1280.41
61723.75,35136.2368,1166.14
61048.15,36151.41885,1177.86
61054.03,36175.05309,1189.58
61136.68,36788.62891,1130.98
61143.85,37284.24455,1230.6
61057.8,38500.84519,1286.27
60745.2,38372.68571,1169.07
60223.98,37666.47211,1204.23
59652.1,36371.65339,1142.7
58522.7,33218.66289,1552.9
56886.03,30958.18148,1274.55
58266.57,30771.11225,1265.76
61164.65,29218.04022,1204.23
60592.35,27680.05612,1265.76
